scenario_type,sender,subject,body,organization,is_phishing,timestamp
social_media,service_3281@vk-security.ru,Важное уведомление от Telegram,Ваш аккаунт Telegram был временно заблокирован...,Telegram,True,2024-11-02 12:47:30.284602
social_media,service_5408@vk-security.ru,Важное уведомление от Одноклассники,Обнаружен подозрительный вход в ваш профиль Одноклассники...,Одноклассники,True,2024-11-09 12:47:30.284622
bank,service_4141@security-bank.ru,Важное уведомление от Тинькофф,Служба безопасности Тинькофф: обнаружена попытка входа из Екатеринбург...,Тинькофф,True,2024-11-24 12:47:30.284634
social_media,service_3121@ok-account.ru,Важное уведомление от ВКонтакте,Ваш аккаунт ВКонтакте был временно заблокирован...,ВКонтакте,True,2024-11-28 12:47:30.284644
government,service_7146@gov-services.ru,Важное уведомление от Госуслуги,Портал Госуслуг: Вам начислена компенсация 8482 руб...,Госуслуги,True,2024-11-11 12:47:30.284653
bank,service_7603@bank-online.ru,Важное уведомление от Тинькофф,"Уважаемый клиент Тинькофф, Ваша карта временно заблокирована...",Тинькофф,True,2024-11-04 12:47:30.284663
bank,service_9130@secure-banking.ru,Важное уведомление от Сбербанк,Служба безопасности Сбербанк: обнаружена попытка входа из Москва...,Сбербанк,True,2024-11-06 12:47:30.284673
government,service_1057@gov-services.ru,Важное уведомление от Госуслуги,Портал Госуслуг: Вам начислена компенсация 13313 руб...,Госуслуги,True,2024-11-07 12:47:30.284682
government,service_9191@tax-portal.ru,Важное уведомление от МВД России,Портал Госуслуг: Вам начислена компенсация 13423 руб...,МВД России,True,2024-11-14 12:47:30.284691
government,service_4766@tax-portal.ru,Важное уведомление от МВД России,Уведомление о штрафе: 1524 руб. Оплатите в течение 9 дней...,МВД России,True,2024-11-09 12:47:30.284701
social_media,service_6181@ok-account.ru,Важное уведомление от Одноклассники,Ваш аккаунт Одноклассники был временно заблокирован...,Одноклассники,True,2024-11-09 12:47:30.284710
government,service_3943@tax-portal.ru,Важное уведомление от МВД России,Уведомление о штрафе: 3683 руб. Оплатите в течение 10 дней...,МВД России,True,2024-11-21 12:47:30.284719
social_media,service_6130@ok-account.ru,Важное уведомление от Telegram,Ваш аккаунт Telegram был временно заблокирован...,Telegram,True,2024-11-16 12:47:30.284730
online_shop,service_1550@delivery-express.ru,Важное уведомление от Wildberries,Ваш заказ #300439 из Wildberries готов к выдаче...,Wildberries,True,2024-11-03 12:47:30.284740
social_media,service_5263@telegram-verify.ru,Важное уведомление от Telegram,Обнаружен подозрительный вход в ваш профиль Telegram...,Telegram,True,2024-11-14 12:47:30.284749
social_media,service_2852@telegram-verify.ru,Важное уведомление от Telegram,Ваш аккаунт Telegram был временно заблокирован...,Telegram,True,2024-11-19 12:47:30.284759
online_shop,service_9442@online-shop.ru,Важное уведомление от Wildberries,Ваш заказ #522151 из Wildberries готов к выдаче...,Wildberries,True,2024-11-08 12:47:30.284768
bank,service_5288@security-bank.ru,Важное уведомление от Альфа-Банк,Служба безопасности Альфа-Банк: обнаружена попытка входа из Санкт-Петербург...,Альфа-Банк,True,2024-10-31 12:47:30.284778
social_media,service_1237@telegram-verify.ru,Важное уведомление от Telegram,Обнаружен подозрительный вход в ваш профиль Telegram...,Telegram,True,2024-11-14 12:47:30.284787
social_media,service_2120@ok-account.ru,Важное уведомление от Одноклассники,Ваш аккаунт Одноклассники был временно заблокирован...,Одноклассники,True,2024-11-22 12:47:30.284795
online_shop,service_5327@delivery-express.ru,Важное уведомление от Wildberries,Получите скидку 83% в Wildberries прямо сейчас!,Wildberries,True,2024-11-17 12:47:30.284806
social_media,service_4499@telegram-verify.ru,Важное уведомление от Одноклассники,Ваш аккаунт Одноклассники был временно заблокирован...,Одноклассники,True,2024-11-05 12:47:30.284814
online_shop,service_2396@delivery-express.ru,Важное уведомление от Wildberries,Ваш заказ #966544 из Wildberries готов к выдаче...,Wildberries,True,2024-10-31 12:47:30.284823
bank,service_6584@bank-online.ru,Важное уведомление от Тинькофф,"Уважаемый клиент Тинькофф, Ваша карта временно заблокирована...",Тинькофф,True,2024-11-15 12:47:30.284832
online_shop,service_4738@online-shop.ru,Важное уведомление от Wildberries,Получите скидку 50% в Wildberries прямо сейчас!,Wildberries,True,2024-11-08 12:47:30.284841
social_media,service_7527@ok-account.ru,Важное уведомление от ВКонтакте,Ваш аккаунт ВКонтакте был временно заблокирован...,ВКонтакте,True,2024-11-15 12:47:30.284850
social_media,service_4497@telegram-verify.ru,Важное уведомление от ВКонтакте,Ваш аккаунт ВКонтакте был временно заблокирован...,ВКонтакте,True,2024-10-31 12:47:30.284860
social_media,service_4704@telegram-verify.ru,Важное уведомление от Telegram,Ваш аккаунт Telegram был временно заблокирован...,Telegram,True,2024-11-12 12:47:30.284869
social_media,service_5421@vk-security.ru,Важное уведомление от Telegram,Обнаружен подозрительный вход в ваш профиль Telegram...,Telegram,True,2024-11-09 12:47:30.284878
bank,service_8789@secure-banking.ru,Важное уведомление от ВТБ,Служба безопасности ВТБ: обнаружена попытка входа из Екатеринбург...,ВТБ,True,2024-11-10 12:47:30.284888
online_shop,service_5648@delivery-express.ru,Важное уведомление от Wildberries,Ваш заказ #297690 из Wildberries готов к выдаче...,Wildberries,True,2024-11-19 12:47:30.284898
social_media,service_2710@ok-account.ru,Важное уведомление от Одноклассники,Ваш аккаунт Одноклассники был временно заблокирован...,Одноклассники,True,2024-11-24 12:47:30.284907
government,service_7297@gov-services.ru,Важное уведомление от ФНС России,Портал Госуслуг: Вам начислена компенсация 8589 руб...,ФНС России,True,2024-11-05 12:47:30.284917
online_shop,service_8015@market-delivery.ru,Важное уведомление от Яндекс.Маркет,Получите скидку 88% в Яндекс.Маркет прямо сейчас!,Яндекс.Маркет,True,2024-11-02 12:47:30.284926
bank,service_4793@secure-banking.ru,Важное уведомление от Сбербанк,"Уважаемый клиент Сбербанк, Ваша карта временно заблокирована...",Сбербанк,True,2024-11-13 12:47:30.284935
online_shop,service_8830@market-delivery.ru,Важное уведомление от Ozon,Получите скидку 76% в Ozon прямо сейчас!,Ozon,True,2024-11-07 12:47:30.284944
social_media,service_2430@ok-account.ru,Важное уведомление от Telegram,Обнаружен подозрительный вход в ваш профиль Telegram...,Telegram,True,2024-11-08 12:47:30.284952
social_media,service_5810@ok-account.ru,Важное уведомление от Одноклассники,Ваш аккаунт Одноклассники был временно заблокирован...,Одноклассники,True,2024-11-06 12:47:30.284961
online_shop,service_8848@market-delivery.ru,Важное уведомление от Ozon,Получите скидку 85% в Ozon прямо сейчас!,Ozon,True,2024-11-16 12:47:30.284970
government,service_4003@mvd-notice.ru,Важное уведомление от ФНС России,Портал Госуслуг: Вам начислена компенсация 11469 руб...,ФНС России,True,2024-11-13 12:47:30.284979
government,service_4932@mvd-notice.ru,Важное уведомление от МВД России,Портал Госуслуг: Вам начислена компенсация 12618 руб...,МВД России,True,2024-11-16 12:47:30.284988
bank,service_2567@security-bank.ru,Важное уведомление от ВТБ,"Уважаемый клиент ВТБ, Ваша карта временно заблокирована...",ВТБ,True,2024-11-21 12:47:30.284998
online_shop,service_1523@market-delivery.ru,Важное уведомление от AliExpress,Получите скидку 66% в AliExpress прямо сейчас!,AliExpress,True,2024-11-15 12:47:30.285007
online_shop,service_9774@delivery-express.ru,Важное уведомление от Wildberries,Ваш заказ #951899 из Wildberries готов к выдаче...,Wildberries,True,2024-11-28 12:47:30.285016
bank,service_3779@secure-banking.ru,Важное уведомление от Альфа-Банк,Служба безопасности Альфа-Банк: обнаружена попытка входа из Москва...,Альфа-Банк,True,2024-11-15 12:47:30.285024
government,service_9953@tax-portal.ru,Важное уведомление от ФНС России,Портал Госуслуг: Вам начислена компенсация 11482 руб...,ФНС России,True,2024-11-23 12:47:30.285033
online_shop,service_6960@online-shop.ru,Важное уведомление от Ozon,Ваш заказ #542138 из Ozon готов к выдаче...,Ozon,True,2024-11-29 12:47:30.285042
government,service_2010@mvd-notice.ru,Важное уведомление от ФНС России,Портал Госуслуг: Вам начислена компенсация 4913 руб...,ФНС России,True,2024-11-18 12:47:30.285053
bank,service_5007@security-bank.ru,Важное уведомление от ВТБ,"Уважаемый клиент ВТБ, Ваша карта временно заблокирована...",ВТБ,True,2024-11-16 12:47:30.285062
bank,service_7921@bank-online.ru,Важное уведомление от Сбербанк,"Уважаемый клиент Сбербанк, Ваша карта временно заблокирована...",Сбербанк,True,2024-11-09 12:47:30.285072
bank,service_6679@secure-banking.ru,Важное уведомление от Сбербанк,Служба безопасности Сбербанк: обнаружена попытка входа из Санкт-Петербург...,Сбербанк,True,2024-11-10 12:47:30.285081
government,service_5335@gov-services.ru,Важное уведомление от Госуслуги,Уведомление о штрафе: 6570 руб. Оплатите в течение 3 дней...,Госуслуги,True,2024-11-07 12:47:30.285090
government,service_7687@mvd-notice.ru,Важное уведомление от МВД России,Уведомление о штрафе: 8809 руб. Оплатите в течение 6 дней...,МВД России,True,2024-11-24 12:47:30.285100
online_shop,service_3090@online-shop.ru,Важное уведомление от AliExpress,Получите скидку 87% в AliExpress прямо сейчас!,AliExpress,True,2024-11-29 12:47:30.285109
social_media,service_6504@vk-security.ru,Важное уведомление от Одноклассники,Ваш аккаунт Одноклассники был временно заблокирован...,Одноклассники,True,2024-11-12 12:47:30.285118
bank,service_4458@bank-online.ru,Важное уведомление от ВТБ,"Уважаемый клиент ВТБ, Ваша карта временно заблокирована...",ВТБ,True,2024-11-23 12:47:30.285126
government,service_8746@gov-services.ru,Важное уведомление от Госуслуги,Уведомление о штрафе: 5676 руб. Оплатите в течение 7 дней...,Госуслуги,True,2024-11-22 12:47:30.285135
online_shop,service_9265@online-shop.ru,Важное уведомление от AliExpress,Ваш заказ #438049 из AliExpress готов к выдаче...,AliExpress,True,2024-11-05 12:47:30.285144
government,service_7023@tax-portal.ru,Важное уведомление от МВД России,Уведомление о штрафе: 2656 руб. Оплатите в течение 8 дней...,МВД России,True,2024-11-13 12:47:30.285153
online_shop,service_9536@online-shop.ru,Важное уведомление от AliExpress,Ваш заказ #567299 из AliExpress готов к выдаче...,AliExpress,True,2024-11-09 12:47:30.285162
bank,service_7454@secure-banking.ru,Важное уведомление от ВТБ,"Уважаемый клиент ВТБ, Ваша карта временно заблокирована...",ВТБ,True,2024-11-23 12:47:30.285171
bank,service_1645@secure-banking.ru,Важное уведомление от ВТБ,"Уважаемый клиент ВТБ, Ваша карта временно заблокирована...",ВТБ,True,2024-11-13 12:47:30.285180
online_shop,service_5066@online-shop.ru,Важное уведомление от Яндекс.Маркет,Получите скидку 70% в Яндекс.Маркет прямо сейчас!,Яндекс.Маркет,True,2024-11-12 12:47:30.285189
government,service_5824@mvd-notice.ru,Важное уведомление от МВД России,Уведомление о штрафе: 2959 руб. Оплатите в течение 8 дней...,МВД России,True,2024-11-26 12:47:30.285199
government,service_9406@mvd-notice.ru,Важное уведомление от МВД России,Портал Госуслуг: Вам начислена компенсация 8324 руб...,МВД России,True,2024-11-24 12:47:30.285208
online_shop,service_3866@online-shop.ru,Важное уведомление от Ozon,Получите скидку 51% в Ozon прямо сейчас!,Ozon,True,2024-11-01 12:47:30.285219
government,service_2355@mvd-notice.ru,Важное уведомление от ФНС России,Портал Госуслуг: Вам начислена компенсация 13292 руб...,ФНС России,True,2024-11-15 12:47:30.285228
government,service_5955@gov-services.ru,Важное уведомление от ФНС России,Уведомление о штрафе: 2804 руб. Оплатите в течение 4 дней...,ФНС России,True,2024-11-05 12:47:30.285238
social_media,service_7278@telegram-verify.ru,Важное уведомление от Telegram,Обнаружен подозрительный вход в ваш профиль Telegram...,Telegram,True,2024-11-02 12:47:30.285247
social_media,service_7934@vk-security.ru,Важное уведомление от Telegram,Ваш аккаунт Telegram был временно заблокирован...,Telegram,True,2024-11-26 12:47:30.285256
social_media,service_7353@ok-account.ru,Важное уведомление от ВКонтакте,Обнаружен подозрительный вход в ваш профиль ВКонтакте...,ВКонтакте,True,2024-11-05 12:47:30.285265
government,service_9703@gov-services.ru,Важное уведомление от Госуслуги,Портал Госуслуг: Вам начислена компенсация 14906 руб...,Госуслуги,True,2024-11-10 12:47:30.285274
government,service_9841@tax-portal.ru,Важное уведомление от ФНС России,Портал Госуслуг: Вам начислена компенсация 11079 руб...,ФНС России,True,2024-11-19 12:47:30.285285
social_media,service_9016@vk-security.ru,Важное уведомление от ВКонтакте,Ваш аккаунт ВКонтакте был временно заблокирован...,ВКонтакте,True,2024-11-11 12:47:30.285294
online_shop,service_5791@delivery-express.ru,Важное уведомление от AliExpress,Получите скидку 67% в AliExpress прямо сейчас!,AliExpress,True,2024-11-11 12:47:30.285304
bank,service_1908@security-bank.ru,Важное уведомление от ВТБ,"Уважаемый клиент ВТБ, Ваша карта временно заблокирована...",ВТБ,True,2024-11-26 12:47:30.285314
online_shop,service_4247@online-shop.ru,Важное уведомление от Яндекс.Маркет,Получите скидку 58% в Яндекс.Маркет прямо сейчас!,Яндекс.Маркет,True,2024-11-22 12:47:30.285323
government,service_7821@mvd-notice.ru,Важное уведомление от Госуслуги,Уведомление о штрафе: 2764 руб. Оплатите в течение 7 дней...,Госуслуги,True,2024-11-14 12:47:30.285333
social_media,service_1880@ok-account.ru,Важное уведомление от Telegram,Ваш аккаунт Telegram был временно заблокирован...,Telegram,True,2024-11-10 12:47:30.285342
social_media,service_6228@telegram-verify.ru,Важное уведомление от ВКонтакте,Ваш аккаунт ВКонтакте был временно заблокирован...,ВКонтакте,True,2024-11-11 12:47:30.285351
bank,service_8366@bank-online.ru,Важное уведомление от Альфа-Банк,Служба безопасности Альфа-Банк: обнаружена попытка входа из Новосибирск...,Альфа-Банк,True,2024-11-13 12:47:30.285360
bank,service_5473@security-bank.ru,Важное уведомление от Тинькофф,"Уважаемый клиент Тинькофф, Ваша карта временно заблокирована...",Тинькофф,True,2024-11-05 12:47:30.285368
bank,service_4646@secure-banking.ru,Важное уведомление от ВТБ,Служба безопасности ВТБ: обнаружена попытка входа из Екатеринбург...,ВТБ,True,2024-11-16 12:47:30.285378
bank,service_1663@secure-banking.ru,Важное уведомление от Сбербанк,Служба безопасности Сбербанк: обнаружена попытка входа из Москва...,Сбербанк,True,2024-11-10 12:47:30.285387
social_media,service_7567@vk-security.ru,Важное уведомление от Одноклассники,Ваш аккаунт Одноклассники был временно заблокирован...,Одноклассники,True,2024-11-20 12:47:30.285396
online_shop,service_5300@online-shop.ru,Важное уведомление от Wildberries,Получите скидку 70% в Wildberries прямо сейчас!,Wildberries,True,2024-11-09 12:47:30.285405
government,service_9632@tax-portal.ru,Важное уведомление от МВД России,Уведомление о штрафе: 3216 руб. Оплатите в течение 4 дней...,МВД России,True,2024-11-29 12:47:30.285415
social_media,service_1012@vk-security.ru,Важное уведомление от Telegram,Ваш аккаунт Telegram был временно заблокирован...,Telegram,True,2024-11-07 12:47:30.285424
government,service_8766@mvd-notice.ru,Важное уведомление от МВД России,Уведомление о штрафе: 5457 руб. Оплатите в течение 10 дней...,МВД России,True,2024-11-29 12:47:30.285433
social_media,service_2184@ok-account.ru,Важное уведомление от ВКонтакте,Обнаружен подозрительный вход в ваш профиль ВКонтакте...,ВКонтакте,True,2024-11-18 12:47:30.285443
social_media,service_6294@ok-account.ru,Важное уведомление от Одноклассники,Обнаружен подозрительный вход в ваш профиль Одноклассники...,Одноклассники,True,2024-11-06 12:47:30.285452
online_shop,service_8541@delivery-express.ru,Важное уведомление от Wildberries,Получите скидку 83% в Wildberries прямо сейчас!,Wildberries,True,2024-11-05 12:47:30.285460
government,service_9848@tax-portal.ru,Важное уведомление от МВД России,Портал Госуслуг: Вам начислена компенсация 7467 руб...,МВД России,True,2024-11-26 12:47:30.285469
government,service_3459@mvd-notice.ru,Важное уведомление от МВД России,Уведомление о штрафе: 3482 руб. Оплатите в течение 10 дней...,МВД России,True,2024-11-20 12:47:30.285479
social_media,service_3445@vk-security.ru,Важное уведомление от Одноклассники,Обнаружен подозрительный вход в ваш профиль Одноклассники...,Одноклассники,True,2024-11-06 12:47:30.285488
online_shop,service_7624@delivery-express.ru,Важное уведомление от Wildberries,Ваш заказ #500904 из Wildberries готов к выдаче...,Wildberries,True,2024-11-28 12:47:30.285498
bank,service_8311@secure-banking.ru,Важное уведомление от Альфа-Банк,"Уважаемый клиент Альфа-Банк, Ваша карта временно заблокирована...",Альфа-Банк,True,2024-11-09 12:47:30.285508
government,service_6831@tax-portal.ru,Важное уведомление от Госуслуги,Портал Госуслуг: Вам начислена компенсация 12589 руб...,Госуслуги,True,2024-11-28 12:47:30.285517
bank,service_9773@secure-banking.ru,Важное уведомление от Тинькофф,Служба безопасности Тинькофф: обнаружена попытка входа из Санкт-Петербург...,Тинькофф,True,2024-11-17 12:47:30.285526
government,service_9207@tax-portal.ru,Важное уведомление от ФНС России,Портал Госуслуг: Вам начислена компенсация 4925 руб...,ФНС России,True,2024-10-31 12:47:30.285535
online_shop,service_6891@market-delivery.ru,Важное уведомление от AliExpress,Получите скидку 50% в AliExpress прямо сейчас!,AliExpress,True,2024-11-24 12:47:30.285544
government,service_6296@mvd-notice.ru,Важное уведомление от Госуслуги,Портал Госуслуг: Вам начислена компенсация 6259 руб...,Госуслуги,True,2024-11-26 12:47:30.285554
bank,service_1808@bank-online.ru,Важное уведомление от Сбербанк,"Уважаемый клиент Сбербанк, Ваша карта временно заблокирована...",Сбербанк,True,2024-11-18 12:47:30.285563
government,service_8169@gov-services.ru,Важное уведомление от ФНС России,Портал Госуслуг: Вам начислена компенсация 3403 руб...,ФНС России,True,2024-11-03 12:47:30.285573
online_shop,service_7702@delivery-express.ru,Важное уведомление от AliExpress,Получите скидку 80% в AliExpress прямо сейчас!,AliExpress,True,2024-11-08 12:47:30.285583
social_media,service_4951@vk-security.ru,Важное уведомление от ВКонтакте,Ваш аккаунт ВКонтакте был временно заблокирован...,ВКонтакте,True,2024-11-01 12:47:30.285594
online_shop,service_4996@online-shop.ru,Важное уведомление от Ozon,Получите скидку 89% в Ozon прямо сейчас!,Ozon,True,2024-11-20 12:47:30.285602
social_media,service_1629@vk-security.ru,Важное уведомление от Одноклассники,Обнаружен подозрительный вход в ваш профиль Одноклассники...,Одноклассники,True,2024-11-02 12:47:30.285611
online_shop,service_4949@online-shop.ru,Важное уведомление от Wildberries,Ваш заказ #852090 из Wildberries готов к выдаче...,Wildberries,True,2024-11-14 12:47:30.285620
government,service_8783@mvd-notice.ru,Важное уведомление от Госуслуги,Портал Госуслуг: Вам начислена компенсация 5901 руб...,Госуслуги,True,2024-11-19 12:47:30.285630
bank,service_5950@bank-online.ru,Важное уведомление от Сбербанк,"Уважаемый клиент Сбербанк, Ваша карта временно заблокирована...",Сбербанк,True,2024-11-23 12:47:30.285639
government,service_5754@mvd-notice.ru,Важное уведомление от ФНС России,Уведомление о штрафе: 8642 руб. Оплатите в течение 7 дней...,ФНС России,True,2024-11-14 12:47:30.285648
social_media,service_1624@vk-security.ru,Важное уведомление от Telegram,Обнаружен подозрительный вход в ваш профиль Telegram...,Telegram,True,2024-11-14 12:47:30.285657
government,service_9846@gov-services.ru,Важное уведомление от ФНС России,Уведомление о штрафе: 6788 руб. Оплатите в течение 6 дней...,ФНС России,True,2024-11-01 12:47:30.285666
social_media,service_8592@telegram-verify.ru,Важное уведомление от Одноклассники,Обнаружен подозрительный вход в ваш профиль Одноклассники...,Одноклассники,True,2024-11-19 12:47:30.285674
social_media,service_1083@ok-account.ru,Важное уведомление от Telegram,Обнаружен подозрительный вход в ваш профиль Telegram...,Telegram,True,2024-11-10 12:47:30.285684
online_shop,service_4766@online-shop.ru,Важное уведомление от Wildberries,Получите скидку 71% в Wildberries прямо сейчас!,Wildberries,True,2024-11-15 12:47:30.285693
government,service_3099@gov-services.ru,Важное уведомление от МВД России,Уведомление о штрафе: 5012 руб. Оплатите в течение 4 дней...,МВД России,True,2024-11-17 12:47:30.285703
social_media,service_7599@ok-account.ru,Важное уведомление от Одноклассники,Ваш аккаунт Одноклассники был временно заблокирован...,Одноклассники,True,2024-11-19 12:47:30.285712
online_shop,service_6205@delivery-express.ru,Важное уведомление от Wildberries,Ваш заказ #547204 из Wildberries готов к выдаче...,Wildberries,True,2024-11-18 12:47:30.285721
bank,service_5302@bank-online.ru,Важное уведомление от Сбербанк,"Уважаемый клиент Сбербанк, Ваша карта временно заблокирована...",Сбербанк,True,2024-11-25 12:47:30.285730
online_shop,service_3287@delivery-express.ru,Важное уведомление от Ozon,Ваш заказ #160672 из Ozon готов к выдаче...,Ozon,True,2024-11-01 12:47:30.285739
social_media,service_5842@vk-security.ru,Важное уведомление от ВКонтакте,Обнаружен подозрительный вход в ваш профиль ВКонтакте...,ВКонтакте,True,2024-11-18 12:47:30.285749
government,service_3026@gov-services.ru,Важное уведомление от Госуслуги,Портал Госуслуг: Вам начислена компенсация 11857 руб...,Госуслуги,True,2024-11-20 12:47:30.285758
bank,service_4620@security-bank.ru,Важное уведомление от Тинькофф,Служба безопасности Тинькофф: обнаружена попытка входа из Новосибирск...,Тинькофф,True,2024-11-27 12:47:30.285768
online_shop,service_7647@market-delivery.ru,Важное уведомление от Яндекс.Маркет,Ваш заказ #739270 из Яндекс.Маркет готов к выдаче...,Яндекс.Маркет,True,2024-11-19 12:47:30.285777
social_media,service_5714@vk-security.ru,Важное уведомление от ВКонтакте,Ваш аккаунт ВКонтакте был временно заблокирован...,ВКонтакте,True,2024-11-20 12:47:30.285787
bank,service_6910@secure-banking.ru,Важное уведомление от ВТБ,"Уважаемый клиент ВТБ, Ваша карта временно заблокирована...",ВТБ,True,2024-11-16 12:47:30.285796
government,service_5254@gov-services.ru,Важное уведомление от ФНС России,Уведомление о штрафе: 6471 руб. Оплатите в течение 8 дней...,ФНС России,True,2024-11-11 12:47:30.285805
government,service_9771@gov-services.ru,Важное уведомление от Госуслуги,Уведомление о штрафе: 8699 руб. Оплатите в течение 9 дней...,Госуслуги,True,2024-11-29 12:47:30.285814
government,service_7278@mvd-notice.ru,Важное уведомление от ФНС России,Уведомление о штрафе: 6742 руб. Оплатите в течение 10 дней...,ФНС России,True,2024-10-31 12:47:30.285823
government,service_5295@gov-services.ru,Важное уведомление от ФНС России,Портал Госуслуг: Вам начислена компенсация 8181 руб...,ФНС России,True,2024-11-12 12:47:30.285832
government,service_1551@gov-services.ru,Важное уведомление от Госуслуги,Портал Госуслуг: Вам начислена компенсация 3513 руб...,Госуслуги,True,2024-11-12 12:47:30.285841
government,service_5788@tax-portal.ru,Важное уведомление от Госуслуги,Портал Госуслуг: Вам начислена компенсация 9781 руб...,Госуслуги,True,2024-11-25 12:47:30.285850
bank,service_5871@secure-banking.ru,Важное уведомление от Тинькофф,"Уважаемый клиент Тинькофф, Ваша карта временно заблокирована...",Тинькофф,True,2024-11-17 12:47:30.285860
government,service_9277@tax-portal.ru,Важное уведомление от МВД России,Уведомление о штрафе: 9134 руб. Оплатите в течение 7 дней...,МВД России,True,2024-11-04 12:47:30.285869
online_shop,service_1079@delivery-express.ru,Важное уведомление от AliExpress,Получите скидку 87% в AliExpress прямо сейчас!,AliExpress,True,2024-11-01 12:47:30.285879
online_shop,service_2776@market-delivery.ru,Важное уведомление от Ozon,Ваш заказ #385508 из Ozon готов к выдаче...,Ozon,True,2024-11-07 12:47:30.285888
bank,service_2119@secure-banking.ru,Важное уведомление от ВТБ,"Уважаемый клиент ВТБ, Ваша карта временно заблокирована...",ВТБ,True,2024-11-16 12:47:30.285897
social_media,service_1666@ok-account.ru,Важное уведомление от Одноклассники,Обнаружен подозрительный вход в ваш профиль Одноклассники...,Одноклассники,True,2024-11-19 12:47:30.285906
social_media,service_3357@telegram-verify.ru,Важное уведомление от Telegram,Обнаружен подозрительный вход в ваш профиль Telegram...,Telegram,True,2024-11-15 12:47:30.285915
social_media,service_3902@ok-account.ru,Важное уведомление от ВКонтакте,Обнаружен подозрительный вход в ваш профиль ВКонтакте...,ВКонтакте,True,2024-11-10 12:47:30.285924
bank,service_9938@secure-banking.ru,Важное уведомление от ВТБ,Служба безопасности ВТБ: обнаружена попытка входа из Екатеринбург...,ВТБ,True,2024-11-29 12:47:30.285934
social_media,service_2974@vk-security.ru,Важное уведомление от Одноклассники,Ваш аккаунт Одноклассники был временно заблокирован...,Одноклассники,True,2024-11-13 12:47:30.285943
social_media,service_4545@ok-account.ru,Важное уведомление от Telegram,Ваш аккаунт Telegram был временно заблокирован...,Telegram,True,2024-11-17 12:47:30.285952
social_media,service_9647@vk-security.ru,Важное уведомление от Telegram,Обнаружен подозрительный вход в ваш профиль Telegram...,Telegram,True,2024-11-19 12:47:30.285961
government,service_2501@mvd-notice.ru,Важное уведомление от ФНС России,Уведомление о штрафе: 6867 руб. Оплатите в течение 9 дней...,ФНС России,True,2024-11-18 12:47:30.285970
bank,service_1883@bank-online.ru,Важное уведомление от Альфа-Банк,Служба безопасности Альфа-Банк: обнаружена попытка входа из Москва...,Альфа-Банк,True,2024-11-25 12:47:30.285979
social_media,service_6019@vk-security.ru,Важное уведомление от Одноклассники,Ваш аккаунт Одноклассники был временно заблокирован...,Одноклассники,True,2024-11-21 12:47:30.285988
social_media,service_4473@ok-account.ru,Важное уведомление от Одноклассники,Ваш аккаунт Одноклассники был временно заблокирован...,Одноклассники,True,2024-11-13 12:47:30.285997
bank,service_9973@bank-online.ru,Важное уведомление от Тинькофф,"Уважаемый клиент Тинькофф, Ваша карта временно заблокирована...",Тинькофф,True,2024-11-06 12:47:30.286005
bank,service_8758@bank-online.ru,Важное уведомление от ВТБ,Служба безопасности ВТБ: обнаружена попытка входа из Санкт-Петербург...,ВТБ,True,2024-10-31 12:47:30.286014
government,service_8986@tax-portal.ru,Важное уведомление от ФНС России,Портал Госуслуг: Вам начислена компенсация 7392 руб...,ФНС России,True,2024-11-26 12:47:30.286023
online_shop,service_7617@online-shop.ru,Важное уведомление от Яндекс.Маркет,Получите скидку 76% в Яндекс.Маркет прямо сейчас!,Яндекс.Маркет,True,2024-11-04 12:47:30.286033
online_shop,service_3188@online-shop.ru,Важное уведомление от Яндекс.Маркет,Ваш заказ #616225 из Яндекс.Маркет готов к выдаче...,Яндекс.Маркет,True,2024-11-23 12:47:30.286042
social_media,service_8933@telegram-verify.ru,Важное уведомление от Telegram,Обнаружен подозрительный вход в ваш профиль Telegram...,Telegram,True,2024-11-13 12:47:30.286051
bank,service_6585@bank-online.ru,Важное уведомление от ВТБ,Служба безопасности ВТБ: обнаружена попытка входа из Екатеринбург...,ВТБ,True,2024-11-10 12:47:30.286060
government,service_1069@mvd-notice.ru,Важное уведомление от МВД России,Уведомление о штрафе: 6196 руб. Оплатите в течение 6 дней...,МВД России,True,2024-11-17 12:47:30.286069
bank,service_3892@secure-banking.ru,Важное уведомление от Тинькофф,Служба безопасности Тинькофф: обнаружена попытка входа из Екатеринбург...,Тинькофф,True,2024-11-29 12:47:30.286078
government,service_2882@tax-portal.ru,Важное уведомление от Госуслуги,Портал Госуслуг: Вам начислена компенсация 14381 руб...,Госуслуги,True,2024-11-29 12:47:30.286089
government,service_8867@mvd-notice.ru,Важное уведомление от Госуслуги,Портал Госуслуг: Вам начислена компенсация 8521 руб...,Госуслуги,True,2024-11-14 12:47:30.286097
bank,service_1385@secure-banking.ru,Важное уведомление от ВТБ,"Уважаемый клиент ВТБ, Ваша карта временно заблокирована...",ВТБ,True,2024-11-13 12:47:30.286106
online_shop,service_6815@market-delivery.ru,Важное уведомление от AliExpress,Получите скидку 62% в AliExpress прямо сейчас!,AliExpress,True,2024-11-11 12:47:30.286115
social_media,service_3338@ok-account.ru,Важное уведомление от Одноклассники,Ваш аккаунт Одноклассники был временно заблокирован...,Одноклассники,True,2024-11-16 12:47:30.286124
bank,service_9832@bank-online.ru,Важное уведомление от Сбербанк,Служба безопасности Сбербанк: обнаружена попытка входа из Новосибирск...,Сбербанк,True,2024-11-08 12:47:30.286133
bank,service_2682@bank-online.ru,Важное уведомление от Тинькофф,Служба безопасности Тинькофф: обнаружена попытка входа из Новосибирск...,Тинькофф,True,2024-11-08 12:47:30.286142
online_shop,service_1293@market-delivery.ru,Важное уведомление от Яндекс.Маркет,Получите скидку 71% в Яндекс.Маркет прямо сейчас!,Яндекс.Маркет,True,2024-11-05 12:47:30.286151
social_media,service_8678@telegram-verify.ru,Важное уведомление от ВКонтакте,Ваш аккаунт ВКонтакте был временно заблокирован...,ВКонтакте,True,2024-11-16 12:47:30.286159
social_media,service_1455@ok-account.ru,Важное уведомление от Telegram,Ваш аккаунт Telegram был временно заблокирован...,Telegram,True,2024-11-16 12:47:30.286168
online_shop,service_3567@market-delivery.ru,Важное уведомление от AliExpress,Получите скидку 60% в AliExpress прямо сейчас!,AliExpress,True,2024-11-13 12:47:30.286177
bank,service_6354@bank-online.ru,Важное уведомление от Альфа-Банк,Служба безопасности Альфа-Банк: обнаружена попытка входа из Санкт-Петербург...,Альфа-Банк,True,2024-11-09 12:47:30.286186
online_shop,service_1620@online-shop.ru,Важное уведомление от Wildberries,Получите скидку 72% в Wildberries прямо сейчас!,Wildberries,True,2024-11-02 12:47:30.286195
online_shop,service_9688@online-shop.ru,Важное уведомление от AliExpress,Получите скидку 74% в AliExpress прямо сейчас!,AliExpress,True,2024-11-02 12:47:30.286204
bank,service_6313@secure-banking.ru,Важное уведомление от Альфа-Банк,Служба безопасности Альфа-Банк: обнаружена попытка входа из Екатеринбург...,Альфа-Банк,True,2024-11-12 12:47:30.286214
government,service_8279@gov-services.ru,Важное уведомление от ФНС России,Уведомление о штрафе: 2873 руб. Оплатите в течение 5 дней...,ФНС России,True,2024-11-18 12:47:30.286225
online_shop,service_6373@market-delivery.ru,Важное уведомление от Wildberries,Ваш заказ #241092 из Wildberries готов к выдаче...,Wildberries,True,2024-11-16 12:47:30.286235
social_media,service_7988@ok-account.ru,Важное уведомление от Одноклассники,Ваш аккаунт Одноклассники был временно заблокирован...,Одноклассники,True,2024-11-15 12:47:30.286243
bank,service_8846@secure-banking.ru,Важное уведомление от Альфа-Банк,"Уважаемый клиент Альфа-Банк, Ваша карта временно заблокирована...",Альфа-Банк,True,2024-11-17 12:47:30.286253
government,service_2121@mvd-notice.ru,Важное уведомление от Госуслуги,Портал Госуслуг: Вам начислена компенсация 7786 руб...,Госуслуги,True,2024-11-06 12:47:30.286262
government,service_4326@mvd-notice.ru,Важное уведомление от МВД России,Портал Госуслуг: Вам начислена компенсация 9631 руб...,МВД России,True,2024-11-10 12:47:30.286271
online_shop,service_6866@online-shop.ru,Важное уведомление от AliExpress,Получите скидку 57% в AliExpress прямо сейчас!,AliExpress,True,2024-11-28 12:47:30.286280
government,service_8575@mvd-notice.ru,Важное уведомление от ФНС России,Портал Госуслуг: Вам начислена компенсация 7609 руб...,ФНС России,True,2024-11-27 12:47:30.286289
government,service_1129@mvd-notice.ru,Важное уведомление от Госуслуги,Портал Госуслуг: Вам начислена компенсация 7259 руб...,Госуслуги,True,2024-11-23 12:47:30.286298
bank,service_8129@security-bank.ru,Важное уведомление от Альфа-Банк,"Уважаемый клиент Альфа-Банк, Ваша карта временно заблокирована...",Альфа-Банк,True,2024-11-05 12:47:30.286307
bank,service_2526@secure-banking.ru,Важное уведомление от Сбербанк,Служба безопасности Сбербанк: обнаружена попытка входа из Новосибирск...,Сбербанк,True,2024-11-23 12:47:30.286316
government,service_7454@tax-portal.ru,Важное уведомление от ФНС России,Уведомление о штрафе: 7167 руб. Оплатите в течение 6 дней...,ФНС России,True,2024-11-28 12:47:30.286325
bank,service_8085@secure-banking.ru,Важное уведомление от Сбербанк,"Уважаемый клиент Сбербанк, Ваша карта временно заблокирована...",Сбербанк,True,2024-11-07 12:47:30.286334
social_media,service_2333@ok-account.ru,Важное уведомление от Telegram,Ваш аккаунт Telegram был временно заблокирован...,Telegram,True,2024-11-27 12:47:30.286343
social_media,service_7413@telegram-verify.ru,Важное уведомление от ВКонтакте,Обнаружен подозрительный вход в ваш профиль ВКонтакте...,ВКонтакте,True,2024-11-12 12:47:30.286352
social_media,service_5310@ok-account.ru,Важное уведомление от Telegram,Обнаружен подозрительный вход в ваш профиль Telegram...,Telegram,True,2024-11-29 12:47:30.286361
social_media,service_3275@ok-account.ru,Важное уведомление от Одноклассники,Ваш аккаунт Одноклассники был временно заблокирован...,Одноклассники,True,2024-11-19 12:47:30.286369
bank,service_5316@security-bank.ru,Важное уведомление от Альфа-Банк,"Уважаемый клиент Альфа-Банк, Ваша карта временно заблокирована...",Альфа-Банк,True,2024-11-23 12:47:30.286379
social_media,service_7756@telegram-verify.ru,Важное уведомление от ВКонтакте,Обнаружен подозрительный вход в ваш профиль ВКонтакте...,ВКонтакте,True,2024-11-15 12:47:30.286388
government,service_6621@gov-services.ru,Важное уведомление от Госуслуги,Уведомление о штрафе: 4340 руб. Оплатите в течение 3 дней...,Госуслуги,True,2024-11-25 12:47:30.286398
online_shop,service_8266@delivery-express.ru,Важное уведомление от Яндекс.Маркет,Ваш заказ #764086 из Яндекс.Маркет готов к выдаче...,Яндекс.Маркет,True,2024-11-26 12:47:30.286407
online_shop,service_2026@delivery-express.ru,Важное уведомление от AliExpress,Получите скидку 74% в AliExpress прямо сейчас!,AliExpress,True,2024-11-18 12:47:30.286416
government,service_1824@mvd-notice.ru,Важное уведомление от МВД России,Уведомление о штрафе: 1108 руб. Оплатите в течение 3 дней...,МВД России,True,2024-11-07 12:47:30.286425
social_media,service_7492@vk-security.ru,Важное уведомление от Одноклассники,Ваш аккаунт Одноклассники был временно заблокирован...,Одноклассники,True,2024-11-16 12:47:30.286434
government,service_2430@gov-services.ru,Важное уведомление от МВД России,Портал Госуслуг: Вам начислена компенсация 13065 руб...,МВД России,True,2024-11-08 12:47:30.286443
online_shop,service_2938@market-delivery.ru,Важное уведомление от Wildberries,Получите скидку 71% в Wildberries прямо сейчас!,Wildberries,True,2024-11-25 12:47:30.286452
bank,service_4490@bank-online.ru,Важное уведомление от Сбербанк,Служба безопасности Сбербанк: обнаружена попытка входа из Екатеринбург...,Сбербанк,True,2024-11-27 12:47:30.286461
government,service_8782@mvd-notice.ru,Важное уведомление от ФНС России,Уведомление о штрафе: 5804 руб. Оплатите в течение 8 дней...,ФНС России,True,2024-11-17 12:47:30.286470
online_shop,service_2239@market-delivery.ru,Важное уведомление от Wildberries,Получите скидку 61% в Wildberries прямо сейчас!,Wildberries,True,2024-11-04 12:47:30.286480
government,service_9370@mvd-notice.ru,Важное уведомление от МВД России,Портал Госуслуг: Вам начислена компенсация 7873 руб...,МВД России,True,2024-11-07 12:47:30.286488
online_shop,service_9956@delivery-express.ru,Важное уведомление от Яндекс.Маркет,Получите скидку 60% в Яндекс.Маркет прямо сейчас!,Яндекс.Маркет,True,2024-11-19 12:47:30.286497
bank,service_9159@security-bank.ru,Важное уведомление от Сбербанк,"Уважаемый клиент Сбербанк, Ваша карта временно заблокирована...",Сбербанк,True,2024-11-01 12:47:30.286508
online_shop,service_6653@online-shop.ru,Важное уведомление от AliExpress,Ваш заказ #295582 из AliExpress готов к выдаче...,AliExpress,True,2024-11-06 12:47:30.286518
government,service_2505@tax-portal.ru,Важное уведомление от ФНС России,Портал Госуслуг: Вам начислена компенсация 11521 руб...,ФНС России,True,2024-11-06 12:47:30.286527
social_media,service_2568@ok-account.ru,Важное уведомление от ВКонтакте,Обнаружен подозрительный вход в ваш профиль ВКонтакте...,ВКонтакте,True,2024-11-16 12:47:30.286536
government,service_6169@mvd-notice.ru,Важное уведомление от Госуслуги,Уведомление о штрафе: 3918 руб. Оплатите в течение 6 дней...,Госуслуги,True,2024-11-28 12:47:30.286545
bank,service_4066@secure-banking.ru,Важное уведомление от Тинькофф,"Уважаемый клиент Тинькофф, Ваша карта временно заблокирована...",Тинькофф,True,2024-11-02 12:47:30.286554
online_shop,service_6432@market-delivery.ru,Важное уведомление от Яндекс.Маркет,Получите скидку 55% в Яндекс.Маркет прямо сейчас!,Яндекс.Маркет,True,2024-11-16 12:47:30.286564
government,service_9996@mvd-notice.ru,Важное уведомление от ФНС России,Уведомление о штрафе: 4111 руб. Оплатите в течение 3 дней...,ФНС России,True,2024-11-03 12:47:30.286573
social_media,service_9383@vk-security.ru,Важное уведомление от Telegram,Ваш аккаунт Telegram был временно заблокирован...,Telegram,True,2024-11-20 12:47:30.286582
social_media,service_2635@vk-security.ru,Важное уведомление от ВКонтакте,Обнаружен подозрительный вход в ваш профиль ВКонтакте...,ВКонтакте,True,2024-11-02 12:47:30.286590
government,service_9150@mvd-notice.ru,Важное уведомление от МВД России,Уведомление о штрафе: 7648 руб. Оплатите в течение 4 дней...,МВД России,True,2024-11-12 12:47:30.286599
bank,service_3462@security-bank.ru,Важное уведомление от Альфа-Банк,Служба безопасности Альфа-Банк: обнаружена попытка входа из Москва...,Альфа-Банк,True,2024-11-04 12:47:30.286609
social_media,service_3047@telegram-verify.ru,Важное уведомление от Одноклассники,Обнаружен подозрительный вход в ваш профиль Одноклассники...,Одноклассники,True,2024-11-15 12:47:30.286618
online_shop,service_6190@online-shop.ru,Важное уведомление от Ozon,Получите скидку 85% в Ozon прямо сейчас!,Ozon,True,2024-11-06 12:47:30.286627
bank,service_1519@security-bank.ru,Важное уведомление от Тинькофф,"Уважаемый клиент Тинькофф, Ваша карта временно заблокирована...",Тинькофф,True,2024-10-31 12:47:30.286636
government,service_7875@tax-portal.ru,Важное уведомление от ФНС России,Портал Госуслуг: Вам начислена компенсация 12554 руб...,ФНС России,True,2024-10-31 12:47:30.286645
bank,service_7863@bank-online.ru,Важное уведомление от Сбербанк,Служба безопасности Сбербанк: обнаружена попытка входа из Москва...,Сбербанк,True,2024-11-01 12:47:30.286655
online_shop,service_6606@online-shop.ru,Важное уведомление от Яндекс.Маркет,Ваш заказ #989938 из Яндекс.Маркет готов к выдаче...,Яндекс.Маркет,True,2024-11-28 12:47:30.286664
online_shop,service_1679@market-delivery.ru,Важное уведомление от AliExpress,Ваш заказ #671801 из AliExpress готов к выдаче...,AliExpress,True,2024-11-07 12:47:30.286672
social_media,service_1416@telegram-verify.ru,Важное уведомление от Одноклассники,Ваш аккаунт Одноклассники был временно заблокирован...,Одноклассники,True,2024-11-05 12:47:30.286682
social_media,service_7631@ok-account.ru,Важное уведомление от Одноклассники,Обнаружен подозрительный вход в ваш профиль Одноклассники...,Одноклассники,True,2024-11-05 12:47:30.286691
social_media,service_4009@ok-account.ru,Важное уведомление от Telegram,Ваш аккаунт Telegram был временно заблокирован...,Telegram,True,2024-11-11 12:47:30.286699
social_media,service_5261@telegram-verify.ru,Важное уведомление от ВКонтакте,Ваш аккаунт ВКонтакте был временно заблокирован...,ВКонтакте,True,2024-11-08 12:47:30.286708
social_media,service_1684@ok-account.ru,Важное уведомление от Telegram,Ваш аккаунт Telegram был временно заблокирован...,Telegram,True,2024-11-15 12:47:30.286716
online_shop,service_4323@delivery-express.ru,Важное уведомление от Ozon,Ваш заказ #913868 из Ozon готов к выдаче...,Ozon,True,2024-11-09 12:47:30.286726
bank,service_6514@secure-banking.ru,Важное уведомление от Альфа-Банк,Служба безопасности Альфа-Банк: обнаружена попытка входа из Санкт-Петербург...,Альфа-Банк,True,2024-11-01 12:47:30.286736
bank,service_6783@secure-banking.ru,Важное уведомление от Сбербанк,"Уважаемый клиент Сбербанк, Ваша карта временно заблокирована...",Сбербанк,True,2024-11-12 12:47:30.286744
social_media,service_2821@telegram-verify.ru,Важное уведомление от Telegram,Обнаружен подозрительный вход в ваш профиль Telegram...,Telegram,True,2024-11-03 12:47:30.286753
online_shop,service_8208@market-delivery.ru,Важное уведомление от Яндекс.Маркет,Получите скидку 78% в Яндекс.Маркет прямо сейчас!,Яндекс.Маркет,True,2024-11-20 12:47:30.286763
social_media,service_4589@telegram-verify.ru,Важное уведомление от Telegram,Ваш аккаунт Telegram был временно заблокирован...,Telegram,True,2024-11-29 12:47:30.286772
government,service_4047@mvd-notice.ru,Важное уведомление от Госуслуги,Портал Госуслуг: Вам начислена компенсация 8529 руб...,Госуслуги,True,2024-11-14 12:47:30.286781
bank,service_5955@bank-online.ru,Важное уведомление от Альфа-Банк,Служба безопасности Альфа-Банк: обнаружена попытка входа из Санкт-Петербург...,Альфа-Банк,True,2024-11-21 12:47:30.286790
online_shop,service_1597@delivery-express.ru,Важное уведомление от AliExpress,Ваш заказ #295137 из AliExpress готов к выдаче...,AliExpress,True,2024-11-19 12:47:30.286799
online_shop,service_4282@delivery-express.ru,Важное уведомление от AliExpress,Получите скидку 51% в AliExpress прямо сейчас!,AliExpress,True,2024-11-03 12:47:30.286808
online_shop,service_4461@market-delivery.ru,Важное уведомление от Ozon,Получите скидку 52% в Ozon прямо сейчас!,Ozon,True,2024-11-06 12:47:30.286817
online_shop,service_1365@market-delivery.ru,Важное уведомление от Ozon,Ваш заказ #674726 из Ozon готов к выдаче...,Ozon,True,2024-11-09 12:47:30.286826
online_shop,service_4590@market-delivery.ru,Важное уведомление от Ozon,Получите скидку 87% в Ozon прямо сейчас!,Ozon,True,2024-11-12 12:47:30.286835
bank,service_1026@bank-online.ru,Важное уведомление от Альфа-Банк,"Уважаемый клиент Альфа-Банк, Ваша карта временно заблокирована...",Альфа-Банк,True,2024-10-31 12:47:30.286845
government,service_7798@mvd-notice.ru,Важное уведомление от ФНС России,Портал Госуслуг: Вам начислена компенсация 6695 руб...,ФНС России,True,2024-11-03 12:47:30.286854
government,service_5802@gov-services.ru,Важное уведомление от МВД России,Уведомление о штрафе: 4408 руб. Оплатите в течение 10 дней...,МВД России,True,2024-11-18 12:47:30.286864
social_media,service_8183@telegram-verify.ru,Важное уведомление от Одноклассники,Ваш аккаунт Одноклассники был временно заблокирован...,Одноклассники,True,2024-11-07 12:47:30.286873
social_media,service_7749@telegram-verify.ru,Важное уведомление от Одноклассники,Ваш аккаунт Одноклассники был временно заблокирован...,Одноклассники,True,2024-11-24 12:47:30.286881
online_shop,service_1644@market-delivery.ru,Важное уведомление от AliExpress,Получите скидку 55% в AliExpress прямо сейчас!,AliExpress,True,2024-11-22 12:47:30.286890
government,service_8722@mvd-notice.ru,Важное уведомление от ФНС России,Портал Госуслуг: Вам начислена компенсация 10947 руб...,ФНС России,True,2024-11-15 12:47:30.286899
social_media,service_3419@telegram-verify.ru,Важное уведомление от ВКонтакте,Обнаружен подозрительный вход в ваш профиль ВКонтакте...,ВКонтакте,True,2024-11-10 12:47:30.286909
online_shop,service_7967@market-delivery.ru,Важное уведомление от Ozon,Получите скидку 58% в Ozon прямо сейчас!,Ozon,True,2024-11-16 12:47:30.286918
bank,service_8013@bank-online.ru,Важное уведомление от Альфа-Банк,"Уважаемый клиент Альфа-Банк, Ваша карта временно заблокирована...",Альфа-Банк,True,2024-11-28 12:47:30.286927
bank,service_3010@secure-banking.ru,Важное уведомление от Альфа-Банк,"Уважаемый клиент Альфа-Банк, Ваша карта временно заблокирована...",Альфа-Банк,True,2024-11-27 12:47:30.286936
online_shop,service_4649@market-delivery.ru,Важное уведомление от AliExpress,Ваш заказ #632838 из AliExpress готов к выдаче...,AliExpress,True,2024-11-07 12:47:30.286946
online_shop,service_4072@market-delivery.ru,Важное уведомление от Wildberries,Получите скидку 51% в Wildberries прямо сейчас!,Wildberries,True,2024-11-05 12:47:30.286955
government,service_2992@mvd-notice.ru,Важное уведомление от Госуслуги,Уведомление о штрафе: 2356 руб. Оплатите в течение 8 дней...,Госуслуги,True,2024-11-22 12:47:30.286964
government,service_7455@gov-services.ru,Важное уведомление от Госуслуги,Уведомление о штрафе: 8805 руб. Оплатите в течение 3 дней...,Госуслуги,True,2024-11-28 12:47:30.286972
online_shop,service_5809@delivery-express.ru,Важное уведомление от Яндекс.Маркет,Получите скидку 88% в Яндекс.Маркет прямо сейчас!,Яндекс.Маркет,True,2024-11-21 12:47:30.286982
social_media,service_7082@ok-account.ru,Важное уведомление от Одноклассники,Обнаружен подозрительный вход в ваш профиль Одноклассники...,Одноклассники,True,2024-11-04 12:47:30.286990
bank,service_3867@security-bank.ru,Важное уведомление от Сбербанк,Служба безопасности Сбербанк: обнаружена попытка входа из Москва...,Сбербанк,True,2024-11-23 12:47:30.287000
bank,service_9142@security-bank.ru,Важное уведомление от Тинькофф,"Уважаемый клиент Тинькофф, Ваша карта временно заблокирована...",Тинькофф,True,2024-11-05 12:47:30.287009
bank,service_4360@security-bank.ru,Важное уведомление от Сбербанк,"Уважаемый клиент Сбербанк, Ваша карта временно заблокирована...",Сбербанк,True,2024-11-10 12:47:30.287018
online_shop,service_5105@online-shop.ru,Важное уведомление от Яндекс.Маркет,Получите скидку 63% в Яндекс.Маркет прямо сейчас!,Яндекс.Маркет,True,2024-11-27 12:47:30.287027
government,service_3246@tax-portal.ru,Важное уведомление от ФНС России,Уведомление о штрафе: 2165 руб. Оплатите в течение 5 дней...,ФНС России,True,2024-11-23 12:47:30.287036
online_shop,service_5790@delivery-express.ru,Важное уведомление от Яндекс.Маркет,Ваш заказ #701217 из Яндекс.Маркет готов к выдаче...,Яндекс.Маркет,True,2024-11-29 12:47:30.287045
bank,service_9845@security-bank.ru,Важное уведомление от Тинькофф,Служба безопасности Тинькофф: обнаружена попытка входа из Санкт-Петербург...,Тинькофф,True,2024-11-16 12:47:30.287054
online_shop,service_5283@delivery-express.ru,Важное уведомление от Wildberries,Ваш заказ #683732 из Wildberries готов к выдаче...,Wildberries,True,2024-11-07 12:47:30.287063
bank,service_4052@security-bank.ru,Важное уведомление от Сбербанк,Служба безопасности Сбербанк: обнаружена попытка входа из Екатеринбург...,Сбербанк,True,2024-11-18 12:47:30.287072
social_media,service_1784@telegram-verify.ru,Важное уведомление от Telegram,Обнаружен подозрительный вход в ваш профиль Telegram...,Telegram,True,2024-11-14 12:47:30.287082
bank,service_2858@bank-online.ru,Важное уведомление от Тинькофф,Служба безопасности Тинькофф: обнаружена попытка входа из Екатеринбург...,Тинькофф,True,2024-10-31 12:47:30.287091
social_media,service_6169@ok-account.ru,Важное уведомление от Одноклассники,Обнаружен подозрительный вход в ваш профиль Одноклассники...,Одноклассники,True,2024-10-31 12:47:30.287100
bank,service_5035@security-bank.ru,Важное уведомление от Альфа-Банк,Служба безопасности Альфа-Банк: обнаружена попытка входа из Санкт-Петербург...,Альфа-Банк,True,2024-11-07 12:47:30.287109
social_media,service_5798@telegram-verify.ru,Важное уведомление от ВКонтакте,Ваш аккаунт ВКонтакте был временно заблокирован...,ВКонтакте,True,2024-11-08 12:47:30.287117
bank,service_3073@security-bank.ru,Важное уведомление от ВТБ,"Уважаемый клиент ВТБ, Ваша карта временно заблокирована...",ВТБ,True,2024-11-23 12:47:30.287126
bank,service_3819@bank-online.ru,Важное уведомление от Сбербанк,Служба безопасности Сбербанк: обнаружена попытка входа из Москва...,Сбербанк,True,2024-11-28 12:47:30.287135
online_shop,service_7496@online-shop.ru,Важное уведомление от Ozon,Ваш заказ #517870 из Ozon готов к выдаче...,Ozon,True,2024-11-19 12:47:30.287145
social_media,service_1754@telegram-verify.ru,Важное уведомление от Одноклассники,Обнаружен подозрительный вход в ваш профиль Одноклассники...,Одноклассники,True,2024-11-01 12:47:30.287155
bank,service_8294@bank-online.ru,Важное уведомление от Тинькофф,"Уважаемый клиент Тинькофф, Ваша карта временно заблокирована...",Тинькофф,True,2024-11-17 12:47:30.287166
bank,service_9918@security-bank.ru,Важное уведомление от Сбербанк,"Уважаемый клиент Сбербанк, Ваша карта временно заблокирована...",Сбербанк,True,2024-11-29 12:47:30.287175
social_media,service_4949@ok-account.ru,Важное уведомление от Telegram,Обнаружен подозрительный вход в ваш профиль Telegram...,Telegram,True,2024-11-22 12:47:30.287183
government,service_8819@mvd-notice.ru,Важное уведомление от ФНС России,Портал Госуслуг: Вам начислена компенсация 11610 руб...,ФНС России,True,2024-11-18 12:47:30.287192
social_media,service_8895@telegram-verify.ru,Важное уведомление от Telegram,Ваш аккаунт Telegram был временно заблокирован...,Telegram,True,2024-11-23 12:47:30.287202
government,service_8091@gov-services.ru,Важное уведомление от ФНС России,Уведомление о штрафе: 7312 руб. Оплатите в течение 10 дней...,ФНС России,True,2024-11-14 12:47:30.287211
online_shop,service_1944@delivery-express.ru,Важное уведомление от AliExpress,Получите скидку 84% в AliExpress прямо сейчас!,AliExpress,True,2024-11-09 12:47:30.287220
social_media,service_9165@telegram-verify.ru,Важное уведомление от ВКонтакте,Обнаружен подозрительный вход в ваш профиль ВКонтакте...,ВКонтакте,True,2024-11-07 12:47:30.287228
bank,service_6358@bank-online.ru,Важное уведомление от ВТБ,"Уважаемый клиент ВТБ, Ваша карта временно заблокирована...",ВТБ,True,2024-11-02 12:47:30.287237
social_media,service_5158@telegram-verify.ru,Важное уведомление от ВКонтакте,Ваш аккаунт ВКонтакте был временно заблокирован...,ВКонтакте,True,2024-11-08 12:47:30.287248
online_shop,service_5729@delivery-express.ru,Важное уведомление от Wildberries,Получите скидку 61% в Wildberries прямо сейчас!,Wildberries,True,2024-11-16 12:47:30.287257
bank,service_8794@security-bank.ru,Важное уведомление от Сбербанк,"Уважаемый клиент Сбербанк, Ваша карта временно заблокирована...",Сбербанк,True,2024-11-04 12:47:30.287267
social_media,service_6365@vk-security.ru,Важное уведомление от ВКонтакте,Обнаружен подозрительный вход в ваш профиль ВКонтакте...,ВКонтакте,True,2024-11-08 12:47:30.287276
social_media,service_2493@ok-account.ru,Важное уведомление от Одноклассники,Ваш аккаунт Одноклассники был временно заблокирован...,Одноклассники,True,2024-11-08 12:47:30.287284
bank,service_5465@bank-online.ru,Важное уведомление от Альфа-Банк,"Уважаемый клиент Альфа-Банк, Ваша карта временно заблокирована...",Альфа-Банк,True,2024-11-07 12:47:30.287293
social_media,service_5792@vk-security.ru,Важное уведомление от Одноклассники,Ваш аккаунт Одноклассники был временно заблокирован...,Одноклассники,True,2024-11-20 12:47:30.287302
bank,service_5889@bank-online.ru,Важное уведомление от Альфа-Банк,"Уважаемый клиент Альфа-Банк, Ваша карта временно заблокирована...",Альфа-Банк,True,2024-11-22 12:47:30.287311
government,service_5547@mvd-notice.ru,Важное уведомление от Госуслуги,Портал Госуслуг: Вам начислена компенсация 11563 руб...,Госуслуги,True,2024-11-20 12:47:30.287320
social_media,service_7122@telegram-verify.ru,Важное уведомление от Telegram,Ваш аккаунт Telegram был временно заблокирован...,Telegram,True,2024-11-07 12:47:30.287329
bank,service_7864@security-bank.ru,Важное уведомление от Альфа-Банк,Служба безопасности Альфа-Банк: обнаружена попытка входа из Екатеринбург...,Альфа-Банк,True,2024-11-11 12:47:30.287338
bank,service_9902@security-bank.ru,Важное уведомление от Альфа-Банк,Служба безопасности Альфа-Банк: обнаружена попытка входа из Екатеринбург...,Альфа-Банк,True,2024-11-25 12:47:30.287347
online_shop,service_9198@online-shop.ru,Важное уведомление от Wildberries,Получите скидку 50% в Wildberries прямо сейчас!,Wildberries,True,2024-11-05 12:47:30.287356
government,service_6478@mvd-notice.ru,Важное уведомление от МВД России,Портал Госуслуг: Вам начислена компенсация 3351 руб...,МВД России,True,2024-11-22 12:47:30.287365
social_media,service_7334@telegram-verify.ru,Важное уведомление от Одноклассники,Обнаружен подозрительный вход в ваш профиль Одноклассники...,Одноклассники,True,2024-11-10 12:47:30.287373
social_media,service_3859@vk-security.ru,Важное уведомление от Telegram,Ваш аккаунт Telegram был временно заблокирован...,Telegram,True,2024-11-17 12:47:30.287382
social_media,service_4217@vk-security.ru,Важное уведомление от Одноклассники,Ваш аккаунт Одноклассники был временно заблокирован...,Одноклассники,True,2024-11-06 12:47:30.287391
social_media,service_1279@telegram-verify.ru,Важное уведомление от ВКонтакте,Обнаружен подозрительный вход в ваш профиль ВКонтакте...,ВКонтакте,True,2024-11-05 12:47:30.287399
bank,service_9734@secure-banking.ru,Важное уведомление от Сбербанк,"Уважаемый клиент Сбербанк, Ваша карта временно заблокирована...",Сбербанк,True,2024-11-25 12:47:30.287409
social_media,service_4785@vk-security.ru,Важное уведомление от Telegram,Обнаружен подозрительный вход в ваш профиль Telegram...,Telegram,True,2024-11-22 12:47:30.287418
online_shop,service_9608@delivery-express.ru,Важное уведомление от Ozon,Получите скидку 78% в Ozon прямо сейчас!,Ozon,True,2024-11-12 12:47:30.287427
bank,service_9259@secure-banking.ru,Важное уведомление от Тинькофф,"Уважаемый клиент Тинькофф, Ваша карта временно заблокирована...",Тинькофф,True,2024-11-15 12:47:30.287436
online_shop,service_9147@delivery-express.ru,Важное уведомление от AliExpress,Получите скидку 75% в AliExpress прямо сейчас!,AliExpress,True,2024-11-20 12:47:30.287445
online_shop,service_1936@online-shop.ru,Важное уведомление от AliExpress,Получите скидку 88% в AliExpress прямо сейчас!,AliExpress,True,2024-11-18 12:47:30.287456
social_media,service_4923@vk-security.ru,Важное уведомление от ВКонтакте,Обнаружен подозрительный вход в ваш профиль ВКонтакте...,ВКонтакте,True,2024-11-21 12:47:30.287465
bank,service_5465@security-bank.ru,Важное уведомление от Сбербанк,"Уважаемый клиент Сбербанк, Ваша карта временно заблокирована...",Сбербанк,True,2024-11-03 12:47:30.287475
online_shop,service_1153@market-delivery.ru,Важное уведомление от Ozon,Получите скидку 88% в Ozon прямо сейчас!,Ozon,True,2024-11-13 12:47:30.287484
online_shop,service_9072@online-shop.ru,Важное уведомление от AliExpress,Получите скидку 65% в AliExpress прямо сейчас!,AliExpress,True,2024-11-06 12:47:30.287493
government,service_1656@mvd-notice.ru,Важное уведомление от Госуслуги,Уведомление о штрафе: 3170 руб. Оплатите в течение 8 дней...,Госуслуги,True,2024-11-01 12:47:30.287503
social_media,service_8437@ok-account.ru,Важное уведомление от ВКонтакте,Обнаружен подозрительный вход в ваш профиль ВКонтакте...,ВКонтакте,True,2024-11-20 12:47:30.287511
online_shop,service_9683@online-shop.ru,Важное уведомление от Яндекс.Маркет,Ваш заказ #440286 из Яндекс.Маркет готов к выдаче...,Яндекс.Маркет,True,2024-11-01 12:47:30.287520
government,service_2614@tax-portal.ru,Важное уведомление от Госуслуги,Портал Госуслуг: Вам начислена компенсация 4082 руб...,Госуслуги,True,2024-11-23 12:47:30.287530
social_media,service_5446@telegram-verify.ru,Важное уведомление от ВКонтакте,Обнаружен подозрительный вход в ваш профиль ВКонтакте...,ВКонтакте,True,2024-11-08 12:47:30.287539
government,service_1003@gov-services.ru,Важное уведомление от ФНС России,Портал Госуслуг: Вам начислена компенсация 13440 руб...,ФНС России,True,2024-11-29 12:47:30.287548
online_shop,service_5283@online-shop.ru,Важное уведомление от AliExpress,Получите скидку 76% в AliExpress прямо сейчас!,AliExpress,True,2024-11-05 12:47:30.287557
bank,service_3638@bank-online.ru,Важное уведомление от Альфа-Банк,"Уважаемый клиент Альфа-Банк, Ваша карта временно заблокирована...",Альфа-Банк,True,2024-10-31 12:47:30.287566
social_media,service_8944@ok-account.ru,Важное уведомление от ВКонтакте,Ваш аккаунт ВКонтакте был временно заблокирован...,ВКонтакте,True,2024-11-14 12:47:30.287574
online_shop,service_5754@delivery-express.ru,Важное уведомление от AliExpress,Ваш заказ #536079 из AliExpress готов к выдаче...,AliExpress,True,2024-11-09 12:47:30.287586
social_media,service_4206@ok-account.ru,Важное уведомление от ВКонтакте,Обнаружен подозрительный вход в ваш профиль ВКонтакте...,ВКонтакте,True,2024-11-29 12:47:30.287596
bank,service_3638@security-bank.ru,Важное уведомление от ВТБ,"Уважаемый клиент ВТБ, Ваша карта временно заблокирована...",ВТБ,True,2024-11-21 12:47:30.287606
bank,service_6591@security-bank.ru,Важное уведомление от Альфа-Банк,"Уважаемый клиент Альфа-Банк, Ваша карта временно заблокирована...",Альфа-Банк,True,2024-11-29 12:47:30.287616
online_shop,service_4491@market-delivery.ru,Важное уведомление от Ozon,Ваш заказ #404765 из Ozon готов к выдаче...,Ozon,True,2024-11-03 12:47:30.287625
government,service_6646@gov-services.ru,Важное уведомление от МВД России,Портал Госуслуг: Вам начислена компенсация 11569 руб...,МВД России,True,2024-11-13 12:47:30.287634
social_media,service_6708@vk-security.ru,Важное уведомление от Telegram,Ваш аккаунт Telegram был временно заблокирован...,Telegram,True,2024-11-25 12:47:30.287644
social_media,service_3049@vk-security.ru,Важное уведомление от Telegram,Обнаружен подозрительный вход в ваш профиль Telegram...,Telegram,True,2024-11-07 12:47:30.287653
government,service_2593@tax-portal.ru,Важное уведомление от МВД России,Уведомление о штрафе: 2794 руб. Оплатите в течение 4 дней...,МВД России,True,2024-11-19 12:47:30.287662
government,service_9983@mvd-notice.ru,Важное уведомление от МВД России,Портал Госуслуг: Вам начислена компенсация 4300 руб...,МВД России,True,2024-11-10 12:47:30.287670
government,service_6684@gov-services.ru,Важное уведомление от ФНС России,Уведомление о штрафе: 3349 руб. Оплатите в течение 5 дней...,ФНС России,True,2024-11-16 12:47:30.287679
government,service_9712@tax-portal.ru,Важное уведомление от ФНС России,Уведомление о штрафе: 2349 руб. Оплатите в течение 9 дней...,ФНС России,True,2024-11-29 12:47:30.287689
social_media,service_3075@ok-account.ru,Важное уведомление от Telegram,Ваш аккаунт Telegram был временно заблокирован...,Telegram,True,2024-11-09 12:47:30.287698
government,service_4183@mvd-notice.ru,Важное уведомление от МВД России,Уведомление о штрафе: 6072 руб. Оплатите в течение 9 дней...,МВД России,True,2024-11-18 12:47:30.287707
bank,service_4896@bank-online.ru,Важное уведомление от Альфа-Банк,Служба безопасности Альфа-Банк: обнаружена попытка входа из Екатеринбург...,Альфа-Банк,True,2024-11-12 12:47:30.287716
government,service_4848@mvd-notice.ru,Важное уведомление от МВД России,Уведомление о штрафе: 7051 руб. Оплатите в течение 6 дней...,МВД России,True,2024-11-21 12:47:30.287725
online_shop,service_2426@market-delivery.ru,Важное уведомление от Wildberries,Ваш заказ #101569 из Wildberries готов к выдаче...,Wildberries,True,2024-11-23 12:47:30.287733
online_shop,service_4360@online-shop.ru,Важное уведомление от AliExpress,Получите скидку 80% в AliExpress прямо сейчас!,AliExpress,True,2024-11-21 12:47:30.287743
online_shop,service_3925@market-delivery.ru,Важное уведомление от Яндекс.Маркет,Ваш заказ #300564 из Яндекс.Маркет готов к выдаче...,Яндекс.Маркет,True,2024-11-24 12:47:30.287752
bank,service_8592@bank-online.ru,Важное уведомление от ВТБ,Служба безопасности ВТБ: обнаружена попытка входа из Екатеринбург...,ВТБ,True,2024-11-29 12:47:30.287762
government,service_2549@tax-portal.ru,Важное уведомление от Госуслуги,Портал Госуслуг: Вам начислена компенсация 13378 руб...,Госуслуги,True,2024-11-20 12:47:30.287771
bank,service_8094@security-bank.ru,Важное уведомление от Тинькофф,Служба безопасности Тинькофф: обнаружена попытка входа из Санкт-Петербург...,Тинькофф,True,2024-11-22 12:47:30.287781
social_media,service_4499@ok-account.ru,Важное уведомление от Telegram,Обнаружен подозрительный вход в ваш профиль Telegram...,Telegram,True,2024-11-05 12:47:30.287790
government,service_4787@mvd-notice.ru,Важное уведомление от МВД России,Уведомление о штрафе: 3641 руб. Оплатите в течение 4 дней...,МВД России,True,2024-11-14 12:47:30.287800
online_shop,service_4657@online-shop.ru,Важное уведомление от Ozon,Получите скидку 90% в Ozon прямо сейчас!,Ozon,True,2024-11-04 12:47:30.287810
social_media,service_7929@ok-account.ru,Важное уведомление от Одноклассники,Обнаружен подозрительный вход в ваш профиль Одноклассники...,Одноклассники,True,2024-11-19 12:47:30.287819
online_shop,service_5710@online-shop.ru,Важное уведомление от Яндекс.Маркет,Ваш заказ #883694 из Яндекс.Маркет готов к выдаче...,Яндекс.Маркет,True,2024-11-22 12:47:30.287828
government,service_4588@mvd-notice.ru,Важное уведомление от ФНС России,Портал Госуслуг: Вам начислена компенсация 9821 руб...,ФНС России,True,2024-11-01 12:47:30.287837
bank,service_8464@security-bank.ru,Важное уведомление от Тинькофф,"Уважаемый клиент Тинькофф, Ваша карта временно заблокирована...",Тинькофф,True,2024-11-17 12:47:30.287846
social_media,service_4924@ok-account.ru,Важное уведомление от Одноклассники,Ваш аккаунт Одноклассники был временно заблокирован...,Одноклассники,True,2024-11-24 12:47:30.287855
social_media,service_9941@vk-security.ru,Важное уведомление от Одноклассники,Обнаружен подозрительный вход в ваш профиль Одноклассники...,Одноклассники,True,2024-11-21 12:47:30.287864
government,service_8689@gov-services.ru,Важное уведомление от Госуслуги,Портал Госуслуг: Вам начислена компенсация 7146 руб...,Госуслуги,True,2024-11-09 12:47:30.287873
social_media,service_3894@ok-account.ru,Важное уведомление от Одноклассники,Ваш аккаунт Одноклассники был временно заблокирован...,Одноклассники,True,2024-11-09 12:47:30.287882
government,service_8965@gov-services.ru,Важное уведомление от ФНС России,Портал Госуслуг: Вам начислена компенсация 13578 руб...,ФНС России,True,2024-11-09 12:47:30.287891
government,service_3004@gov-services.ru,Важное уведомление от МВД России,Портал Госуслуг: Вам начислена компенсация 6379 руб...,МВД России,True,2024-11-08 12:47:30.287900
online_shop,service_2911@market-delivery.ru,Важное уведомление от Яндекс.Маркет,Получите скидку 59% в Яндекс.Маркет прямо сейчас!,Яндекс.Маркет,True,2024-11-14 12:47:30.287909
government,service_7769@gov-services.ru,Важное уведомление от МВД России,Уведомление о штрафе: 4256 руб. Оплатите в течение 4 дней...,МВД России,True,2024-11-24 12:47:30.287918
government,service_7540@gov-services.ru,Важное уведомление от ФНС России,Портал Госуслуг: Вам начислена компенсация 9283 руб...,ФНС России,True,2024-11-15 12:47:30.287928
bank,service_1728@secure-banking.ru,Важное уведомление от Сбербанк,Служба безопасности Сбербанк: обнаружена попытка входа из Новосибирск...,Сбербанк,True,2024-11-03 12:47:30.287937
online_shop,service_6151@online-shop.ru,Важное уведомление от Ozon,Ваш заказ #868419 из Ozon готов к выдаче...,Ozon,True,2024-11-18 12:47:30.287946
bank,service_5775@secure-banking.ru,Важное уведомление от Альфа-Банк,Служба безопасности Альфа-Банк: обнаружена попытка входа из Москва...,Альфа-Банк,True,2024-11-21 12:47:30.287955
online_shop,service_3375@delivery-express.ru,Важное уведомление от AliExpress,Ваш заказ #447812 из AliExpress готов к выдаче...,AliExpress,True,2024-10-31 12:47:30.287964
online_shop,service_5033@online-shop.ru,Важное уведомление от Wildberries,Ваш заказ #766014 из Wildberries готов к выдаче...,Wildberries,True,2024-11-28 12:47:30.287973
government,service_5292@mvd-notice.ru,Важное уведомление от ФНС России,Портал Госуслуг: Вам начислена компенсация 11633 руб...,ФНС России,True,2024-11-24 12:47:30.287982
government,service_2530@gov-services.ru,Важное уведомление от ФНС России,Портал Госуслуг: Вам начислена компенсация 14471 руб...,ФНС России,True,2024-11-13 12:47:30.287990
bank,service_3555@secure-banking.ru,Важное уведомление от Сбербанк,Служба безопасности Сбербанк: обнаружена попытка входа из Москва...,Сбербанк,True,2024-11-21 12:47:30.287999
government,service_3781@mvd-notice.ru,Важное уведомление от Госуслуги,Уведомление о штрафе: 2312 руб. Оплатите в течение 3 дней...,Госуслуги,True,2024-11-14 12:47:30.288009
bank,service_1276@bank-online.ru,Важное уведомление от Тинькофф,Служба безопасности Тинькофф: обнаружена попытка входа из Екатеринбург...,Тинькофф,True,2024-11-20 12:47:30.288019
social_media,service_7417@ok-account.ru,Важное уведомление от Telegram,Обнаружен подозрительный вход в ваш профиль Telegram...,Telegram,True,2024-11-03 12:47:30.288027
government,service_7889@tax-portal.ru,Важное уведомление от ФНС России,Уведомление о штрафе: 1578 руб. Оплатите в течение 3 дней...,ФНС России,True,2024-11-09 12:47:30.288036
government,service_4183@tax-portal.ru,Важное уведомление от Госуслуги,Уведомление о штрафе: 9052 руб. Оплатите в течение 4 дней...,Госуслуги,True,2024-11-15 12:47:30.288045
social_media,service_4226@vk-security.ru,Важное уведомление от ВКонтакте,Обнаружен подозрительный вход в ваш профиль ВКонтакте...,ВКонтакте,True,2024-11-05 12:47:30.288054
bank,service_5027@security-bank.ru,Важное уведомление от Тинькофф,"Уважаемый клиент Тинькофф, Ваша карта временно заблокирована...",Тинькофф,True,2024-11-24 12:47:30.288063
bank,service_7547@security-bank.ru,Важное уведомление от Тинькофф,"Уважаемый клиент Тинькофф, Ваша карта временно заблокирована...",Тинькофф,True,2024-11-05 12:47:30.288072
online_shop,service_3376@market-delivery.ru,Важное уведомление от Яндекс.Маркет,Ваш заказ #447378 из Яндекс.Маркет готов к выдаче...,Яндекс.Маркет,True,2024-11-03 12:47:30.288082
online_shop,service_2109@delivery-express.ru,Важное уведомление от Яндекс.Маркет,Ваш заказ #563002 из Яндекс.Маркет готов к выдаче...,Яндекс.Маркет,True,2024-11-06 12:47:30.288091
bank,service_7300@security-bank.ru,Важное уведомление от ВТБ,"Уважаемый клиент ВТБ, Ваша карта временно заблокирована...",ВТБ,True,2024-11-16 12:47:30.288101
bank,service_9268@security-bank.ru,Важное уведомление от Тинькофф,Служба безопасности Тинькофф: обнаружена попытка входа из Санкт-Петербург...,Тинькофф,True,2024-11-02 12:47:30.288111
social_media,service_9801@ok-account.ru,Важное уведомление от Одноклассники,Обнаружен подозрительный вход в ваш профиль Одноклассники...,Одноклассники,True,2024-11-13 12:47:30.288120
social_media,service_3429@telegram-verify.ru,Важное уведомление от ВКонтакте,Обнаружен подозрительный вход в ваш профиль ВКонтакте...,ВКонтакте,True,2024-11-05 12:47:30.288129
government,service_5001@mvd-notice.ru,Важное уведомление от ФНС России,Портал Госуслуг: Вам начислена компенсация 4836 руб...,ФНС России,True,2024-11-24 12:47:30.288138
government,service_5866@gov-services.ru,Важное уведомление от МВД России,Портал Госуслуг: Вам начислена компенсация 7049 руб...,МВД России,True,2024-10-31 12:47:30.288147
bank,service_8140@secure-banking.ru,Важное уведомление от Тинькофф,"Уважаемый клиент Тинькофф, Ваша карта временно заблокирована...",Тинькофф,True,2024-11-08 12:47:30.288156
social_media,service_1315@telegram-verify.ru,Важное уведомление от Одноклассники,Обнаружен подозрительный вход в ваш профиль Одноклассники...,Одноклассники,True,2024-11-16 12:47:30.288164
government,service_4226@gov-services.ru,Важное уведомление от Госуслуги,Уведомление о штрафе: 4046 руб. Оплатите в течение 6 дней...,Госуслуги,True,2024-11-26 12:47:30.288173
government,service_6167@mvd-notice.ru,Важное уведомление от Госуслуги,Портал Госуслуг: Вам начислена компенсация 5450 руб...,Госуслуги,True,2024-11-10 12:47:30.288182
online_shop,service_7446@delivery-express.ru,Важное уведомление от Яндекс.Маркет,Получите скидку 53% в Яндекс.Маркет прямо сейчас!,Яндекс.Маркет,True,2024-11-14 12:47:30.288191
online_shop,service_8825@online-shop.ru,Важное уведомление от Ozon,Ваш заказ #566514 из Ozon готов к выдаче...,Ozon,True,2024-11-08 12:47:30.288200
bank,service_6067@security-bank.ru,Важное уведомление от Альфа-Банк,Служба безопасности Альфа-Банк: обнаружена попытка входа из Санкт-Петербург...,Альфа-Банк,True,2024-11-24 12:47:30.288210
bank,service_4511@security-bank.ru,Важное уведомление от Тинькофф,"Уважаемый клиент Тинькофф, Ваша карта временно заблокирована...",Тинькофф,True,2024-10-31 12:47:30.288219
social_media,service_7146@telegram-verify.ru,Важное уведомление от ВКонтакте,Ваш аккаунт ВКонтакте был временно заблокирован...,ВКонтакте,True,2024-11-22 12:47:30.288228
social_media,service_9370@vk-security.ru,Важное уведомление от Одноклассники,Ваш аккаунт Одноклассники был временно заблокирован...,Одноклассники,True,2024-11-12 12:47:30.288236
bank,service_8999@bank-online.ru,Важное уведомление от Альфа-Банк,Служба безопасности Альфа-Банк: обнаружена попытка входа из Санкт-Петербург...,Альфа-Банк,True,2024-11-10 12:47:30.288246
government,service_9079@tax-portal.ru,Важное уведомление от Госуслуги,Уведомление о штрафе: 1643 руб. Оплатите в течение 6 дней...,Госуслуги,True,2024-11-25 12:47:30.288256
bank,service_1096@security-bank.ru,Важное уведомление от Альфа-Банк,"Уважаемый клиент Альфа-Банк, Ваша карта временно заблокирована...",Альфа-Банк,True,2024-11-08 12:47:30.288265
social_media,service_1538@vk-security.ru,Важное уведомление от Telegram,Обнаружен подозрительный вход в ваш профиль Telegram...,Telegram,True,2024-11-12 12:47:30.288274
bank,service_7046@bank-online.ru,Важное уведомление от ВТБ,Служба безопасности ВТБ: обнаружена попытка входа из Москва...,ВТБ,True,2024-11-08 12:47:30.288284
online_shop,service_4906@market-delivery.ru,Важное уведомление от Wildberries,Получите скидку 80% в Wildberries прямо сейчас!,Wildberries,True,2024-11-26 12:47:30.288293
online_shop,service_8779@delivery-express.ru,Важное уведомление от Ozon,Получите скидку 51% в Ozon прямо сейчас!,Ozon,True,2024-11-14 12:47:30.288303
bank,service_9223@bank-online.ru,Важное уведомление от Сбербанк,"Уважаемый клиент Сбербанк, Ваша карта временно заблокирована...",Сбербанк,True,2024-11-01 12:47:30.288312
bank,service_3318@bank-online.ru,Важное уведомление от Сбербанк,"Уважаемый клиент Сбербанк, Ваша карта временно заблокирована...",Сбербанк,True,2024-11-27 12:47:30.288321
online_shop,service_2376@delivery-express.ru,Важное уведомление от Wildberries,Получите скидку 85% в Wildberries прямо сейчас!,Wildberries,True,2024-10-31 12:47:30.288330
online_shop,service_6227@delivery-express.ru,Важное уведомление от Ozon,Получите скидку 88% в Ozon прямо сейчас!,Ozon,True,2024-11-19 12:47:30.288339
bank,service_8392@secure-banking.ru,Важное уведомление от ВТБ,"Уважаемый клиент ВТБ, Ваша карта временно заблокирована...",ВТБ,True,2024-11-04 12:47:30.288348
social_media,service_8093@vk-security.ru,Важное уведомление от Telegram,Обнаружен подозрительный вход в ваш профиль Telegram...,Telegram,True,2024-11-29 12:47:30.288357
social_media,service_9618@vk-security.ru,Важное уведомление от Одноклассники,Обнаружен подозрительный вход в ваш профиль Одноклассники...,Одноклассники,True,2024-11-08 12:47:30.288367
social_media,service_5743@telegram-verify.ru,Важное уведомление от Одноклассники,Обнаружен подозрительный вход в ваш профиль Одноклассники...,Одноклассники,True,2024-11-01 12:47:30.288376
government,service_2604@gov-services.ru,Важное уведомление от ФНС России,Уведомление о штрафе: 8177 руб. Оплатите в течение 9 дней...,ФНС России,True,2024-11-10 12:47:30.288384
social_media,service_4103@telegram-verify.ru,Важное уведомление от ВКонтакте,Обнаружен подозрительный вход в ваш профиль ВКонтакте...,ВКонтакте,True,2024-11-23 12:47:30.288393
online_shop,service_8934@delivery-express.ru,Важное уведомление от Ozon,Получите скидку 53% в Ozon прямо сейчас!,Ozon,True,2024-11-15 12:47:30.288403
bank,service_1268@security-bank.ru,Важное уведомление от Альфа-Банк,"Уважаемый клиент Альфа-Банк, Ваша карта временно заблокирована...",Альфа-Банк,True,2024-11-24 12:47:30.288412
social_media,service_8665@telegram-verify.ru,Важное уведомление от Одноклассники,Ваш аккаунт Одноклассники был временно заблокирован...,Одноклассники,True,2024-11-29 12:47:30.288421
social_media,service_5115@telegram-verify.ru,Важное уведомление от Telegram,Ваш аккаунт Telegram был временно заблокирован...,Telegram,True,2024-11-06 12:47:30.288431
government,service_4658@tax-portal.ru,Важное уведомление от МВД России,Портал Госуслуг: Вам начислена компенсация 7833 руб...,МВД России,True,2024-11-15 12:47:30.288441
government,service_7285@mvd-notice.ru,Важное уведомление от Госуслуги,Уведомление о штрафе: 2309 руб. Оплатите в течение 6 дней...,Госуслуги,True,2024-11-25 12:47:30.288451
bank,service_9245@bank-online.ru,Важное уведомление от Тинькофф,Служба безопасности Тинькофф: обнаружена попытка входа из Санкт-Петербург...,Тинькофф,True,2024-11-17 12:47:30.288460
online_shop,service_4384@delivery-express.ru,Важное уведомление от Яндекс.Маркет,Ваш заказ #947328 из Яндекс.Маркет готов к выдаче...,Яндекс.Маркет,True,2024-11-16 12:47:30.288470
government,service_5632@tax-portal.ru,Важное уведомление от Госуслуги,Портал Госуслуг: Вам начислена компенсация 11307 руб...,Госуслуги,True,2024-11-12 12:47:30.288478
social_media,service_6897@telegram-verify.ru,Важное уведомление от ВКонтакте,Ваш аккаунт ВКонтакте был временно заблокирован...,ВКонтакте,True,2024-11-17 12:47:30.288487
government,service_1989@tax-portal.ru,Важное уведомление от Госуслуги,Портал Госуслуг: Вам начислена компенсация 11712 руб...,Госуслуги,True,2024-11-08 12:47:30.288496
social_media,service_3950@ok-account.ru,Важное уведомление от Одноклассники,Обнаружен подозрительный вход в ваш профиль Одноклассники...,Одноклассники,True,2024-11-12 12:47:30.288505
bank,service_2280@secure-banking.ru,Важное уведомление от Альфа-Банк,"Уважаемый клиент Альфа-Банк, Ваша карта временно заблокирована...",Альфа-Банк,True,2024-11-10 12:47:30.288514
online_shop,service_4677@online-shop.ru,Важное уведомление от Яндекс.Маркет,Ваш заказ #122939 из Яндекс.Маркет готов к выдаче...,Яндекс.Маркет,True,2024-11-20 12:47:30.288522
social_media,service_9374@telegram-verify.ru,Важное уведомление от ВКонтакте,Ваш аккаунт ВКонтакте был временно заблокирован...,ВКонтакте,True,2024-11-28 12:47:30.288531
social_media,service_1974@telegram-verify.ru,Важное уведомление от Telegram,Ваш аккаунт Telegram был временно заблокирован...,Telegram,True,2024-11-16 12:47:30.288540
bank,service_4470@secure-banking.ru,Важное уведомление от Сбербанк,Служба безопасности Сбербанк: обнаружена попытка входа из Екатеринбург...,Сбербанк,True,2024-11-01 12:47:30.288550
government,service_6839@mvd-notice.ru,Важное уведомление от Госуслуги,Портал Госуслуг: Вам начислена компенсация 13266 руб...,Госуслуги,True,2024-11-07 12:47:30.288558
social_media,service_2412@ok-account.ru,Важное уведомление от Одноклассники,Ваш аккаунт Одноклассники был временно заблокирован...,Одноклассники,True,2024-11-21 12:47:30.288567
government,service_7453@gov-services.ru,Важное уведомление от Госуслуги,Уведомление о штрафе: 1301 руб. Оплатите в течение 10 дней...,Госуслуги,True,2024-11-21 12:47:30.288578
social_media,service_2249@telegram-verify.ru,Важное уведомление от Telegram,Ваш аккаунт Telegram был временно заблокирован...,Telegram,True,2024-11-27 12:47:30.288588
government,service_2467@tax-portal.ru,Важное уведомление от ФНС России,Портал Госуслуг: Вам начислена компенсация 12776 руб...,ФНС России,True,2024-11-14 12:47:30.288597
bank,service_5672@bank-online.ru,Важное уведомление от Тинькофф,"Уважаемый клиент Тинькофф, Ваша карта временно заблокирована...",Тинькофф,True,2024-11-16 12:47:30.288607
online_shop,service_8549@online-shop.ru,Важное уведомление от Wildberries,Ваш заказ #454261 из Wildberries готов к выдаче...,Wildberries,True,2024-11-23 12:47:30.288616
bank,service_4394@security-bank.ru,Важное уведомление от ВТБ,Служба безопасности ВТБ: обнаружена попытка входа из Новосибирск...,ВТБ,True,2024-11-13 12:47:30.288625
bank,service_2785@security-bank.ru,Важное уведомление от Сбербанк,"Уважаемый клиент Сбербанк, Ваша карта временно заблокирована...",Сбербанк,True,2024-11-12 12:47:30.288634
bank,service_1955@secure-banking.ru,Важное уведомление от Тинькофф,Служба безопасности Тинькофф: обнаружена попытка входа из Екатеринбург...,Тинькофф,True,2024-11-19 12:47:30.288643
bank,service_9069@bank-online.ru,Важное уведомление от ВТБ,"Уважаемый клиент ВТБ, Ваша карта временно заблокирована...",ВТБ,True,2024-11-22 12:47:30.288652
social_media,service_6801@telegram-verify.ru,Важное уведомление от Одноклассники,Ваш аккаунт Одноклассники был временно заблокирован...,Одноклассники,True,2024-11-09 12:47:30.288661
online_shop,service_7358@market-delivery.ru,Важное уведомление от Wildberries,Ваш заказ #504294 из Wildberries готов к выдаче...,Wildberries,True,2024-11-06 12:47:30.288669
bank,service_9078@security-bank.ru,Важное уведомление от Альфа-Банк,Служба безопасности Альфа-Банк: обнаружена попытка входа из Санкт-Петербург...,Альфа-Банк,True,2024-11-27 12:47:30.288679
online_shop,service_8832@online-shop.ru,Важное уведомление от Ozon,Ваш заказ #296015 из Ozon готов к выдаче...,Ozon,True,2024-11-29 12:47:30.288688
online_shop,service_9253@market-delivery.ru,Важное уведомление от Ozon,Ваш заказ #376960 из Ozon готов к выдаче...,Ozon,True,2024-11-27 12:47:30.288698
government,service_7574@gov-services.ru,Важное уведомление от ФНС России,Уведомление о штрафе: 1365 руб. Оплатите в течение 10 дней...,ФНС России,True,2024-11-10 12:47:30.288707
government,service_4122@tax-portal.ru,Важное уведомление от МВД России,Уведомление о штрафе: 1670 руб. Оплатите в течение 7 дней...,МВД России,True,2024-11-22 12:47:30.288716
online_shop,service_7642@online-shop.ru,Важное уведомление от Ozon,Получите скидку 86% в Ozon прямо сейчас!,Ozon,True,2024-11-12 12:47:30.288725
government,service_9717@gov-services.ru,Важное уведомление от Госуслуги,Уведомление о штрафе: 7181 руб. Оплатите в течение 10 дней...,Госуслуги,True,2024-11-07 12:47:30.288734
bank,service_7553@secure-banking.ru,Важное уведомление от Тинькофф,"Уважаемый клиент Тинькофф, Ваша карта временно заблокирована...",Тинькофф,True,2024-11-04 12:47:30.288743
bank,service_9881@security-bank.ru,Важное уведомление от Тинькофф,"Уважаемый клиент Тинькофф, Ваша карта временно заблокирована...",Тинькофф,True,2024-11-07 12:47:30.288751
government,service_5388@gov-services.ru,Важное уведомление от Госуслуги,Портал Госуслуг: Вам начислена компенсация 9255 руб...,Госуслуги,True,2024-10-31 12:47:30.288760
social_media,service_7427@telegram-verify.ru,Важное уведомление от Telegram,Обнаружен подозрительный вход в ваш профиль Telegram...,Telegram,True,2024-11-16 12:47:30.288769
social_media,service_1979@telegram-verify.ru,Важное уведомление от Одноклассники,Обнаружен подозрительный вход в ваш профиль Одноклассники...,Одноклассники,True,2024-11-08 12:47:30.288779
bank,service_6085@security-bank.ru,Важное уведомление от Сбербанк,"Уважаемый клиент Сбербанк, Ваша карта временно заблокирована...",Сбербанк,True,2024-11-01 12:47:30.288788
government,service_5847@mvd-notice.ru,Важное уведомление от Госуслуги,Портал Госуслуг: Вам начислена компенсация 11248 руб...,Госуслуги,True,2024-11-07 12:47:30.288797
government,service_3916@tax-portal.ru,Важное уведомление от МВД России,Уведомление о штрафе: 1844 руб. Оплатите в течение 10 дней...,МВД России,True,2024-11-11 12:47:30.288807
government,service_4105@tax-portal.ru,Важное уведомление от ФНС России,Уведомление о штрафе: 7883 руб. Оплатите в течение 7 дней...,ФНС России,True,2024-11-16 12:47:30.288819
online_shop,service_6030@delivery-express.ru,Важное уведомление от AliExpress,Получите скидку 87% в AliExpress прямо сейчас!,AliExpress,True,2024-11-24 12:47:30.288828
government,service_1487@mvd-notice.ru,Важное уведомление от ФНС России,Уведомление о штрафе: 7848 руб. Оплатите в течение 7 дней...,ФНС России,True,2024-11-27 12:47:30.288837
bank,service_3667@secure-banking.ru,Важное уведомление от Тинькофф,"Уважаемый клиент Тинькофф, Ваша карта временно заблокирована...",Тинькофф,True,2024-11-14 12:47:30.288846
government,service_8512@mvd-notice.ru,Важное уведомление от МВД России,Уведомление о штрафе: 7931 руб. Оплатите в течение 3 дней...,МВД России,True,2024-11-21 12:47:30.288855
social_media,service_6289@telegram-verify.ru,Важное уведомление от Одноклассники,Ваш аккаунт Одноклассники был временно заблокирован...,Одноклассники,True,2024-11-05 12:47:30.288865
social_media,service_1702@vk-security.ru,Важное уведомление от ВКонтакте,Обнаружен подозрительный вход в ваш профиль ВКонтакте...,ВКонтакте,True,2024-11-02 12:47:30.288874
online_shop,service_7069@delivery-express.ru,Важное уведомление от Яндекс.Маркет,Получите скидку 72% в Яндекс.Маркет прямо сейчас!,Яндекс.Маркет,True,2024-11-29 12:47:30.288882
online_shop,service_8118@market-delivery.ru,Важное уведомление от Ozon,Получите скидку 70% в Ozon прямо сейчас!,Ozon,True,2024-11-04 12:47:30.288891
online_shop,service_1800@market-delivery.ru,Важное уведомление от Яндекс.Маркет,Ваш заказ #788297 из Яндекс.Маркет готов к выдаче...,Яндекс.Маркет,True,2024-11-19 12:47:30.288900
social_media,service_6007@ok-account.ru,Важное уведомление от ВКонтакте,Ваш аккаунт ВКонтакте был временно заблокирован...,ВКонтакте,True,2024-11-22 12:47:30.288909
online_shop,service_5350@market-delivery.ru,Важное уведомление от Яндекс.Маркет,Получите скидку 70% в Яндекс.Маркет прямо сейчас!,Яндекс.Маркет,True,2024-11-26 12:47:30.288919
government,service_2065@gov-services.ru,Важное уведомление от Госуслуги,Портал Госуслуг: Вам начислена компенсация 5709 руб...,Госуслуги,True,2024-10-31 12:47:30.288928
social_media,service_7020@telegram-verify.ru,Важное уведомление от Одноклассники,Ваш аккаунт Одноклассники был временно заблокирован...,Одноклассники,True,2024-11-21 12:47:30.288936
online_shop,service_4609@delivery-express.ru,Важное уведомление от Ozon,Ваш заказ #473997 из Ozon готов к выдаче...,Ozon,True,2024-11-15 12:47:30.288946
social_media,service_5618@ok-account.ru,Важное уведомление от Telegram,Обнаружен подозрительный вход в ваш профиль Telegram...,Telegram,True,2024-11-19 12:47:30.288957
online_shop,service_8252@market-delivery.ru,Важное уведомление от Яндекс.Маркет,Ваш заказ #526466 из Яндекс.Маркет готов к выдаче...,Яндекс.Маркет,True,2024-11-16 12:47:30.288965
government,service_5796@gov-services.ru,Важное уведомление от Госуслуги,Портал Госуслуг: Вам начислена компенсация 9211 руб...,Госуслуги,True,2024-11-05 12:47:30.288974
online_shop,service_3778@online-shop.ru,Важное уведомление от Яндекс.Маркет,Получите скидку 86% в Яндекс.Маркет прямо сейчас!,Яндекс.Маркет,True,2024-11-11 12:47:30.288983
online_shop,service_3152@delivery-express.ru,Важное уведомление от Wildberries,Получите скидку 85% в Wildberries прямо сейчас!,Wildberries,True,2024-11-05 12:47:30.288992
government,service_9737@mvd-notice.ru,Важное уведомление от ФНС России,Портал Госуслуг: Вам начислена компенсация 3808 руб...,ФНС России,True,2024-11-21 12:47:30.289001
online_shop,service_3143@market-delivery.ru,Важное уведомление от AliExpress,Получите скидку 85% в AliExpress прямо сейчас!,AliExpress,True,2024-11-13 12:47:30.289010
bank,service_6380@security-bank.ru,Важное уведомление от Альфа-Банк,"Уважаемый клиент Альфа-Банк, Ваша карта временно заблокирована...",Альфа-Банк,True,2024-11-13 12:47:30.289019
social_media,service_8942@vk-security.ru,Важное уведомление от Telegram,Обнаружен подозрительный вход в ваш профиль Telegram...,Telegram,True,2024-11-18 12:47:30.289029
online_shop,service_8644@online-shop.ru,Важное уведомление от Ozon,Ваш заказ #657918 из Ozon готов к выдаче...,Ozon,True,2024-11-27 12:47:30.289038
online_shop,service_2448@market-delivery.ru,Важное уведомление от Ozon,Получите скидку 90% в Ozon прямо сейчас!,Ozon,True,2024-11-26 12:47:30.289048
online_shop,service_3122@market-delivery.ru,Важное уведомление от Ozon,Ваш заказ #913728 из Ozon готов к выдаче...,Ozon,True,2024-11-25 12:47:30.289057
social_media,service_7958@vk-security.ru,Важное уведомление от Telegram,Ваш аккаунт Telegram был временно заблокирован...,Telegram,True,2024-11-21 12:47:30.289065
social_media,service_2626@ok-account.ru,Важное уведомление от ВКонтакте,Обнаружен подозрительный вход в ваш профиль ВКонтакте...,ВКонтакте,True,2024-11-15 12:47:30.289074
social_media,service_1363@telegram-verify.ru,Важное уведомление от ВКонтакте,Ваш аккаунт ВКонтакте был временно заблокирован...,ВКонтакте,True,2024-11-27 12:47:30.289112
social_media,service_2925@ok-account.ru,Важное уведомление от Telegram,Обнаружен подозрительный вход в ваш профиль Telegram...,Telegram,True,2024-11-25 12:47:30.289121
bank,service_8470@bank-online.ru,Важное уведомление от Альфа-Банк,"Уважаемый клиент Альфа-Банк, Ваша карта временно заблокирована...",Альфа-Банк,True,2024-11-22 12:47:30.289130
social_media,service_2632@vk-security.ru,Важное уведомление от ВКонтакте,Обнаружен подозрительный вход в ваш профиль ВКонтакте...,ВКонтакте,True,2024-11-08 12:47:30.289139
social_media,service_8452@telegram-verify.ru,Важное уведомление от ВКонтакте,Обнаружен подозрительный вход в ваш профиль ВКонтакте...,ВКонтакте,True,2024-11-12 12:47:30.289148
social_media,service_5989@telegram-verify.ru,Важное уведомление от Telegram,Обнаружен подозрительный вход в ваш профиль Telegram...,Telegram,True,2024-11-24 12:47:30.289156
government,service_4475@tax-portal.ru,Важное уведомление от МВД России,Портал Госуслуг: Вам начислена компенсация 6907 руб...,МВД России,True,2024-11-24 12:47:30.289168
social_media,service_6022@ok-account.ru,Важное уведомление от ВКонтакте,Ваш аккаунт ВКонтакте был временно заблокирован...,ВКонтакте,True,2024-11-05 12:47:30.289177
government,service_4255@gov-services.ru,Важное уведомление от Госуслуги,Портал Госуслуг: Вам начислена компенсация 9101 руб...,Госуслуги,True,2024-11-15 12:47:30.289186
online_shop,service_5731@online-shop.ru,Важное уведомление от AliExpress,Ваш заказ #195501 из AliExpress готов к выдаче...,AliExpress,True,2024-11-10 12:47:30.289195
online_shop,service_7681@market-delivery.ru,Важное уведомление от Wildberries,Ваш заказ #262592 из Wildberries готов к выдаче...,Wildberries,True,2024-11-20 12:47:30.289204
social_media,service_6859@vk-security.ru,Важное уведомление от Telegram,Ваш аккаунт Telegram был временно заблокирован...,Telegram,True,2024-11-06 12:47:30.289213
online_shop,service_7383@market-delivery.ru,Важное уведомление от AliExpress,Ваш заказ #407031 из AliExpress готов к выдаче...,AliExpress,True,2024-11-18 12:47:30.289222
bank,service_5229@security-bank.ru,Важное уведомление от Сбербанк,"Уважаемый клиент Сбербанк, Ваша карта временно заблокирована...",Сбербанк,True,2024-11-13 12:47:30.289232
online_shop,service_5927@delivery-express.ru,Важное уведомление от AliExpress,Ваш заказ #321715 из AliExpress готов к выдаче...,AliExpress,True,2024-11-13 12:47:30.289241
bank,service_2573@secure-banking.ru,Важное уведомление от Тинькофф,Служба безопасности Тинькофф: обнаружена попытка входа из Москва...,Тинькофф,True,2024-11-16 12:47:30.289251
online_shop,service_3366@online-shop.ru,Важное уведомление от Wildberries,Получите скидку 75% в Wildberries прямо сейчас!,Wildberries,True,2024-11-15 12:47:30.289260
online_shop,service_3501@online-shop.ru,Важное уведомление от AliExpress,Получите скидку 78% в AliExpress прямо сейчас!,AliExpress,True,2024-11-11 12:47:30.289269
government,service_3363@mvd-notice.ru,Важное уведомление от ФНС России,Портал Госуслуг: Вам начислена компенсация 4292 руб...,ФНС России,True,2024-11-10 12:47:30.289278
bank,service_2487@security-bank.ru,Важное уведомление от Сбербанк,"Уважаемый клиент Сбербанк, Ваша карта временно заблокирована...",Сбербанк,True,2024-11-10 12:47:30.289287
online_shop,service_7064@online-shop.ru,Важное уведомление от AliExpress,Ваш заказ #592583 из AliExpress готов к выдаче...,AliExpress,True,2024-11-22 12:47:30.289296
bank,service_3949@secure-banking.ru,Важное уведомление от Альфа-Банк,"Уважаемый клиент Альфа-Банк, Ваша карта временно заблокирована...",Альфа-Банк,True,2024-11-12 12:47:30.289306
government,service_4921@gov-services.ru,Важное уведомление от ФНС России,Портал Госуслуг: Вам начислена компенсация 13446 руб...,ФНС России,True,2024-11-22 12:47:30.289315
government,service_1027@tax-portal.ru,Важное уведомление от МВД России,Уведомление о штрафе: 2876 руб. Оплатите в течение 6 дней...,МВД России,True,2024-11-19 12:47:30.289324
bank,service_3490@bank-online.ru,Важное уведомление от ВТБ,Служба безопасности ВТБ: обнаружена попытка входа из Санкт-Петербург...,ВТБ,True,2024-11-09 12:47:30.289334
bank,service_8786@bank-online.ru,Важное уведомление от Альфа-Банк,"Уважаемый клиент Альфа-Банк, Ваша карта временно заблокирована...",Альфа-Банк,True,2024-11-25 12:47:30.289343
social_media,service_3847@vk-security.ru,Важное уведомление от Одноклассники,Обнаружен подозрительный вход в ваш профиль Одноклассники...,Одноклассники,True,2024-11-20 12:47:30.289352
government,service_4441@gov-services.ru,Важное уведомление от МВД России,Уведомление о штрафе: 6256 руб. Оплатите в течение 10 дней...,МВД России,True,2024-11-25 12:47:30.289362
bank,service_1542@security-bank.ru,Важное уведомление от Альфа-Банк,Служба безопасности Альфа-Банк: обнаружена попытка входа из Москва...,Альфа-Банк,True,2024-11-15 12:47:30.289371
government,service_7475@gov-services.ru,Важное уведомление от Госуслуги,Уведомление о штрафе: 4187 руб. Оплатите в течение 10 дней...,Госуслуги,True,2024-11-19 12:47:30.289380
online_shop,service_5471@online-shop.ru,Важное уведомление от AliExpress,Получите скидку 64% в AliExpress прямо сейчас!,AliExpress,True,2024-11-05 12:47:30.289389
government,service_9943@mvd-notice.ru,Важное уведомление от ФНС России,Уведомление о штрафе: 2918 руб. Оплатите в течение 10 дней...,ФНС России,True,2024-11-29 12:47:30.289398
bank,service_9513@bank-online.ru,Важное уведомление от ВТБ,"Уважаемый клиент ВТБ, Ваша карта временно заблокирована...",ВТБ,True,2024-11-08 12:47:30.289407
government,service_2249@mvd-notice.ru,Важное уведомление от Госуслуги,Уведомление о штрафе: 1886 руб. Оплатите в течение 4 дней...,Госуслуги,True,2024-11-29 12:47:30.289416
bank,service_2028@secure-banking.ru,Важное уведомление от ВТБ,Служба безопасности ВТБ: обнаружена попытка входа из Москва...,ВТБ,True,2024-11-17 12:47:30.289425
social_media,service_4225@ok-account.ru,Важное уведомление от ВКонтакте,Ваш аккаунт ВКонтакте был временно заблокирован...,ВКонтакте,True,2024-11-24 12:47:30.289435
government,service_1908@gov-services.ru,Важное уведомление от Госуслуги,Уведомление о штрафе: 7399 руб. Оплатите в течение 9 дней...,Госуслуги,True,2024-11-12 12:47:30.289444
social_media,service_6113@telegram-verify.ru,Важное уведомление от Telegram,Обнаружен подозрительный вход в ваш профиль Telegram...,Telegram,True,2024-11-02 12:47:30.289453
social_media,service_8408@ok-account.ru,Важное уведомление от Telegram,Ваш аккаунт Telegram был временно заблокирован...,Telegram,True,2024-11-01 12:47:30.289462
bank,service_2146@secure-banking.ru,Важное уведомление от Альфа-Банк,"Уважаемый клиент Альфа-Банк, Ваша карта временно заблокирована...",Альфа-Банк,True,2024-11-28 12:47:30.289471
online_shop,service_9068@online-shop.ru,Важное уведомление от AliExpress,Получите скидку 55% в AliExpress прямо сейчас!,AliExpress,True,2024-11-04 12:47:30.289480
online_shop,service_6358@market-delivery.ru,Важное уведомление от AliExpress,Получите скидку 89% в AliExpress прямо сейчас!,AliExpress,True,2024-11-15 12:47:30.289490
online_shop,service_9201@market-delivery.ru,Важное уведомление от Ozon,Получите скидку 75% в Ozon прямо сейчас!,Ozon,True,2024-11-22 12:47:30.289500
online_shop,service_1577@online-shop.ru,Важное уведомление от Яндекс.Маркет,Получите скидку 73% в Яндекс.Маркет прямо сейчас!,Яндекс.Маркет,True,2024-11-25 12:47:30.289510
online_shop,service_8401@market-delivery.ru,Важное уведомление от Wildberries,Ваш заказ #234863 из Wildberries готов к выдаче...,Wildberries,True,2024-11-09 12:47:30.289520
social_media,service_5413@vk-security.ru,Важное уведомление от ВКонтакте,Обнаружен подозрительный вход в ваш профиль ВКонтакте...,ВКонтакте,True,2024-11-27 12:47:30.289529
social_media,service_4188@vk-security.ru,Важное уведомление от ВКонтакте,Обнаружен подозрительный вход в ваш профиль ВКонтакте...,ВКонтакте,True,2024-11-21 12:47:30.289538
bank,service_1104@secure-banking.ru,Важное уведомление от Сбербанк,"Уважаемый клиент Сбербанк, Ваша карта временно заблокирована...",Сбербанк,True,2024-11-14 12:47:30.289546
bank,service_1592@secure-banking.ru,Важное уведомление от Тинькофф,Служба безопасности Тинькофф: обнаружена попытка входа из Екатеринбург...,Тинькофф,True,2024-11-13 12:47:30.289555
social_media,service_1358@telegram-verify.ru,Важное уведомление от Telegram,Обнаружен подозрительный вход в ваш профиль Telegram...,Telegram,True,2024-11-09 12:47:30.289565
social_media,service_6737@ok-account.ru,Важное уведомление от Telegram,Обнаружен подозрительный вход в ваш профиль Telegram...,Telegram,True,2024-11-14 12:47:30.289575
bank,service_6426@secure-banking.ru,Важное уведомление от Сбербанк,Служба безопасности Сбербанк: обнаружена попытка входа из Москва...,Сбербанк,True,2024-11-02 12:47:30.289583
social_media,service_7926@ok-account.ru,Важное уведомление от ВКонтакте,Ваш аккаунт ВКонтакте был временно заблокирован...,ВКонтакте,True,2024-11-24 12:47:30.289593
government,service_8752@tax-portal.ru,Важное уведомление от МВД России,Уведомление о штрафе: 9293 руб. Оплатите в течение 4 дней...,МВД России,True,2024-11-29 12:47:30.289602
online_shop,service_2856@delivery-express.ru,Важное уведомление от Wildberries,Ваш заказ #202345 из Wildberries готов к выдаче...,Wildberries,True,2024-11-22 12:47:30.289611
government,service_3681@gov-services.ru,Важное уведомление от МВД России,Уведомление о штрафе: 9250 руб. Оплатите в течение 3 дней...,МВД России,True,2024-11-12 12:47:30.289620
government,service_5744@mvd-notice.ru,Важное уведомление от ФНС России,Портал Госуслуг: Вам начислена компенсация 5704 руб...,ФНС России,True,2024-11-24 12:47:30.289629
online_shop,service_5166@delivery-express.ru,Важное уведомление от AliExpress,Ваш заказ #217170 из AliExpress готов к выдаче...,AliExpress,True,2024-11-20 12:47:30.289637
government,service_4288@tax-portal.ru,Важное уведомление от Госуслуги,Портал Госуслуг: Вам начислена компенсация 11857 руб...,Госуслуги,True,2024-11-04 12:47:30.289646
online_shop,service_8920@delivery-express.ru,Важное уведомление от Ozon,Получите скидку 88% в Ozon прямо сейчас!,Ozon,True,2024-11-19 12:47:30.289656
online_shop,service_7949@market-delivery.ru,Важное уведомление от Ozon,Получите скидку 82% в Ozon прямо сейчас!,Ozon,True,2024-10-31 12:47:30.289664
government,service_7192@gov-services.ru,Важное уведомление от МВД России,Портал Госуслуг: Вам начислена компенсация 4414 руб...,МВД России,True,2024-11-20 12:47:30.289674
social_media,service_4217@telegram-verify.ru,Важное уведомление от ВКонтакте,Обнаружен подозрительный вход в ваш профиль ВКонтакте...,ВКонтакте,True,2024-11-29 12:47:30.289683
online_shop,service_5424@market-delivery.ru,Важное уведомление от Wildberries,Ваш заказ #995911 из Wildberries готов к выдаче...,Wildberries,True,2024-11-24 12:47:30.289693
government,service_9901@mvd-notice.ru,Важное уведомление от Госуслуги,Уведомление о штрафе: 6410 руб. Оплатите в течение 4 дней...,Госуслуги,True,2024-11-11 12:47:30.289702
government,service_1687@mvd-notice.ru,Важное уведомление от МВД России,Портал Госуслуг: Вам начислена компенсация 12050 руб...,МВД России,True,2024-11-13 12:47:30.289710
government,service_3884@gov-services.ru,Важное уведомление от Госуслуги,Уведомление о штрафе: 6812 руб. Оплатите в течение 9 дней...,Госуслуги,True,2024-10-31 12:47:30.289719
online_shop,service_8414@online-shop.ru,Важное уведомление от Яндекс.Маркет,Получите скидку 55% в Яндекс.Маркет прямо сейчас!,Яндекс.Маркет,True,2024-11-03 12:47:30.289728
bank,service_7304@security-bank.ru,Важное уведомление от Тинькофф,"Уважаемый клиент Тинькофф, Ваша карта временно заблокирована...",Тинькофф,True,2024-11-10 12:47:30.289737
bank,service_6263@secure-banking.ru,Важное уведомление от Сбербанк,"Уважаемый клиент Сбербанк, Ваша карта временно заблокирована...",Сбербанк,True,2024-11-03 12:47:30.289746
government,service_7225@gov-services.ru,Важное уведомление от ФНС России,Уведомление о штрафе: 2396 руб. Оплатите в течение 6 дней...,ФНС России,True,2024-11-19 12:47:30.289755
social_media,service_4383@telegram-verify.ru,Важное уведомление от Одноклассники,Ваш аккаунт Одноклассники был временно заблокирован...,Одноклассники,True,2024-11-22 12:47:30.289764
bank,service_8832@security-bank.ru,Важное уведомление от ВТБ,Служба безопасности ВТБ: обнаружена попытка входа из Москва...,ВТБ,True,2024-11-01 12:47:30.289773
bank,service_7430@secure-banking.ru,Важное уведомление от ВТБ,Служба безопасности ВТБ: обнаружена попытка входа из Екатеринбург...,ВТБ,True,2024-11-10 12:47:30.289782
bank,service_5069@secure-banking.ru,Важное уведомление от Тинькофф,"Уважаемый клиент Тинькофф, Ваша карта временно заблокирована...",Тинькофф,True,2024-11-03 12:47:30.289792
online_shop,service_6819@online-shop.ru,Важное уведомление от Wildberries,Ваш заказ #649203 из Wildberries готов к выдаче...,Wildberries,True,2024-11-26 12:47:30.289801
online_shop,service_9220@delivery-express.ru,Важное уведомление от Ozon,Ваш заказ #359106 из Ozon готов к выдаче...,Ozon,True,2024-11-29 12:47:30.289810
bank,service_6441@bank-online.ru,Важное уведомление от Альфа-Банк,"Уважаемый клиент Альфа-Банк, Ваша карта временно заблокирована...",Альфа-Банк,True,2024-11-11 12:47:30.289819
social_media,service_5899@vk-security.ru,Важное уведомление от ВКонтакте,Обнаружен подозрительный вход в ваш профиль ВКонтакте...,ВКонтакте,True,2024-11-21 12:47:30.289828
government,service_1304@gov-services.ru,Важное уведомление от Госуслуги,Уведомление о штрафе: 9285 руб. Оплатите в течение 8 дней...,Госуслуги,True,2024-11-22 12:47:30.289838
social_media,service_5107@vk-security.ru,Важное уведомление от Telegram,Обнаружен подозрительный вход в ваш профиль Telegram...,Telegram,True,2024-11-10 12:47:30.289848
government,service_8301@gov-services.ru,Важное уведомление от ФНС России,Портал Госуслуг: Вам начислена компенсация 5243 руб...,ФНС России,True,2024-11-10 12:47:30.289857
social_media,service_3739@telegram-verify.ru,Важное уведомление от Telegram,Обнаружен подозрительный вход в ваш профиль Telegram...,Telegram,True,2024-11-20 12:47:30.289865
social_media,service_8539@telegram-verify.ru,Важное уведомление от Telegram,Ваш аккаунт Telegram был временно заблокирован...,Telegram,True,2024-11-09 12:47:30.289875
online_shop,service_1661@market-delivery.ru,Важное уведомление от AliExpress,Получите скидку 84% в AliExpress прямо сейчас!,AliExpress,True,2024-11-12 12:47:30.289885
government,service_3248@tax-portal.ru,Важное уведомление от ФНС России,Уведомление о штрафе: 8225 руб. Оплатите в течение 5 дней...,ФНС России,True,2024-11-03 12:47:30.289893
online_shop,service_7072@delivery-express.ru,Важное уведомление от Ozon,Ваш заказ #242330 из Ozon готов к выдаче...,Ozon,True,2024-11-22 12:47:30.289902
online_shop,service_2071@delivery-express.ru,Важное уведомление от AliExpress,Получите скидку 71% в AliExpress прямо сейчас!,AliExpress,True,2024-11-05 12:47:30.289911
online_shop,service_3286@online-shop.ru,Важное уведомление от Wildberries,Получите скидку 73% в Wildberries прямо сейчас!,Wildberries,True,2024-11-26 12:47:30.289920
social_media,service_4362@ok-account.ru,Важное уведомление от ВКонтакте,Ваш аккаунт ВКонтакте был временно заблокирован...,ВКонтакте,True,2024-11-09 12:47:30.289930
bank,service_7680@bank-online.ru,Важное уведомление от ВТБ,"Уважаемый клиент ВТБ, Ваша карта временно заблокирована...",ВТБ,True,2024-11-27 12:47:30.289938
social_media,service_9942@vk-security.ru,Важное уведомление от Одноклассники,Обнаружен подозрительный вход в ваш профиль Одноклассники...,Одноклассники,True,2024-11-19 12:47:30.289947
bank,service_5012@security-bank.ru,Важное уведомление от Тинькофф,"Уважаемый клиент Тинькофф, Ваша карта временно заблокирована...",Тинькофф,True,2024-11-28 12:47:30.289956
online_shop,service_9964@online-shop.ru,Важное уведомление от AliExpress,Ваш заказ #597338 из AliExpress готов к выдаче...,AliExpress,True,2024-11-13 12:47:30.289965
social_media,service_7638@ok-account.ru,Важное уведомление от Telegram,Ваш аккаунт Telegram был временно заблокирован...,Telegram,True,2024-11-18 12:47:30.289974
online_shop,service_6871@market-delivery.ru,Важное уведомление от AliExpress,Получите скидку 67% в AliExpress прямо сейчас!,AliExpress,True,2024-11-20 12:47:30.289984
online_shop,service_8107@market-delivery.ru,Важное уведомление от Ozon,Ваш заказ #494892 из Ozon готов к выдаче...,Ozon,True,2024-11-27 12:47:30.289993
bank,service_4235@secure-banking.ru,Важное уведомление от Сбербанк,Служба безопасности Сбербанк: обнаружена попытка входа из Екатеринбург...,Сбербанк,True,2024-11-02 12:47:30.290002
social_media,service_5187@vk-security.ru,Важное уведомление от Telegram,Обнаружен подозрительный вход в ваш профиль Telegram...,Telegram,True,2024-11-27 12:47:30.290013
government,service_3268@mvd-notice.ru,Важное уведомление от ФНС России,Портал Госуслуг: Вам начислена компенсация 3506 руб...,ФНС России,True,2024-11-03 12:47:30.290022
government,service_8097@tax-portal.ru,Важное уведомление от МВД России,Уведомление о штрафе: 2319 руб. Оплатите в течение 10 дней...,МВД России,True,2024-11-05 12:47:30.290031
bank,service_5693@secure-banking.ru,Важное уведомление от ВТБ,Служба безопасности ВТБ: обнаружена попытка входа из Екатеринбург...,ВТБ,True,2024-11-21 12:47:30.290040
government,service_5968@mvd-notice.ru,Важное уведомление от Госуслуги,Уведомление о штрафе: 5411 руб. Оплатите в течение 5 дней...,Госуслуги,True,2024-10-31 12:47:30.290049
government,service_7688@tax-portal.ru,Важное уведомление от Госуслуги,Портал Госуслуг: Вам начислена компенсация 7155 руб...,Госуслуги,True,2024-11-29 12:47:30.290058
online_shop,service_9309@delivery-express.ru,Важное уведомление от Яндекс.Маркет,Ваш заказ #537764 из Яндекс.Маркет готов к выдаче...,Яндекс.Маркет,True,2024-11-07 12:47:30.290067
government,service_9434@gov-services.ru,Важное уведомление от МВД России,Уведомление о штрафе: 4520 руб. Оплатите в течение 4 дней...,МВД России,True,2024-11-10 12:47:30.290076
bank,service_2014@security-bank.ru,Важное уведомление от ВТБ,Служба безопасности ВТБ: обнаружена попытка входа из Москва...,ВТБ,True,2024-11-09 12:47:30.290086
social_media,service_4265@vk-security.ru,Важное уведомление от ВКонтакте,Обнаружен подозрительный вход в ваш профиль ВКонтакте...,ВКонтакте,True,2024-11-07 12:47:30.290095
government,service_1981@tax-portal.ru,Важное уведомление от ФНС России,Уведомление о штрафе: 2249 руб. Оплатите в течение 6 дней...,ФНС России,True,2024-11-21 12:47:30.290104
government,service_1149@tax-portal.ru,Важное уведомление от ФНС России,Портал Госуслуг: Вам начислена компенсация 4126 руб...,ФНС России,True,2024-11-19 12:47:30.290113
bank,service_8614@bank-online.ru,Важное уведомление от Сбербанк,Служба безопасности Сбербанк: обнаружена попытка входа из Санкт-Петербург...,Сбербанк,True,2024-11-22 12:47:30.290122
social_media,service_4875@telegram-verify.ru,Важное уведомление от ВКонтакте,Ваш аккаунт ВКонтакте был временно заблокирован...,ВКонтакте,True,2024-11-07 12:47:30.290131
social_media,service_3921@vk-security.ru,Важное уведомление от ВКонтакте,Ваш аккаунт ВКонтакте был временно заблокирован...,ВКонтакте,True,2024-11-23 12:47:30.290140
online_shop,service_9589@online-shop.ru,Важное уведомление от Wildberries,Ваш заказ #576806 из Wildberries готов к выдаче...,Wildberries,True,2024-11-04 12:47:30.290151
bank,service_6652@security-bank.ru,Важное уведомление от Тинькофф,Служба безопасности Тинькофф: обнаружена попытка входа из Новосибирск...,Тинькофф,True,2024-11-04 12:47:30.290161
online_shop,service_3072@delivery-express.ru,Важное уведомление от Яндекс.Маркет,Получите скидку 82% в Яндекс.Маркет прямо сейчас!,Яндекс.Маркет,True,2024-11-18 12:47:30.290169
social_media,service_7968@ok-account.ru,Важное уведомление от Telegram,Ваш аккаунт Telegram был временно заблокирован...,Telegram,True,2024-11-19 12:47:30.290181
government,service_9189@tax-portal.ru,Важное уведомление от МВД России,Портал Госуслуг: Вам начислена компенсация 4881 руб...,МВД России,True,2024-11-17 12:47:30.290189
bank,service_3076@secure-banking.ru,Важное уведомление от ВТБ,"Уважаемый клиент ВТБ, Ваша карта временно заблокирована...",ВТБ,True,2024-11-01 12:47:30.290198
bank,service_5520@secure-banking.ru,Важное уведомление от ВТБ,"Уважаемый клиент ВТБ, Ваша карта временно заблокирована...",ВТБ,True,2024-11-09 12:47:30.290207
social_media,service_1744@telegram-verify.ru,Важное уведомление от Telegram,Обнаружен подозрительный вход в ваш профиль Telegram...,Telegram,True,2024-11-16 12:47:30.290216
bank,service_4492@security-bank.ru,Важное уведомление от Сбербанк,Служба безопасности Сбербанк: обнаружена попытка входа из Москва...,Сбербанк,True,2024-11-17 12:47:30.290224
social_media,service_8673@vk-security.ru,Важное уведомление от Telegram,Ваш аккаунт Telegram был временно заблокирован...,Telegram,True,2024-11-05 12:47:30.290233
online_shop,service_7560@online-shop.ru,Важное уведомление от Ozon,Получите скидку 55% в Ozon прямо сейчас!,Ozon,True,2024-11-22 12:47:30.290242
social_media,service_5943@telegram-verify.ru,Важное уведомление от ВКонтакте,Обнаружен подозрительный вход в ваш профиль ВКонтакте...,ВКонтакте,True,2024-11-14 12:47:30.290252
online_shop,service_5563@market-delivery.ru,Важное уведомление от AliExpress,Ваш заказ #274570 из AliExpress готов к выдаче...,AliExpress,True,2024-11-08 12:47:30.290261
government,service_4194@mvd-notice.ru,Важное уведомление от МВД России,Портал Госуслуг: Вам начислена компенсация 4889 руб...,МВД России,True,2024-11-12 12:47:30.290270
bank,service_5447@security-bank.ru,Важное уведомление от Альфа-Банк,Служба безопасности Альфа-Банк: обнаружена попытка входа из Новосибирск...,Альфа-Банк,True,2024-11-07 12:47:30.290279
bank,service_6096@secure-banking.ru,Важное уведомление от Тинькофф,Служба безопасности Тинькофф: обнаружена попытка входа из Екатеринбург...,Тинькофф,True,2024-11-15 12:47:30.290288
online_shop,service_8323@online-shop.ru,Важное уведомление от Яндекс.Маркет,Получите скидку 81% в Яндекс.Маркет прямо сейчас!,Яндекс.Маркет,True,2024-11-27 12:47:30.290297
government,service_7379@mvd-notice.ru,Важное уведомление от МВД России,Портал Госуслуг: Вам начислена компенсация 9781 руб...,МВД России,True,2024-11-19 12:47:30.290305
bank,service_2019@secure-banking.ru,Важное уведомление от Тинькофф,Служба безопасности Тинькофф: обнаружена попытка входа из Екатеринбург...,Тинькофф,True,2024-11-01 12:47:30.290314
social_media,service_5880@telegram-verify.ru,Важное уведомление от Одноклассники,Обнаружен подозрительный вход в ваш профиль Одноклассники...,Одноклассники,True,2024-11-21 12:47:30.290324
online_shop,service_9964@delivery-express.ru,Важное уведомление от Яндекс.Маркет,Получите скидку 56% в Яндекс.Маркет прямо сейчас!,Яндекс.Маркет,True,2024-11-08 12:47:30.290333
online_shop,service_1650@delivery-express.ru,Важное уведомление от Wildberries,Ваш заказ #138064 из Wildberries готов к выдаче...,Wildberries,True,2024-11-03 12:47:30.290342
online_shop,service_4152@market-delivery.ru,Важное уведомление от Wildberries,Ваш заказ #303173 из Wildberries готов к выдаче...,Wildberries,True,2024-11-09 12:47:30.290351
bank,service_2402@bank-online.ru,Важное уведомление от ВТБ,Служба безопасности ВТБ: обнаружена попытка входа из Новосибирск...,ВТБ,True,2024-10-31 12:47:30.290361
bank,service_2746@secure-banking.ru,Важное уведомление от ВТБ,Служба безопасности ВТБ: обнаружена попытка входа из Санкт-Петербург...,ВТБ,True,2024-11-19 12:47:30.290370
online_shop,service_4956@online-shop.ru,Важное уведомление от Wildberries,Получите скидку 52% в Wildberries прямо сейчас!,Wildberries,True,2024-11-03 12:47:30.290379
social_media,service_5242@ok-account.ru,Важное уведомление от Telegram,Ваш аккаунт Telegram был временно заблокирован...,Telegram,True,2024-11-11 12:47:30.290387
social_media,service_3224@ok-account.ru,Важное уведомление от Одноклассники,Обнаружен подозрительный вход в ваш профиль Одноклассники...,Одноклассники,True,2024-11-09 12:47:30.290396
online_shop,service_9297@online-shop.ru,Важное уведомление от Ozon,Ваш заказ #180539 из Ozon готов к выдаче...,Ozon,True,2024-11-05 12:47:30.290405
online_shop,service_1797@delivery-express.ru,Важное уведомление от Ozon,Ваш заказ #272467 из Ozon готов к выдаче...,Ozon,True,2024-11-05 12:47:30.290414
social_media,service_8470@vk-security.ru,Важное уведомление от ВКонтакте,Обнаружен подозрительный вход в ваш профиль ВКонтакте...,ВКонтакте,True,2024-11-18 12:47:30.290423
government,service_3584@gov-services.ru,Важное уведомление от МВД России,Портал Госуслуг: Вам начислена компенсация 3574 руб...,МВД России,True,2024-11-22 12:47:30.290431
online_shop,service_5525@delivery-express.ru,Важное уведомление от Яндекс.Маркет,Получите скидку 87% в Яндекс.Маркет прямо сейчас!,Яндекс.Маркет,True,2024-11-21 12:47:30.290441
social_media,service_8579@telegram-verify.ru,Важное уведомление от Одноклассники,Ваш аккаунт Одноклассники был временно заблокирован...,Одноклассники,True,2024-11-09 12:47:30.290451
social_media,service_9264@ok-account.ru,Важное уведомление от Одноклассники,Обнаружен подозрительный вход в ваш профиль Одноклассники...,Одноклассники,True,2024-11-18 12:47:30.290460
online_shop,service_3550@market-delivery.ru,Важное уведомление от Яндекс.Маркет,Ваш заказ #691100 из Яндекс.Маркет готов к выдаче...,Яндекс.Маркет,True,2024-11-03 12:47:30.290469
bank,service_3960@security-bank.ru,Важное уведомление от Альфа-Банк,"Уважаемый клиент Альфа-Банк, Ваша карта временно заблокирована...",Альфа-Банк,True,2024-11-09 12:47:30.290478
online_shop,service_5948@online-shop.ru,Важное уведомление от Ozon,Получите скидку 53% в Ozon прямо сейчас!,Ozon,True,2024-11-09 12:47:30.290488
social_media,service_7883@vk-security.ru,Важное уведомление от ВКонтакте,Обнаружен подозрительный вход в ваш профиль ВКонтакте...,ВКонтакте,True,2024-11-21 12:47:30.290498
social_media,service_6911@telegram-verify.ru,Важное уведомление от ВКонтакте,Ваш аккаунт ВКонтакте был временно заблокирован...,ВКонтакте,True,2024-11-04 12:47:30.290507
bank,service_2284@bank-online.ru,Важное уведомление от ВТБ,Служба безопасности ВТБ: обнаружена попытка входа из Москва...,ВТБ,True,2024-11-10 12:47:30.290517
government,service_1995@tax-portal.ru,Важное уведомление от ФНС России,Портал Госуслуг: Вам начислена компенсация 11509 руб...,ФНС России,True,2024-10-31 12:47:30.290525
online_shop,service_8832@online-shop.ru,Важное уведомление от Wildberries,Получите скидку 59% в Wildberries прямо сейчас!,Wildberries,True,2024-11-29 12:47:30.290534
government,service_4624@gov-services.ru,Важное уведомление от ФНС России,Портал Госуслуг: Вам начислена компенсация 13941 руб...,ФНС России,True,2024-11-09 12:47:30.290544
government,service_4798@mvd-notice.ru,Важное уведомление от ФНС России,Портал Госуслуг: Вам начислена компенсация 12813 руб...,ФНС России,True,2024-11-29 12:47:30.290553
government,service_7875@gov-services.ru,Важное уведомление от Госуслуги,Уведомление о штрафе: 1416 руб. Оплатите в течение 7 дней...,Госуслуги,True,2024-11-06 12:47:30.290562
social_media,service_9728@ok-account.ru,Важное уведомление от ВКонтакте,Ваш аккаунт ВКонтакте был временно заблокирован...,ВКонтакте,True,2024-11-28 12:47:30.290571
social_media,service_2363@vk-security.ru,Важное уведомление от Telegram,Ваш аккаунт Telegram был временно заблокирован...,Telegram,True,2024-11-25 12:47:30.290581
online_shop,service_4803@market-delivery.ru,Важное уведомление от Ozon,Получите скидку 57% в Ozon прямо сейчас!,Ozon,True,2024-11-12 12:47:30.290591
government,service_8722@gov-services.ru,Важное уведомление от Госуслуги,Уведомление о штрафе: 9905 руб. Оплатите в течение 7 дней...,Госуслуги,True,2024-11-03 12:47:30.290601
social_media,service_2817@vk-security.ru,Важное уведомление от Telegram,Обнаружен подозрительный вход в ваш профиль Telegram...,Telegram,True,2024-11-28 12:47:30.290610
bank,service_4210@secure-banking.ru,Важное уведомление от Альфа-Банк,Служба безопасности Альфа-Банк: обнаружена попытка входа из Санкт-Петербург...,Альфа-Банк,True,2024-11-18 12:47:30.290619
government,service_7147@mvd-notice.ru,Важное уведомление от МВД России,Уведомление о штрафе: 8132 руб. Оплатите в течение 4 дней...,МВД России,True,2024-11-29 12:47:30.290628
online_shop,service_8750@online-shop.ru,Важное уведомление от Wildberries,Ваш заказ #228925 из Wildberries готов к выдаче...,Wildberries,True,2024-11-26 12:47:30.290637
social_media,service_3460@telegram-verify.ru,Важное уведомление от Telegram,Обнаружен подозрительный вход в ваш профиль Telegram...,Telegram,True,2024-11-28 12:47:30.290646
social_media,service_9780@vk-security.ru,Важное уведомление от ВКонтакте,Ваш аккаунт ВКонтакте был временно заблокирован...,ВКонтакте,True,2024-11-05 12:47:30.290655
social_media,service_3965@ok-account.ru,Важное уведомление от ВКонтакте,Ваш аккаунт ВКонтакте был временно заблокирован...,ВКонтакте,True,2024-11-07 12:47:30.290663
social_media,service_4384@vk-security.ru,Важное уведомление от ВКонтакте,Обнаружен подозрительный вход в ваш профиль ВКонтакте...,ВКонтакте,True,2024-11-21 12:47:30.290673
online_shop,service_7424@market-delivery.ru,Важное уведомление от Wildberries,Получите скидку 70% в Wildberries прямо сейчас!,Wildberries,True,2024-11-24 12:47:30.290682
government,service_5245@tax-portal.ru,Важное уведомление от ФНС России,Портал Госуслуг: Вам начислена компенсация 7377 руб...,ФНС России,True,2024-11-23 12:47:30.290690
bank,service_4365@security-bank.ru,Важное уведомление от ВТБ,Служба безопасности ВТБ: обнаружена попытка входа из Новосибирск...,ВТБ,True,2024-11-02 12:47:30.290701
government,service_2179@tax-portal.ru,Важное уведомление от ФНС России,Портал Госуслуг: Вам начислена компенсация 3802 руб...,ФНС России,True,2024-11-28 12:47:30.290709
bank,service_9884@security-bank.ru,Важное уведомление от Тинькофф,Служба безопасности Тинькофф: обнаружена попытка входа из Москва...,Тинькофф,True,2024-11-07 12:47:30.290718
government,service_5886@mvd-notice.ru,Важное уведомление от ФНС России,Уведомление о штрафе: 7924 руб. Оплатите в течение 10 дней...,ФНС России,True,2024-11-28 12:47:30.290728
government,service_4002@mvd-notice.ru,Важное уведомление от Госуслуги,Портал Госуслуг: Вам начислена компенсация 13032 руб...,Госуслуги,True,2024-11-29 12:47:30.290738
online_shop,service_3765@market-delivery.ru,Важное уведомление от AliExpress,Ваш заказ #222383 из AliExpress готов к выдаче...,AliExpress,True,2024-11-28 12:47:30.290747
government,service_7592@gov-services.ru,Важное уведомление от МВД России,Портал Госуслуг: Вам начислена компенсация 6499 руб...,МВД России,True,2024-11-29 12:47:30.290756
social_media,service_3329@vk-security.ru,Важное уведомление от Telegram,Ваш аккаунт Telegram был временно заблокирован...,Telegram,True,2024-11-06 12:47:30.290764
bank,service_7184@security-bank.ru,Важное уведомление от ВТБ,"Уважаемый клиент ВТБ, Ваша карта временно заблокирована...",ВТБ,True,2024-11-06 12:47:30.290774
online_shop,service_5886@online-shop.ru,Важное уведомление от AliExpress,Ваш заказ #158850 из AliExpress готов к выдаче...,AliExpress,True,2024-11-03 12:47:30.290782
bank,service_9664@secure-banking.ru,Важное уведомление от ВТБ,Служба безопасности ВТБ: обнаружена попытка входа из Москва...,ВТБ,True,2024-11-22 12:47:30.290792
social_media,service_7215@vk-security.ru,Важное уведомление от ВКонтакте,Обнаружен подозрительный вход в ваш профиль ВКонтакте...,ВКонтакте,True,2024-11-20 12:47:30.290801
government,service_8922@gov-services.ru,Важное уведомление от ФНС России,Уведомление о штрафе: 5823 руб. Оплатите в течение 4 дней...,ФНС России,True,2024-11-03 12:47:30.290810
social_media,service_2514@ok-account.ru,Важное уведомление от Telegram,Обнаружен подозрительный вход в ваш профиль Telegram...,Telegram,True,2024-11-13 12:47:30.290818
bank,service_2886@security-bank.ru,Важное уведомление от Сбербанк,Служба безопасности Сбербанк: обнаружена попытка входа из Новосибирск...,Сбербанк,True,2024-11-28 12:47:30.290833
government,service_3872@tax-portal.ru,Важное уведомление от ФНС России,Портал Госуслуг: Вам начислена компенсация 9572 руб...,ФНС России,True,2024-11-02 12:47:30.290842
government,service_3191@mvd-notice.ru,Важное уведомление от ФНС России,Уведомление о штрафе: 2616 руб. Оплатите в течение 6 дней...,ФНС России,True,2024-11-10 12:47:30.290852
government,service_7953@mvd-notice.ru,Важное уведомление от Госуслуги,Портал Госуслуг: Вам начислена компенсация 9841 руб...,Госуслуги,True,2024-11-21 12:47:30.290862
government,service_1719@tax-portal.ru,Важное уведомление от Госуслуги,Портал Госуслуг: Вам начислена компенсация 6571 руб...,Госуслуги,True,2024-11-18 12:47:30.290871
government,service_9034@mvd-notice.ru,Важное уведомление от Госуслуги,Уведомление о штрафе: 6986 руб. Оплатите в течение 4 дней...,Госуслуги,True,2024-11-09 12:47:30.290881
government,service_4131@mvd-notice.ru,Важное уведомление от МВД России,Портал Госуслуг: Вам начислена компенсация 7743 руб...,МВД России,True,2024-11-21 12:47:30.290890
bank,service_9110@secure-banking.ru,Важное уведомление от Тинькофф,Служба безопасности Тинькофф: обнаружена попытка входа из Екатеринбург...,Тинькофф,True,2024-11-28 12:47:30.290899
bank,service_9382@secure-banking.ru,Важное уведомление от Сбербанк,Служба безопасности Сбербанк: обнаружена попытка входа из Екатеринбург...,Сбербанк,True,2024-11-12 12:47:30.290908
social_media,service_1552@ok-account.ru,Важное уведомление от Telegram,Ваш аккаунт Telegram был временно заблокирован...,Telegram,True,2024-11-14 12:47:30.290917
social_media,service_6489@telegram-verify.ru,Важное уведомление от Одноклассники,Обнаружен подозрительный вход в ваш профиль Одноклассники...,Одноклассники,True,2024-11-23 12:47:30.290926
social_media,service_7017@telegram-verify.ru,Важное уведомление от Telegram,Ваш аккаунт Telegram был временно заблокирован...,Telegram,True,2024-11-26 12:47:30.290936
government,service_4835@mvd-notice.ru,Важное уведомление от Госуслуги,Уведомление о штрафе: 5185 руб. Оплатите в течение 9 дней...,Госуслуги,True,2024-11-24 12:47:30.290945
online_shop,service_9037@delivery-express.ru,Важное уведомление от AliExpress,Ваш заказ #362266 из AliExpress готов к выдаче...,AliExpress,True,2024-11-12 12:47:30.290954
online_shop,service_5446@market-delivery.ru,Важное уведомление от AliExpress,Ваш заказ #526058 из AliExpress готов к выдаче...,AliExpress,True,2024-11-26 12:47:30.290964
online_shop,service_7699@market-delivery.ru,Важное уведомление от Ozon,Ваш заказ #179039 из Ozon готов к выдаче...,Ozon,True,2024-11-02 12:47:30.290972
bank,service_1527@bank-online.ru,Важное уведомление от Альфа-Банк,Служба безопасности Альфа-Банк: обнаружена попытка входа из Москва...,Альфа-Банк,True,2024-11-04 12:47:30.290982
social_media,service_8833@telegram-verify.ru,Важное уведомление от ВКонтакте,Обнаружен подозрительный вход в ваш профиль ВКонтакте...,ВКонтакте,True,2024-11-16 12:47:30.290991
social_media,service_5857@vk-security.ru,Важное уведомление от Telegram,Ваш аккаунт Telegram был временно заблокирован...,Telegram,True,2024-11-23 12:47:30.291001
government,service_1830@gov-services.ru,Важное уведомление от МВД России,Уведомление о штрафе: 9250 руб. Оплатите в течение 7 дней...,МВД России,True,2024-11-23 12:47:30.291010
bank,service_5681@bank-online.ru,Важное уведомление от Сбербанк,Служба безопасности Сбербанк: обнаружена попытка входа из Москва...,Сбербанк,True,2024-11-12 12:47:30.291019
bank,service_5978@bank-online.ru,Важное уведомление от Альфа-Банк,Служба безопасности Альфа-Банк: обнаружена попытка входа из Екатеринбург...,Альфа-Банк,True,2024-11-10 12:47:30.291028
bank,service_1468@security-bank.ru,Важное уведомление от Тинькофф,Служба безопасности Тинькофф: обнаружена попытка входа из Новосибирск...,Тинькофф,True,2024-11-27 12:47:30.291037
government,service_1363@gov-services.ru,Важное уведомление от Госуслуги,Портал Госуслуг: Вам начислена компенсация 6490 руб...,Госуслуги,True,2024-11-25 12:47:30.291047
bank,service_3360@secure-banking.ru,Важное уведомление от Сбербанк,Служба безопасности Сбербанк: обнаружена попытка входа из Екатеринбург...,Сбербанк,True,2024-11-12 12:47:30.291055
social_media,service_6751@ok-account.ru,Важное уведомление от Telegram,Ваш аккаунт Telegram был временно заблокирован...,Telegram,True,2024-11-09 12:47:30.291064
government,service_2384@gov-services.ru,Важное уведомление от ФНС России,Уведомление о штрафе: 2691 руб. Оплатите в течение 10 дней...,ФНС России,True,2024-11-06 12:47:30.291073
online_shop,service_7382@market-delivery.ru,Важное уведомление от Яндекс.Маркет,Получите скидку 66% в Яндекс.Маркет прямо сейчас!,Яндекс.Маркет,True,2024-11-27 12:47:30.291083
social_media,service_6016@telegram-verify.ru,Важное уведомление от Одноклассники,Обнаружен подозрительный вход в ваш профиль Одноклассники...,Одноклассники,True,2024-11-04 12:47:30.291091
government,service_7687@gov-services.ru,Важное уведомление от Госуслуги,Портал Госуслуг: Вам начислена компенсация 5895 руб...,Госуслуги,True,2024-11-06 12:47:30.291100
bank,service_1734@security-bank.ru,Важное уведомление от Сбербанк,"Уважаемый клиент Сбербанк, Ваша карта временно заблокирована...",Сбербанк,True,2024-11-19 12:47:30.291109
online_shop,service_1679@market-delivery.ru,Важное уведомление от Ozon,Получите скидку 53% в Ozon прямо сейчас!,Ozon,True,2024-11-08 12:47:30.291118
social_media,service_1881@telegram-verify.ru,Важное уведомление от ВКонтакте,Ваш аккаунт ВКонтакте был временно заблокирован...,ВКонтакте,True,2024-11-13 12:47:30.291126
government,service_8227@gov-services.ru,Важное уведомление от МВД России,Уведомление о штрафе: 6874 руб. Оплатите в течение 6 дней...,МВД России,True,2024-11-11 12:47:30.291135
online_shop,service_9720@online-shop.ru,Важное уведомление от Яндекс.Маркет,Получите скидку 62% в Яндекс.Маркет прямо сейчас!,Яндекс.Маркет,True,2024-11-14 12:47:30.291145
social_media,service_3471@vk-security.ru,Важное уведомление от Одноклассники,Ваш аккаунт Одноклассники был временно заблокирован...,Одноклассники,True,2024-11-13 12:47:30.291155
bank,service_1159@secure-banking.ru,Важное уведомление от Альфа-Банк,Служба безопасности Альфа-Банк: обнаружена попытка входа из Санкт-Петербург...,Альфа-Банк,True,2024-11-14 12:47:30.291164
social_media,service_7767@telegram-verify.ru,Важное уведомление от ВКонтакте,Ваш аккаунт ВКонтакте был временно заблокирован...,ВКонтакте,True,2024-11-25 12:47:30.291172
bank,service_3161@security-bank.ru,Важное уведомление от Альфа-Банк,"Уважаемый клиент Альфа-Банк, Ваша карта временно заблокирована...",Альфа-Банк,True,2024-11-05 12:47:30.291181
social_media,service_5512@vk-security.ru,Важное уведомление от Одноклассники,Обнаружен подозрительный вход в ваш профиль Одноклассники...,Одноклассники,True,2024-11-20 12:47:30.291191
online_shop,service_1114@market-delivery.ru,Важное уведомление от Ozon,Получите скидку 90% в Ozon прямо сейчас!,Ozon,True,2024-11-24 12:47:30.291200
bank,service_6882@secure-banking.ru,Важное уведомление от Тинькофф,"Уважаемый клиент Тинькофф, Ваша карта временно заблокирована...",Тинькофф,True,2024-11-14 12:47:30.291209
government,service_3125@tax-portal.ru,Важное уведомление от ФНС России,Уведомление о штрафе: 7952 руб. Оплатите в течение 6 дней...,ФНС России,True,2024-11-03 12:47:30.291218
online_shop,service_8547@online-shop.ru,Важное уведомление от Яндекс.Маркет,Получите скидку 53% в Яндекс.Маркет прямо сейчас!,Яндекс.Маркет,True,2024-11-05 12:47:30.291227
social_media,service_7009@telegram-verify.ru,Важное уведомление от ВКонтакте,Ваш аккаунт ВКонтакте был временно заблокирован...,ВКонтакте,True,2024-11-10 12:47:30.291236
social_media,service_8581@telegram-verify.ru,Важное уведомление от Telegram,Обнаружен подозрительный вход в ваш профиль Telegram...,Telegram,True,2024-11-08 12:47:30.291245
online_shop,service_7294@delivery-express.ru,Важное уведомление от Ozon,Получите скидку 62% в Ozon прямо сейчас!,Ozon,True,2024-11-19 12:47:30.291254
bank,service_7836@secure-banking.ru,Важное уведомление от Тинькофф,Служба безопасности Тинькофф: обнаружена попытка входа из Санкт-Петербург...,Тинькофф,True,2024-11-05 12:47:30.291263
online_shop,service_7660@online-shop.ru,Важное уведомление от Wildberries,Получите скидку 55% в Wildberries прямо сейчас!,Wildberries,True,2024-11-08 12:47:30.291271
social_media,service_9033@telegram-verify.ru,Важное уведомление от Telegram,Ваш аккаунт Telegram был временно заблокирован...,Telegram,True,2024-11-21 12:47:30.291280
social_media,service_2273@telegram-verify.ru,Важное уведомление от ВКонтакте,Ваш аккаунт ВКонтакте был временно заблокирован...,ВКонтакте,True,2024-10-31 12:47:30.291289
online_shop,service_4973@delivery-express.ru,Важное уведомление от Яндекс.Маркет,Получите скидку 88% в Яндекс.Маркет прямо сейчас!,Яндекс.Маркет,True,2024-11-02 12:47:30.291300
bank,service_1028@security-bank.ru,Важное уведомление от Сбербанк,"Уважаемый клиент Сбербанк, Ваша карта временно заблокирована...",Сбербанк,True,2024-11-20 12:47:30.291309
social_media,service_3817@vk-security.ru,Важное уведомление от ВКонтакте,Ваш аккаунт ВКонтакте был временно заблокирован...,ВКонтакте,True,2024-11-08 12:47:30.291318
social_media,service_2803@vk-security.ru,Важное уведомление от ВКонтакте,Обнаружен подозрительный вход в ваш профиль ВКонтакте...,ВКонтакте,True,2024-11-29 12:47:30.291328
government,service_1751@gov-services.ru,Важное уведомление от Госуслуги,Уведомление о штрафе: 5511 руб. Оплатите в течение 7 дней...,Госуслуги,True,2024-11-11 12:47:30.291337
online_shop,service_8210@online-shop.ru,Важное уведомление от AliExpress,Получите скидку 64% в AliExpress прямо сейчас!,AliExpress,True,2024-11-25 12:47:30.291346
bank,service_3386@security-bank.ru,Важное уведомление от ВТБ,Служба безопасности ВТБ: обнаружена попытка входа из Санкт-Петербург...,ВТБ,True,2024-11-29 12:47:30.291355
social_media,service_5544@telegram-verify.ru,Важное уведомление от Telegram,Обнаружен подозрительный вход в ваш профиль Telegram...,Telegram,True,2024-11-10 12:47:30.291364
online_shop,service_6143@online-shop.ru,Важное уведомление от AliExpress,Ваш заказ #636030 из AliExpress готов к выдаче...,AliExpress,True,2024-11-16 12:47:30.291373
online_shop,service_3787@delivery-express.ru,Важное уведомление от Яндекс.Маркет,Ваш заказ #162337 из Яндекс.Маркет готов к выдаче...,Яндекс.Маркет,True,2024-11-05 12:47:30.291382
government,service_8285@tax-portal.ru,Важное уведомление от МВД России,Уведомление о штрафе: 8331 руб. Оплатите в течение 4 дней...,МВД России,True,2024-11-28 12:47:30.291392
government,service_9150@gov-services.ru,Важное уведомление от МВД России,Портал Госуслуг: Вам начислена компенсация 8052 руб...,МВД России,True,2024-11-19 12:47:30.291401
bank,service_9951@bank-online.ru,Важное уведомление от Альфа-Банк,"Уважаемый клиент Альфа-Банк, Ваша карта временно заблокирована...",Альфа-Банк,True,2024-10-31 12:47:30.291411
bank,service_1146@secure-banking.ru,Важное уведомление от Сбербанк,"Уважаемый клиент Сбербанк, Ваша карта временно заблокирована...",Сбербанк,True,2024-11-18 12:47:30.291421
online_shop,service_9131@online-shop.ru,Важное уведомление от Яндекс.Маркет,Ваш заказ #955083 из Яндекс.Маркет готов к выдаче...,Яндекс.Маркет,True,2024-11-06 12:47:30.291430
government,service_9816@tax-portal.ru,Важное уведомление от МВД России,Портал Госуслуг: Вам начислена компенсация 9408 руб...,МВД России,True,2024-11-20 12:47:30.291438
online_shop,service_1253@market-delivery.ru,Важное уведомление от Ozon,Получите скидку 75% в Ozon прямо сейчас!,Ozon,True,2024-11-16 12:47:30.291447
bank,service_9192@bank-online.ru,Важное уведомление от Альфа-Банк,Служба безопасности Альфа-Банк: обнаружена попытка входа из Екатеринбург...,Альфа-Банк,True,2024-11-07 12:47:30.291456
online_shop,service_5936@delivery-express.ru,Важное уведомление от Wildberries,Ваш заказ #171934 из Wildberries готов к выдаче...,Wildberries,True,2024-11-29 12:47:30.291465
bank,service_8437@bank-online.ru,Важное уведомление от Альфа-Банк,Служба безопасности Альфа-Банк: обнаружена попытка входа из Новосибирск...,Альфа-Банк,True,2024-11-26 12:47:30.291474
bank,service_2869@security-bank.ru,Важное уведомление от ВТБ,Служба безопасности ВТБ: обнаружена попытка входа из Москва...,ВТБ,True,2024-11-22 12:47:30.291484
social_media,service_3545@telegram-verify.ru,Важное уведомление от Одноклассники,Обнаружен подозрительный вход в ваш профиль Одноклассники...,Одноклассники,True,2024-11-20 12:47:30.291493
online_shop,service_7635@delivery-express.ru,Важное уведомление от Wildberries,Ваш заказ #896264 из Wildberries готов к выдаче...,Wildberries,True,2024-11-11 12:47:30.291502
government,service_9508@mvd-notice.ru,Важное уведомление от Госуслуги,Портал Госуслуг: Вам начислена компенсация 6436 руб...,Госуслуги,True,2024-11-13 12:47:30.291511
government,service_4824@mvd-notice.ru,Важное уведомление от ФНС России,Портал Госуслуг: Вам начислена компенсация 4369 руб...,ФНС России,True,2024-11-26 12:47:30.291520
social_media,service_5274@telegram-verify.ru,Важное уведомление от Telegram,Обнаружен подозрительный вход в ваш профиль Telegram...,Telegram,True,2024-11-20 12:47:30.291530
social_media,service_4972@vk-security.ru,Важное уведомление от Telegram,Ваш аккаунт Telegram был временно заблокирован...,Telegram,True,2024-11-28 12:47:30.291539
social_media,service_3036@telegram-verify.ru,Важное уведомление от ВКонтакте,Ваш аккаунт ВКонтакте был временно заблокирован...,ВКонтакте,True,2024-11-09 12:47:30.291547
online_shop,service_2318@delivery-express.ru,Важное уведомление от Яндекс.Маркет,Получите скидку 68% в Яндекс.Маркет прямо сейчас!,Яндекс.Маркет,True,2024-11-16 12:47:30.291556
social_media,service_1420@telegram-verify.ru,Важное уведомление от Telegram,Ваш аккаунт Telegram был временно заблокирован...,Telegram,True,2024-11-14 12:47:30.291566
government,service_6131@gov-services.ru,Важное уведомление от Госуслуги,Портал Госуслуг: Вам начислена компенсация 12570 руб...,Госуслуги,True,2024-11-04 12:47:30.291575
social_media,service_5513@telegram-verify.ru,Важное уведомление от Telegram,Ваш аккаунт Telegram был временно заблокирован...,Telegram,True,2024-11-02 12:47:30.291585
bank,service_6331@bank-online.ru,Важное уведомление от Тинькофф,Служба безопасности Тинькофф: обнаружена попытка входа из Москва...,Тинькофф,True,2024-11-14 12:47:30.291594
online_shop,service_1050@delivery-express.ru,Важное уведомление от Яндекс.Маркет,Ваш заказ #859073 из Яндекс.Маркет готов к выдаче...,Яндекс.Маркет,True,2024-11-26 12:47:30.291603
social_media,service_1943@vk-security.ru,Важное уведомление от Telegram,Ваш аккаунт Telegram был временно заблокирован...,Telegram,True,2024-11-02 12:47:30.291612
online_shop,service_5867@market-delivery.ru,Важное уведомление от Ozon,Получите скидку 52% в Ozon прямо сейчас!,Ozon,True,2024-11-03 12:47:30.291620
online_shop,service_3462@online-shop.ru,Важное уведомление от Яндекс.Маркет,Ваш заказ #706619 из Яндекс.Маркет готов к выдаче...,Яндекс.Маркет,True,2024-11-04 12:47:30.291629
social_media,service_9508@vk-security.ru,Важное уведомление от Одноклассники,Ваш аккаунт Одноклассники был временно заблокирован...,Одноклассники,True,2024-11-24 12:47:30.291640
bank,service_5322@bank-online.ru,Важное уведомление от Сбербанк,Служба безопасности Сбербанк: обнаружена попытка входа из Новосибирск...,Сбербанк,True,2024-11-01 12:47:30.291651
online_shop,service_2935@delivery-express.ru,Важное уведомление от AliExpress,Получите скидку 59% в AliExpress прямо сейчас!,AliExpress,True,2024-11-06 12:47:30.291660
bank,service_1374@security-bank.ru,Важное уведомление от Альфа-Банк,"Уважаемый клиент Альфа-Банк, Ваша карта временно заблокирована...",Альфа-Банк,True,2024-11-11 12:47:30.291669
social_media,service_3490@vk-security.ru,Важное уведомление от Telegram,Обнаружен подозрительный вход в ваш профиль Telegram...,Telegram,True,2024-11-22 12:47:30.291678
bank,service_1770@secure-banking.ru,Важное уведомление от ВТБ,Служба безопасности ВТБ: обнаружена попытка входа из Санкт-Петербург...,ВТБ,True,2024-11-01 12:47:30.291686
government,service_5750@gov-services.ru,Важное уведомление от Госуслуги,Уведомление о штрафе: 6919 руб. Оплатите в течение 10 дней...,Госуслуги,True,2024-11-21 12:47:30.291695
bank,service_6035@secure-banking.ru,Важное уведомление от Сбербанк,Служба безопасности Сбербанк: обнаружена попытка входа из Москва...,Сбербанк,True,2024-11-02 12:47:30.291704
government,service_2792@mvd-notice.ru,Важное уведомление от МВД России,Уведомление о штрафе: 2534 руб. Оплатите в течение 8 дней...,МВД России,True,2024-11-16 12:47:30.291713
online_shop,service_3740@market-delivery.ru,Важное уведомление от Wildberries,Ваш заказ #824374 из Wildberries готов к выдаче...,Wildberries,True,2024-11-17 12:47:30.291722
government,service_3128@tax-portal.ru,Важное уведомление от МВД России,Портал Госуслуг: Вам начислена компенсация 12565 руб...,МВД России,True,2024-11-08 12:47:30.291731
online_shop,service_3485@delivery-express.ru,Важное уведомление от AliExpress,Ваш заказ #873526 из AliExpress готов к выдаче...,AliExpress,True,2024-11-10 12:47:30.291740
social_media,service_5811@telegram-verify.ru,Важное уведомление от Telegram,Ваш аккаунт Telegram был временно заблокирован...,Telegram,True,2024-11-10 12:47:30.291749
government,service_4011@tax-portal.ru,Важное уведомление от ФНС России,Портал Госуслуг: Вам начислена компенсация 12585 руб...,ФНС России,True,2024-11-06 12:47:30.291758
social_media,service_2955@telegram-verify.ru,Важное уведомление от ВКонтакте,Ваш аккаунт ВКонтакте был временно заблокирован...,ВКонтакте,True,2024-11-17 12:47:30.291766
government,service_5346@gov-services.ru,Важное уведомление от ФНС России,Уведомление о штрафе: 3150 руб. Оплатите в течение 3 дней...,ФНС России,True,2024-11-13 12:47:30.291775
social_media,service_1660@ok-account.ru,Важное уведомление от Telegram,Обнаружен подозрительный вход в ваш профиль Telegram...,Telegram,True,2024-10-31 12:47:30.291785
social_media,service_4055@telegram-verify.ru,Важное уведомление от ВКонтакте,Обнаружен подозрительный вход в ваш профиль ВКонтакте...,ВКонтакте,True,2024-11-25 12:47:30.291794
government,service_1998@mvd-notice.ru,Важное уведомление от МВД России,Уведомление о штрафе: 5320 руб. Оплатите в течение 7 дней...,МВД России,True,2024-11-24 12:47:30.291803
government,service_4144@gov-services.ru,Важное уведомление от Госуслуги,Портал Госуслуг: Вам начислена компенсация 12708 руб...,Госуслуги,True,2024-11-02 12:47:30.291811
social_media,service_9212@vk-security.ru,Важное уведомление от Telegram,Обнаружен подозрительный вход в ваш профиль Telegram...,Telegram,True,2024-11-14 12:47:30.291821
online_shop,service_7862@delivery-express.ru,Важное уведомление от Ozon,Ваш заказ #618209 из Ozon готов к выдаче...,Ozon,True,2024-11-14 12:47:30.291830
online_shop,service_2216@delivery-express.ru,Важное уведомление от Ozon,Получите скидку 51% в Ozon прямо сейчас!,Ozon,True,2024-11-09 12:47:30.291840
social_media,service_6583@telegram-verify.ru,Важное уведомление от Одноклассники,Ваш аккаунт Одноклассники был временно заблокирован...,Одноклассники,True,2024-11-06 12:47:30.291849
bank,service_6771@security-bank.ru,Важное уведомление от Сбербанк,Служба безопасности Сбербанк: обнаружена попытка входа из Санкт-Петербург...,Сбербанк,True,2024-11-25 12:47:30.291860
social_media,service_9501@telegram-verify.ru,Важное уведомление от Telegram,Обнаружен подозрительный вход в ваш профиль Telegram...,Telegram,True,2024-11-22 12:47:30.291869
online_shop,service_3400@delivery-express.ru,Важное уведомление от Ozon,Ваш заказ #706694 из Ozon готов к выдаче...,Ozon,True,2024-11-22 12:47:30.291878
government,service_9095@mvd-notice.ru,Важное уведомление от Госуслуги,Портал Госуслуг: Вам начислена компенсация 13000 руб...,Госуслуги,True,2024-11-19 12:47:30.291887
government,service_6982@mvd-notice.ru,Важное уведомление от Госуслуги,Уведомление о штрафе: 5652 руб. Оплатите в течение 3 дней...,Госуслуги,True,2024-11-29 12:47:30.291896
government,service_9035@gov-services.ru,Важное уведомление от МВД России,Портал Госуслуг: Вам начислена компенсация 7018 руб...,МВД России,True,2024-11-13 12:47:30.291905
social_media,service_3104@ok-account.ru,Важное уведомление от Одноклассники,Ваш аккаунт Одноклассники был временно заблокирован...,Одноклассники,True,2024-11-18 12:47:30.291914
online_shop,service_6668@market-delivery.ru,Важное уведомление от Wildberries,Ваш заказ #975980 из Wildberries готов к выдаче...,Wildberries,True,2024-11-01 12:47:30.291923
government,service_7245@mvd-notice.ru,Важное уведомление от МВД России,Портал Госуслуг: Вам начислена компенсация 5886 руб...,МВД России,True,2024-11-24 12:47:30.291932
online_shop,service_9747@online-shop.ru,Важное уведомление от Яндекс.Маркет,Ваш заказ #780893 из Яндекс.Маркет готов к выдаче...,Яндекс.Маркет,True,2024-11-20 12:47:30.291941
government,service_5905@tax-portal.ru,Важное уведомление от Госуслуги,Уведомление о штрафе: 9886 руб. Оплатите в течение 8 дней...,Госуслуги,True,2024-11-02 12:47:30.291950
online_shop,service_7662@delivery-express.ru,Важное уведомление от Яндекс.Маркет,Ваш заказ #495504 из Яндекс.Маркет готов к выдаче...,Яндекс.Маркет,True,2024-11-22 12:47:30.291959
online_shop,service_1297@delivery-express.ru,Важное уведомление от Яндекс.Маркет,Ваш заказ #250925 из Яндекс.Маркет готов к выдаче...,Яндекс.Маркет,True,2024-11-13 12:47:30.291968
social_media,service_2072@ok-account.ru,Важное уведомление от Telegram,Обнаружен подозрительный вход в ваш профиль Telegram...,Telegram,True,2024-11-29 12:47:30.291977
bank,service_8575@bank-online.ru,Важное уведомление от ВТБ,Служба безопасности ВТБ: обнаружена попытка входа из Новосибирск...,ВТБ,True,2024-11-11 12:47:30.291986
bank,service_5132@security-bank.ru,Важное уведомление от Альфа-Банк,"Уважаемый клиент Альфа-Банк, Ваша карта временно заблокирована...",Альфа-Банк,True,2024-11-23 12:47:30.291996
online_shop,service_5308@delivery-express.ru,Важное уведомление от Ozon,Ваш заказ #841234 из Ozon готов к выдаче...,Ozon,True,2024-11-08 12:47:30.292005
government,service_4932@tax-portal.ru,Важное уведомление от Госуслуги,Портал Госуслуг: Вам начислена компенсация 9156 руб...,Госуслуги,True,2024-11-02 12:47:30.292014
bank,service_3501@bank-online.ru,Важное уведомление от Альфа-Банк,Служба безопасности Альфа-Банк: обнаружена попытка входа из Екатеринбург...,Альфа-Банк,True,2024-11-18 12:47:30.292023
government,service_3847@gov-services.ru,Важное уведомление от ФНС России,Уведомление о штрафе: 4382 руб. Оплатите в течение 4 дней...,ФНС России,True,2024-11-17 12:47:30.292032
government,service_1937@gov-services.ru,Важное уведомление от Госуслуги,Портал Госуслуг: Вам начислена компенсация 10882 руб...,Госуслуги,True,2024-10-31 12:47:30.292040
online_shop,service_9514@market-delivery.ru,Важное уведомление от Яндекс.Маркет,Получите скидку 53% в Яндекс.Маркет прямо сейчас!,Яндекс.Маркет,True,2024-11-20 12:47:30.292049
government,service_5933@mvd-notice.ru,Важное уведомление от МВД России,Уведомление о штрафе: 1931 руб. Оплатите в течение 5 дней...,МВД России,True,2024-11-16 12:47:30.292058
online_shop,service_2283@delivery-express.ru,Важное уведомление от Ozon,Ваш заказ #787024 из Ozon готов к выдаче...,Ozon,True,2024-11-04 12:47:30.292067
online_shop,service_8508@online-shop.ru,Важное уведомление от AliExpress,Ваш заказ #441543 из AliExpress готов к выдаче...,AliExpress,True,2024-11-18 12:47:30.292076
government,service_2084@mvd-notice.ru,Важное уведомление от Госуслуги,Уведомление о штрафе: 2166 руб. Оплатите в течение 6 дней...,Госуслуги,True,2024-11-04 12:47:30.292085
government,service_6037@mvd-notice.ru,Важное уведомление от ФНС России,Портал Госуслуг: Вам начислена компенсация 6408 руб...,ФНС России,True,2024-11-10 12:47:30.292094
bank,service_8742@bank-online.ru,Важное уведомление от Тинькофф,Служба безопасности Тинькофф: обнаружена попытка входа из Москва...,Тинькофф,True,2024-11-19 12:47:30.292103
social_media,service_4024@ok-account.ru,Важное уведомление от Одноклассники,Обнаружен подозрительный вход в ваш профиль Одноклассники...,Одноклассники,True,2024-11-03 12:47:30.292112
social_media,service_4584@vk-security.ru,Важное уведомление от Telegram,Ваш аккаунт Telegram был временно заблокирован...,Telegram,True,2024-11-06 12:47:30.292121
bank,service_6024@secure-banking.ru,Важное уведомление от Альфа-Банк,"Уважаемый клиент Альфа-Банк, Ваша карта временно заблокирована...",Альфа-Банк,True,2024-11-16 12:47:30.292130
bank,service_5319@security-bank.ru,Важное уведомление от Сбербанк,"Уважаемый клиент Сбербанк, Ваша карта временно заблокирована...",Сбербанк,True,2024-11-10 12:47:30.292141
social_media,service_5962@vk-security.ru,Важное уведомление от Telegram,Обнаружен подозрительный вход в ваш профиль Telegram...,Telegram,True,2024-11-03 12:47:30.292150
online_shop,service_4553@market-delivery.ru,Важное уведомление от Яндекс.Маркет,Получите скидку 50% в Яндекс.Маркет прямо сейчас!,Яндекс.Маркет,True,2024-11-28 12:47:30.292158
government,service_9338@mvd-notice.ru,Важное уведомление от МВД России,Портал Госуслуг: Вам начислена компенсация 14461 руб...,МВД России,True,2024-11-26 12:47:30.292168
online_shop,service_8472@market-delivery.ru,Важное уведомление от Wildberries,Ваш заказ #657778 из Wildberries готов к выдаче...,Wildberries,True,2024-11-09 12:47:30.292342
bank,service_7982@bank-online.ru,Важное уведомление от Альфа-Банк,Служба безопасности Альфа-Банк: обнаружена попытка входа из Санкт-Петербург...,Альфа-Банк,True,2024-11-01 12:47:30.292353
bank,service_4819@security-bank.ru,Важное уведомление от Тинькофф,"Уважаемый клиент Тинькофф, Ваша карта временно заблокирована...",Тинькофф,True,2024-10-31 12:47:30.292362
social_media,service_6817@ok-account.ru,Важное уведомление от Одноклассники,Обнаружен подозрительный вход в ваш профиль Одноклассники...,Одноклассники,True,2024-11-09 12:47:30.292371
social_media,service_1274@telegram-verify.ru,Важное уведомление от ВКонтакте,Обнаружен подозрительный вход в ваш профиль ВКонтакте...,ВКонтакте,True,2024-11-16 12:47:30.292380
online_shop,service_1775@market-delivery.ru,Важное уведомление от Яндекс.Маркет,Получите скидку 71% в Яндекс.Маркет прямо сейчас!,Яндекс.Маркет,True,2024-11-29 12:47:30.292389
government,service_2969@mvd-notice.ru,Важное уведомление от ФНС России,Портал Госуслуг: Вам начислена компенсация 8950 руб...,ФНС России,True,2024-11-02 12:47:30.292399
bank,service_7343@security-bank.ru,Важное уведомление от Альфа-Банк,Служба безопасности Альфа-Банк: обнаружена попытка входа из Новосибирск...,Альфа-Банк,True,2024-11-17 12:47:30.292408
social_media,service_7081@telegram-verify.ru,Важное уведомление от Одноклассники,Обнаружен подозрительный вход в ваш профиль Одноклассники...,Одноклассники,True,2024-11-21 12:47:30.292416
government,service_3340@mvd-notice.ru,Важное уведомление от МВД России,Портал Госуслуг: Вам начислена компенсация 4716 руб...,МВД России,True,2024-11-16 12:47:30.292425
online_shop,service_3144@online-shop.ru,Важное уведомление от Wildberries,Ваш заказ #704847 из Wildberries готов к выдаче...,Wildberries,True,2024-11-08 12:47:30.292434
government,service_2400@gov-services.ru,Важное уведомление от Госуслуги,Портал Госуслуг: Вам начислена компенсация 9987 руб...,Госуслуги,True,2024-11-06 12:47:30.292443
government,service_3786@tax-portal.ru,Важное уведомление от Госуслуги,Уведомление о штрафе: 5419 руб. Оплатите в течение 5 дней...,Госуслуги,True,2024-11-10 12:47:30.292452
social_media,service_1229@ok-account.ru,Важное уведомление от Telegram,Ваш аккаунт Telegram был временно заблокирован...,Telegram,True,2024-11-25 12:47:30.292461
bank,service_9388@bank-online.ru,Важное уведомление от Тинькофф,Служба безопасности Тинькофф: обнаружена попытка входа из Москва...,Тинькофф,True,2024-11-16 12:47:30.292470
bank,service_9681@bank-online.ru,Важное уведомление от Сбербанк,"Уважаемый клиент Сбербанк, Ваша карта временно заблокирована...",Сбербанк,True,2024-11-29 12:47:30.292479
online_shop,service_6096@online-shop.ru,Важное уведомление от Wildberries,Ваш заказ #216659 из Wildberries готов к выдаче...,Wildberries,True,2024-11-24 12:47:30.292491
social_media,service_5327@vk-security.ru,Важное уведомление от Одноклассники,Обнаружен подозрительный вход в ваш профиль Одноклассники...,Одноклассники,True,2024-11-09 12:47:30.292501
social_media,service_7885@ok-account.ru,Важное уведомление от Telegram,Ваш аккаунт Telegram был временно заблокирован...,Telegram,True,2024-11-02 12:47:30.292510
government,service_8870@gov-services.ru,Важное уведомление от Госуслуги,Портал Госуслуг: Вам начислена компенсация 6880 руб...,Госуслуги,True,2024-11-01 12:47:30.292521
bank,service_9289@security-bank.ru,Важное уведомление от Альфа-Банк,Служба безопасности Альфа-Банк: обнаружена попытка входа из Екатеринбург...,Альфа-Банк,True,2024-11-18 12:47:30.292530
government,service_6270@mvd-notice.ru,Важное уведомление от ФНС России,Уведомление о штрафе: 2485 руб. Оплатите в течение 5 дней...,ФНС России,True,2024-11-12 12:47:30.292539
bank,service_2045@security-bank.ru,Важное уведомление от Альфа-Банк,Служба безопасности Альфа-Банк: обнаружена попытка входа из Санкт-Петербург...,Альфа-Банк,True,2024-10-31 12:47:30.292548
bank,service_8524@secure-banking.ru,Важное уведомление от Сбербанк,Служба безопасности Сбербанк: обнаружена попытка входа из Москва...,Сбербанк,True,2024-11-21 12:47:30.292556
government,service_1121@gov-services.ru,Важное уведомление от ФНС России,Уведомление о штрафе: 5218 руб. Оплатите в течение 8 дней...,ФНС России,True,2024-11-21 12:47:30.292566
social_media,service_7342@telegram-verify.ru,Важное уведомление от Одноклассники,Обнаружен подозрительный вход в ваш профиль Одноклассники...,Одноклассники,True,2024-11-23 12:47:30.292575
online_shop,service_9851@delivery-express.ru,Важное уведомление от AliExpress,Ваш заказ #887477 из AliExpress готов к выдаче...,AliExpress,True,2024-11-05 12:47:30.292584
social_media,service_2683@ok-account.ru,Важное уведомление от Одноклассники,Обнаружен подозрительный вход в ваш профиль Одноклассники...,Одноклассники,True,2024-11-01 12:47:30.292593
government,service_2887@mvd-notice.ru,Важное уведомление от МВД России,Портал Госуслуг: Вам начислена компенсация 12241 руб...,МВД России,True,2024-11-19 12:47:30.292602
social_media,service_8075@ok-account.ru,Важное уведомление от Одноклассники,Ваш аккаунт Одноклассники был временно заблокирован...,Одноклассники,True,2024-11-06 12:47:30.292610
social_media,service_5999@ok-account.ru,Важное уведомление от Telegram,Ваш аккаунт Telegram был временно заблокирован...,Telegram,True,2024-10-31 12:47:30.292619
bank,service_8666@secure-banking.ru,Важное уведомление от Сбербанк,"Уважаемый клиент Сбербанк, Ваша карта временно заблокирована...",Сбербанк,True,2024-11-07 12:47:30.292628
bank,service_5891@secure-banking.ru,Важное уведомление от ВТБ,"Уважаемый клиент ВТБ, Ваша карта временно заблокирована...",ВТБ,True,2024-11-03 12:47:30.292637
government,service_7086@tax-portal.ru,Важное уведомление от ФНС России,Портал Госуслуг: Вам начислена компенсация 14266 руб...,ФНС России,True,2024-11-13 12:47:30.292647
online_shop,service_3218@market-delivery.ru,Важное уведомление от Wildberries,Ваш заказ #686151 из Wildberries готов к выдаче...,Wildberries,True,2024-11-15 12:47:30.292658
online_shop,service_7996@delivery-express.ru,Важное уведомление от Wildberries,Ваш заказ #360706 из Wildberries готов к выдаче...,Wildberries,True,2024-11-27 12:47:30.292667
online_shop,service_4887@delivery-express.ru,Важное уведомление от Wildberries,Получите скидку 56% в Wildberries прямо сейчас!,Wildberries,True,2024-11-04 12:47:30.292677
social_media,service_2537@ok-account.ru,Важное уведомление от ВКонтакте,Ваш аккаунт ВКонтакте был временно заблокирован...,ВКонтакте,True,2024-11-12 12:47:30.292686
bank,service_4680@bank-online.ru,Важное уведомление от Тинькофф,"Уважаемый клиент Тинькофф, Ваша карта временно заблокирована...",Тинькофф,True,2024-11-13 12:47:30.292695
online_shop,service_1131@delivery-express.ru,Важное уведомление от AliExpress,Получите скидку 62% в AliExpress прямо сейчас!,AliExpress,True,2024-11-19 12:47:30.292705
social_media,service_7266@ok-account.ru,Важное уведомление от Одноклассники,Обнаружен подозрительный вход в ваш профиль Одноклассники...,Одноклассники,True,2024-11-23 12:47:30.292713
social_media,service_9041@telegram-verify.ru,Важное уведомление от Одноклассники,Ваш аккаунт Одноклассники был временно заблокирован...,Одноклассники,True,2024-11-07 12:47:30.292724
government,service_6687@tax-portal.ru,Важное уведомление от ФНС России,Уведомление о штрафе: 8866 руб. Оплатите в течение 3 дней...,ФНС России,True,2024-11-10 12:47:30.292733
social_media,service_7207@vk-security.ru,Важное уведомление от ВКонтакте,Ваш аккаунт ВКонтакте был временно заблокирован...,ВКонтакте,True,2024-11-09 12:47:30.292742
social_media,service_6556@vk-security.ru,Важное уведомление от Telegram,Ваш аккаунт Telegram был временно заблокирован...,Telegram,True,2024-11-09 12:47:30.292751
government,service_2154@gov-services.ru,Важное уведомление от МВД России,Уведомление о штрафе: 2180 руб. Оплатите в течение 6 дней...,МВД России,True,2024-11-01 12:47:30.292760
social_media,service_3623@ok-account.ru,Важное уведомление от ВКонтакте,Обнаружен подозрительный вход в ваш профиль ВКонтакте...,ВКонтакте,True,2024-11-22 12:47:30.292769
online_shop,service_7790@market-delivery.ru,Важное уведомление от Wildberries,Ваш заказ #981990 из Wildberries готов к выдаче...,Wildberries,True,2024-11-14 12:47:30.292778
government,service_3508@tax-portal.ru,Важное уведомление от ФНС России,Портал Госуслуг: Вам начислена компенсация 12202 руб...,ФНС России,True,2024-11-26 12:47:30.292787
social_media,service_4739@ok-account.ru,Важное уведомление от Telegram,Обнаружен подозрительный вход в ваш профиль Telegram...,Telegram,True,2024-11-23 12:47:30.292795
government,service_1951@mvd-notice.ru,Важное уведомление от ФНС России,Уведомление о штрафе: 9197 руб. Оплатите в течение 6 дней...,ФНС России,True,2024-11-25 12:47:30.292804
bank,service_4464@security-bank.ru,Важное уведомление от Тинькофф,"Уважаемый клиент Тинькофф, Ваша карта временно заблокирована...",Тинькофф,True,2024-11-02 12:47:30.292813
online_shop,service_3994@delivery-express.ru,Важное уведомление от Wildberries,Получите скидку 86% в Wildberries прямо сейчас!,Wildberries,True,2024-11-12 12:47:30.292822
social_media,service_3556@ok-account.ru,Важное уведомление от Одноклассники,Ваш аккаунт Одноклассники был временно заблокирован...,Одноклассники,True,2024-11-12 12:47:30.292831
bank,service_7619@bank-online.ru,Важное уведомление от Тинькофф,"Уважаемый клиент Тинькофф, Ваша карта временно заблокирована...",Тинькофф,True,2024-11-12 12:47:30.292840
government,service_6150@tax-portal.ru,Важное уведомление от Госуслуги,Уведомление о штрафе: 6263 руб. Оплатите в течение 5 дней...,Госуслуги,True,2024-11-03 12:47:30.292851
social_media,service_5969@ok-account.ru,Важное уведомление от ВКонтакте,Обнаружен подозрительный вход в ваш профиль ВКонтакте...,ВКонтакте,True,2024-11-17 12:47:30.292860
online_shop,service_3112@online-shop.ru,Важное уведомление от AliExpress,Получите скидку 81% в AliExpress прямо сейчас!,AliExpress,True,2024-11-09 12:47:30.292869
social_media,service_8802@ok-account.ru,Важное уведомление от Одноклассники,Ваш аккаунт Одноклассники был временно заблокирован...,Одноклассники,True,2024-11-13 12:47:30.292878
social_media,service_7932@vk-security.ru,Важное уведомление от Одноклассники,Ваш аккаунт Одноклассники был временно заблокирован...,Одноклассники,True,2024-11-13 12:47:30.292886
government,service_6726@gov-services.ru,Важное уведомление от ФНС России,Уведомление о штрафе: 8924 руб. Оплатите в течение 7 дней...,ФНС России,True,2024-11-11 12:47:30.292895
online_shop,service_8904@delivery-express.ru,Важное уведомление от Wildberries,Ваш заказ #102770 из Wildberries готов к выдаче...,Wildberries,True,2024-11-12 12:47:30.292904
online_shop,service_2883@online-shop.ru,Важное уведомление от Яндекс.Маркет,Ваш заказ #312206 из Яндекс.Маркет готов к выдаче...,Яндекс.Маркет,True,2024-11-20 12:47:30.292913
government,service_8772@mvd-notice.ru,Важное уведомление от МВД России,Уведомление о штрафе: 8586 руб. Оплатите в течение 4 дней...,МВД России,True,2024-11-29 12:47:30.292921
online_shop,service_6589@online-shop.ru,Важное уведомление от Wildberries,Ваш заказ #461171 из Wildberries готов к выдаче...,Wildberries,True,2024-11-05 12:47:30.292930
bank,service_9021@bank-online.ru,Важное уведомление от ВТБ,"Уважаемый клиент ВТБ, Ваша карта временно заблокирована...",ВТБ,True,2024-11-05 12:47:30.292939
social_media,service_6627@vk-security.ru,Важное уведомление от ВКонтакте,Обнаружен подозрительный вход в ваш профиль ВКонтакте...,ВКонтакте,True,2024-11-17 12:47:30.292948
social_media,service_5802@telegram-verify.ru,Важное уведомление от Одноклассники,Обнаружен подозрительный вход в ваш профиль Одноклассники...,Одноклассники,True,2024-11-05 12:47:30.292957
social_media,service_9411@vk-security.ru,Важное уведомление от Одноклассники,Ваш аккаунт Одноклассники был временно заблокирован...,Одноклассники,True,2024-11-20 12:47:30.292968
social_media,service_8969@ok-account.ru,Важное уведомление от Одноклассники,Ваш аккаунт Одноклассники был временно заблокирован...,Одноклассники,True,2024-11-23 12:47:30.292978
government,service_6993@mvd-notice.ru,Важное уведомление от Госуслуги,Уведомление о штрафе: 9890 руб. Оплатите в течение 4 дней...,Госуслуги,True,2024-11-27 12:47:30.292987
online_shop,service_8454@market-delivery.ru,Важное уведомление от Яндекс.Маркет,Получите скидку 77% в Яндекс.Маркет прямо сейчас!,Яндекс.Маркет,True,2024-11-02 12:47:30.292996
bank,service_6794@secure-banking.ru,Важное уведомление от Сбербанк,"Уважаемый клиент Сбербанк, Ваша карта временно заблокирована...",Сбербанк,True,2024-11-08 12:47:30.293005
government,service_5614@tax-portal.ru,Важное уведомление от МВД России,Портал Госуслуг: Вам начислена компенсация 6513 руб...,МВД России,True,2024-11-29 12:47:30.293014
online_shop,service_7626@online-shop.ru,Важное уведомление от AliExpress,Получите скидку 89% в AliExpress прямо сейчас!,AliExpress,True,2024-11-21 12:47:30.293023
government,service_8532@tax-portal.ru,Важное уведомление от ФНС России,Портал Госуслуг: Вам начислена компенсация 4332 руб...,ФНС России,True,2024-11-22 12:47:30.293033
online_shop,service_2115@online-shop.ru,Важное уведомление от Wildberries,Получите скидку 75% в Wildberries прямо сейчас!,Wildberries,True,2024-11-28 12:47:30.293042
bank,service_1083@bank-online.ru,Важное уведомление от ВТБ,"Уважаемый клиент ВТБ, Ваша карта временно заблокирована...",ВТБ,True,2024-11-16 12:47:30.293051
online_shop,service_1603@market-delivery.ru,Важное уведомление от Ozon,Ваш заказ #199345 из Ozon готов к выдаче...,Ozon,True,2024-11-09 12:47:30.293060
online_shop,service_6082@online-shop.ru,Важное уведомление от Яндекс.Маркет,Ваш заказ #572051 из Яндекс.Маркет готов к выдаче...,Яндекс.Маркет,True,2024-11-22 12:47:30.293069
online_shop,service_2272@market-delivery.ru,Важное уведомление от Ozon,Получите скидку 56% в Ozon прямо сейчас!,Ozon,True,2024-11-11 12:47:30.293078
social_media,service_8896@vk-security.ru,Важное уведомление от Telegram,Обнаружен подозрительный вход в ваш профиль Telegram...,Telegram,True,2024-11-29 12:47:30.293087
bank,service_5591@secure-banking.ru,Важное уведомление от Сбербанк,"Уважаемый клиент Сбербанк, Ваша карта временно заблокирована...",Сбербанк,True,2024-11-13 12:47:30.293096
online_shop,service_3582@market-delivery.ru,Важное уведомление от Ozon,Получите скидку 66% в Ozon прямо сейчас!,Ozon,True,2024-11-24 12:47:30.293105
social_media,service_6584@vk-security.ru,Важное уведомление от ВКонтакте,Ваш аккаунт ВКонтакте был временно заблокирован...,ВКонтакте,True,2024-11-25 12:47:30.293114
government,service_4210@tax-portal.ru,Важное уведомление от МВД России,Портал Госуслуг: Вам начислена компенсация 11225 руб...,МВД России,True,2024-11-26 12:47:30.293123
social_media,service_1171@ok-account.ru,Важное уведомление от Одноклассники,Ваш аккаунт Одноклассники был временно заблокирован...,Одноклассники,True,2024-11-02 12:47:30.293132
bank,service_1974@secure-banking.ru,Важное уведомление от Тинькофф,"Уважаемый клиент Тинькофф, Ваша карта временно заблокирована...",Тинькофф,True,2024-11-13 12:47:30.293141
government,service_8449@tax-portal.ru,Важное уведомление от ФНС России,Портал Госуслуг: Вам начислена компенсация 7355 руб...,ФНС России,True,2024-11-18 12:47:30.293150
government,service_8178@gov-services.ru,Важное уведомление от МВД России,Портал Госуслуг: Вам начислена компенсация 5070 руб...,МВД России,True,2024-11-18 12:47:30.293159
bank,service_6784@secure-banking.ru,Важное уведомление от Альфа-Банк,Служба безопасности Альфа-Банк: обнаружена попытка входа из Москва...,Альфа-Банк,True,2024-11-14 12:47:30.293168
social_media,service_3989@vk-security.ru,Важное уведомление от Telegram,Ваш аккаунт Telegram был временно заблокирован...,Telegram,True,2024-11-08 12:47:30.293176
social_media,service_5794@telegram-verify.ru,Важное уведомление от Telegram,Ваш аккаунт Telegram был временно заблокирован...,Telegram,True,2024-11-23 12:47:30.293185
government,service_7916@gov-services.ru,Важное уведомление от МВД России,Портал Госуслуг: Вам начислена компенсация 9415 руб...,МВД России,True,2024-11-10 12:47:30.293194
bank,service_6667@secure-banking.ru,Важное уведомление от Альфа-Банк,Служба безопасности Альфа-Банк: обнаружена попытка входа из Новосибирск...,Альфа-Банк,True,2024-11-16 12:47:30.293203
government,service_2910@gov-services.ru,Важное уведомление от Госуслуги,Портал Госуслуг: Вам начислена компенсация 8420 руб...,Госуслуги,True,2024-11-03 12:47:30.293212
government,service_1568@mvd-notice.ru,Важное уведомление от Госуслуги,Уведомление о штрафе: 5101 руб. Оплатите в течение 7 дней...,Госуслуги,True,2024-11-22 12:47:30.293221
bank,service_9421@bank-online.ru,Важное уведомление от Сбербанк,"Уважаемый клиент Сбербанк, Ваша карта временно заблокирована...",Сбербанк,True,2024-11-16 12:47:30.293231
online_shop,service_2534@market-delivery.ru,Важное уведомление от Wildberries,Получите скидку 86% в Wildberries прямо сейчас!,Wildberries,True,2024-11-27 12:47:30.293239
bank,service_8342@bank-online.ru,Важное уведомление от Сбербанк,"Уважаемый клиент Сбербанк, Ваша карта временно заблокирована...",Сбербанк,True,2024-11-11 12:47:30.293248
government,service_3590@tax-portal.ru,Важное уведомление от ФНС России,Портал Госуслуг: Вам начислена компенсация 13623 руб...,ФНС России,True,2024-11-17 12:47:30.293257
online_shop,service_6895@online-shop.ru,Важное уведомление от Яндекс.Маркет,Ваш заказ #450744 из Яндекс.Маркет готов к выдаче...,Яндекс.Маркет,True,2024-11-12 12:47:30.293267
government,service_4492@gov-services.ru,Важное уведомление от ФНС России,Уведомление о штрафе: 9402 руб. Оплатите в течение 6 дней...,ФНС России,True,2024-11-15 12:47:30.293276
government,service_1722@tax-portal.ru,Важное уведомление от Госуслуги,Уведомление о штрафе: 4740 руб. Оплатите в течение 3 дней...,Госуслуги,True,2024-11-05 12:47:30.293285
government,service_8767@mvd-notice.ru,Важное уведомление от МВД России,Уведомление о штрафе: 4293 руб. Оплатите в течение 9 дней...,МВД России,True,2024-11-21 12:47:30.293295
social_media,service_8997@telegram-verify.ru,Важное уведомление от Одноклассники,Обнаружен подозрительный вход в ваш профиль Одноклассники...,Одноклассники,True,2024-11-04 12:47:30.293303
online_shop,service_9829@market-delivery.ru,Важное уведомление от Ozon,Ваш заказ #143535 из Ozon готов к выдаче...,Ozon,True,2024-11-11 12:47:30.293313
government,service_6166@mvd-notice.ru,Важное уведомление от ФНС России,Портал Госуслуг: Вам начислена компенсация 4849 руб...,ФНС России,True,2024-11-05 12:47:30.293321
social_media,service_3811@vk-security.ru,Важное уведомление от Telegram,Ваш аккаунт Telegram был временно заблокирован...,Telegram,True,2024-11-07 12:47:30.293330
online_shop,service_9948@market-delivery.ru,Важное уведомление от Ozon,Получите скидку 76% в Ozon прямо сейчас!,Ozon,True,2024-11-24 12:47:30.293339
social_media,service_2059@telegram-verify.ru,Важное уведомление от Telegram,Обнаружен подозрительный вход в ваш профиль Telegram...,Telegram,True,2024-11-14 12:47:30.293347
bank,service_6449@secure-banking.ru,Важное уведомление от Сбербанк,Служба безопасности Сбербанк: обнаружена попытка входа из Екатеринбург...,Сбербанк,True,2024-11-06 12:47:30.293357
government,service_4526@gov-services.ru,Важное уведомление от ФНС России,Портал Госуслуг: Вам начислена компенсация 3533 руб...,ФНС России,True,2024-11-19 12:47:30.293366
bank,service_5954@bank-online.ru,Важное уведомление от Сбербанк,"Уважаемый клиент Сбербанк, Ваша карта временно заблокирована...",Сбербанк,True,2024-11-20 12:47:30.293375
bank,service_9259@secure-banking.ru,Важное уведомление от Тинькофф,Служба безопасности Тинькофф: обнаружена попытка входа из Санкт-Петербург...,Тинькофф,True,2024-11-21 12:47:30.293384
online_shop,service_3895@market-delivery.ru,Важное уведомление от AliExpress,Ваш заказ #581864 из AliExpress готов к выдаче...,AliExpress,True,2024-11-14 12:47:30.293393
online_shop,service_7585@delivery-express.ru,Важное уведомление от AliExpress,Получите скидку 80% в AliExpress прямо сейчас!,AliExpress,True,2024-11-10 12:47:30.293402
social_media,service_1454@ok-account.ru,Важное уведомление от Одноклассники,Ваш аккаунт Одноклассники был временно заблокирован...,Одноклассники,True,2024-11-25 12:47:30.293411
government,service_1398@gov-services.ru,Важное уведомление от МВД России,Портал Госуслуг: Вам начислена компенсация 10212 руб...,МВД России,True,2024-11-04 12:47:30.293420
social_media,service_1700@telegram-verify.ru,Важное уведомление от Telegram,Обнаружен подозрительный вход в ваш профиль Telegram...,Telegram,True,2024-11-18 12:47:30.293429
government,service_1300@tax-portal.ru,Важное уведомление от ФНС России,Уведомление о штрафе: 8069 руб. Оплатите в течение 5 дней...,ФНС России,True,2024-11-28 12:47:30.293438
online_shop,service_4968@market-delivery.ru,Важное уведомление от AliExpress,Ваш заказ #114132 из AliExpress готов к выдаче...,AliExpress,True,2024-11-01 12:47:30.293447
online_shop,service_7885@market-delivery.ru,Важное уведомление от Ozon,Получите скидку 53% в Ozon прямо сейчас!,Ozon,True,2024-11-19 12:47:30.293456
online_shop,service_2222@delivery-express.ru,Важное уведомление от Ozon,Получите скидку 78% в Ozon прямо сейчас!,Ozon,True,2024-11-24 12:47:30.293466
government,service_7114@mvd-notice.ru,Важное уведомление от Госуслуги,Портал Госуслуг: Вам начислена компенсация 9493 руб...,Госуслуги,True,2024-11-04 12:47:30.293475
bank,service_5587@bank-online.ru,Важное уведомление от Сбербанк,Служба безопасности Сбербанк: обнаружена попытка входа из Санкт-Петербург...,Сбербанк,True,2024-11-19 12:47:30.293484
online_shop,service_1458@online-shop.ru,Важное уведомление от Яндекс.Маркет,Получите скидку 71% в Яндекс.Маркет прямо сейчас!,Яндекс.Маркет,True,2024-11-10 12:47:30.293493
social_media,service_1229@telegram-verify.ru,Важное уведомление от Telegram,Обнаружен подозрительный вход в ваш профиль Telegram...,Telegram,True,2024-11-14 12:47:30.293501
bank,service_3163@security-bank.ru,Важное уведомление от Тинькофф,Служба безопасности Тинькофф: обнаружена попытка входа из Санкт-Петербург...,Тинькофф,True,2024-11-11 12:47:30.293510
online_shop,service_9104@online-shop.ru,Важное уведомление от AliExpress,Ваш заказ #385049 из AliExpress готов к выдаче...,AliExpress,True,2024-11-27 12:47:30.293519
social_media,service_3194@telegram-verify.ru,Важное уведомление от Telegram,Ваш аккаунт Telegram был временно заблокирован...,Telegram,True,2024-10-31 12:47:30.293530
social_media,service_9226@vk-security.ru,Важное уведомление от ВКонтакте,Ваш аккаунт ВКонтакте был временно заблокирован...,ВКонтакте,True,2024-11-18 12:47:30.293538
online_shop,service_1410@delivery-express.ru,Важное уведомление от Wildberries,Получите скидку 57% в Wildberries прямо сейчас!,Wildberries,True,2024-11-20 12:47:30.293548
government,service_3746@gov-services.ru,Важное уведомление от ФНС России,Портал Госуслуг: Вам начислена компенсация 8932 руб...,ФНС России,True,2024-11-09 12:47:30.293556
bank,service_4664@secure-banking.ru,Важное уведомление от Тинькофф,"Уважаемый клиент Тинькофф, Ваша карта временно заблокирована...",Тинькофф,True,2024-11-01 12:47:30.293565
government,service_8794@gov-services.ru,Важное уведомление от ФНС России,Уведомление о штрафе: 9213 руб. Оплатите в течение 6 дней...,ФНС России,True,2024-11-12 12:47:30.293574
government,service_6565@mvd-notice.ru,Важное уведомление от МВД России,Портал Госуслуг: Вам начислена компенсация 4226 руб...,МВД России,True,2024-11-24 12:47:30.293583
government,service_8413@mvd-notice.ru,Важное уведомление от Госуслуги,Уведомление о штрафе: 2180 руб. Оплатите в течение 8 дней...,Госуслуги,True,2024-11-11 12:47:30.293593
online_shop,service_1436@delivery-express.ru,Важное уведомление от AliExpress,Получите скидку 61% в AliExpress прямо сейчас!,AliExpress,True,2024-11-13 12:47:30.293602
government,service_7699@gov-services.ru,Важное уведомление от МВД России,Уведомление о штрафе: 5884 руб. Оплатите в течение 8 дней...,МВД России,True,2024-11-11 12:47:30.293611
social_media,service_8049@ok-account.ru,Важное уведомление от Telegram,Обнаружен подозрительный вход в ваш профиль Telegram...,Telegram,True,2024-11-20 12:47:30.293619
government,service_9717@gov-services.ru,Важное уведомление от Госуслуги,Портал Госуслуг: Вам начислена компенсация 6000 руб...,Госуслуги,True,2024-11-02 12:47:30.293628
government,service_4601@gov-services.ru,Важное уведомление от МВД России,Уведомление о штрафе: 2279 руб. Оплатите в течение 9 дней...,МВД России,True,2024-11-12 12:47:30.293638
online_shop,service_7233@delivery-express.ru,Важное уведомление от AliExpress,Ваш заказ #476469 из AliExpress готов к выдаче...,AliExpress,True,2024-11-21 12:47:30.293647
online_shop,service_9488@delivery-express.ru,Важное уведомление от Ozon,Получите скидку 65% в Ozon прямо сейчас!,Ozon,True,2024-11-19 12:47:30.293656
online_shop,service_2345@online-shop.ru,Важное уведомление от AliExpress,Получите скидку 65% в AliExpress прямо сейчас!,AliExpress,True,2024-11-10 12:47:30.293665
government,service_8493@mvd-notice.ru,Важное уведомление от ФНС России,Портал Госуслуг: Вам начислена компенсация 9545 руб...,ФНС России,True,2024-11-26 12:47:30.293674
online_shop,service_6326@market-delivery.ru,Важное уведомление от Ozon,Получите скидку 81% в Ozon прямо сейчас!,Ozon,True,2024-11-09 12:47:30.293683
government,service_1670@tax-portal.ru,Важное уведомление от МВД России,Уведомление о штрафе: 4226 руб. Оплатите в течение 5 дней...,МВД России,True,2024-11-04 12:47:30.293692
bank,service_6904@secure-banking.ru,Важное уведомление от Сбербанк,Служба безопасности Сбербанк: обнаружена попытка входа из Новосибирск...,Сбербанк,True,2024-11-07 12:47:30.293702
social_media,service_8997@ok-account.ru,Важное уведомление от Одноклассники,Обнаружен подозрительный вход в ваш профиль Одноклассники...,Одноклассники,True,2024-11-18 12:47:30.293710
social_media,service_7967@vk-security.ru,Важное уведомление от Одноклассники,Ваш аккаунт Одноклассники был временно заблокирован...,Одноклассники,True,2024-11-24 12:47:30.293719
social_media,service_6677@vk-security.ru,Важное уведомление от Одноклассники,Обнаружен подозрительный вход в ваш профиль Одноклассники...,Одноклассники,True,2024-11-26 12:47:30.293727
social_media,service_7139@telegram-verify.ru,Важное уведомление от ВКонтакте,Обнаружен подозрительный вход в ваш профиль ВКонтакте...,ВКонтакте,True,2024-11-12 12:47:30.293739
social_media,service_4182@telegram-verify.ru,Важное уведомление от Telegram,Обнаружен подозрительный вход в ваш профиль Telegram...,Telegram,True,2024-11-15 12:47:30.293748
bank,service_2226@secure-banking.ru,Важное уведомление от Сбербанк,Служба безопасности Сбербанк: обнаружена попытка входа из Санкт-Петербург...,Сбербанк,True,2024-11-23 12:47:30.293758
online_shop,service_5431@delivery-express.ru,Важное уведомление от Ozon,Получите скидку 79% в Ozon прямо сейчас!,Ozon,True,2024-11-26 12:47:30.293767
social_media,service_4097@vk-security.ru,Важное уведомление от ВКонтакте,Ваш аккаунт ВКонтакте был временно заблокирован...,ВКонтакте,True,2024-10-31 12:47:30.293775
bank,service_6030@bank-online.ru,Важное уведомление от Тинькофф,"Уважаемый клиент Тинькофф, Ваша карта временно заблокирована...",Тинькофф,True,2024-11-11 12:47:30.293784
social_media,service_6105@vk-security.ru,Важное уведомление от Telegram,Обнаружен подозрительный вход в ваш профиль Telegram...,Telegram,True,2024-11-07 12:47:30.293793
social_media,service_7008@vk-security.ru,Важное уведомление от ВКонтакте,Обнаружен подозрительный вход в ваш профиль ВКонтакте...,ВКонтакте,True,2024-11-03 12:47:30.293801
social_media,service_6051@ok-account.ru,Важное уведомление от Одноклассники,Обнаружен подозрительный вход в ваш профиль Одноклассники...,Одноклассники,True,2024-11-07 12:47:30.293811
government,service_3991@gov-services.ru,Важное уведомление от ФНС России,Портал Госуслуг: Вам начислена компенсация 13902 руб...,ФНС России,True,2024-11-18 12:47:30.293820
social_media,service_5702@telegram-verify.ru,Важное уведомление от Telegram,Обнаружен подозрительный вход в ваш профиль Telegram...,Telegram,True,2024-11-06 12:47:30.293829
social_media,service_9168@ok-account.ru,Важное уведомление от Одноклассники,Ваш аккаунт Одноклассники был временно заблокирован...,Одноклассники,True,2024-11-27 12:47:30.293837
government,service_8820@gov-services.ru,Важное уведомление от Госуслуги,Уведомление о штрафе: 8844 руб. Оплатите в течение 9 дней...,Госуслуги,True,2024-11-24 12:47:30.293846
government,service_3938@mvd-notice.ru,Важное уведомление от ФНС России,Уведомление о штрафе: 6927 руб. Оплатите в течение 10 дней...,ФНС России,True,2024-11-27 12:47:30.293855
government,service_8950@gov-services.ru,Важное уведомление от ФНС России,Уведомление о штрафе: 9347 руб. Оплатите в течение 10 дней...,ФНС России,True,2024-11-27 12:47:30.293864
online_shop,service_6431@online-shop.ru,Важное уведомление от AliExpress,Получите скидку 53% в AliExpress прямо сейчас!,AliExpress,True,2024-11-03 12:47:30.293874
social_media,service_5016@telegram-verify.ru,Важное уведомление от ВКонтакте,Обнаружен подозрительный вход в ваш профиль ВКонтакте...,ВКонтакте,True,2024-11-12 12:47:30.293883
online_shop,service_3169@delivery-express.ru,Важное уведомление от Wildberries,Получите скидку 84% в Wildberries прямо сейчас!,Wildberries,True,2024-11-21 12:47:30.293892
bank,service_7320@security-bank.ru,Важное уведомление от Альфа-Банк,"Уважаемый клиент Альфа-Банк, Ваша карта временно заблокирована...",Альфа-Банк,True,2024-11-09 12:47:30.293901
bank,service_8030@security-bank.ru,Важное уведомление от Альфа-Банк,Служба безопасности Альфа-Банк: обнаружена попытка входа из Санкт-Петербург...,Альфа-Банк,True,2024-11-01 12:47:30.293911
bank,service_4178@bank-online.ru,Важное уведомление от Альфа-Банк,"Уважаемый клиент Альфа-Банк, Ваша карта временно заблокирована...",Альфа-Банк,True,2024-11-02 12:47:30.293920
online_shop,service_6402@delivery-express.ru,Важное уведомление от AliExpress,Получите скидку 56% в AliExpress прямо сейчас!,AliExpress,True,2024-11-27 12:47:30.293929
online_shop,service_6600@market-delivery.ru,Важное уведомление от Яндекс.Маркет,Получите скидку 69% в Яндекс.Маркет прямо сейчас!,Яндекс.Маркет,True,2024-11-07 12:47:30.293938
online_shop,service_3799@online-shop.ru,Важное уведомление от Яндекс.Маркет,Получите скидку 83% в Яндекс.Маркет прямо сейчас!,Яндекс.Маркет,True,2024-11-12 12:47:30.293947
online_shop,service_2083@market-delivery.ru,Важное уведомление от AliExpress,Получите скидку 86% в AliExpress прямо сейчас!,AliExpress,True,2024-11-23 12:47:30.293956
government,service_6155@mvd-notice.ru,Важное уведомление от ФНС России,Уведомление о штрафе: 6274 руб. Оплатите в течение 9 дней...,ФНС России,True,2024-11-10 12:47:30.293965
bank,service_1322@secure-banking.ru,Важное уведомление от Сбербанк,Служба безопасности Сбербанк: обнаружена попытка входа из Новосибирск...,Сбербанк,True,2024-11-13 12:47:30.293974
