ت;Email Text;Email Type
1;"المساعدة التجارية العاجلة والشراكة.


صديقي العزيز،

أنا (الدكتور) جيمس نغولا ، المساعدة الشخصية للكونغوليز المتأخرة (الرئيس لوران كابيلا) الذي اغتيل من قبل حارس جسده في 16 يناير. 2001.


الحادث الذي وقع في وجودنا بينما كنا نعقد الاجتماع مع الولايات المتحدة الأمريكية المتميزة على حساب العائدات المالية من مبيعات الماس في المناطق التي تسيطر عليها جمهورية الكونغو الديمقراطية وقواتها الأجنبية وحلفائها. 100 مليون دولار) مائة مليون دولار أمريكي ، نقدًا في ثلاثة صناديق دبلوماسية يتم توجيهها عبر زيمبابوي.

هدفي من كتابة هذه الرسالة هو طلب مساعدتك لتكون بمثابة غطاء للصندوق وكذلك التعاون أيضًا في نقل الصندوق المدعوم إلى حسابك المصرفي بمبلغ (25 مليون دولار أمريكي) وخمسة وعشرين مليون دولار أمريكي فقط. أودعت لدى شركة أمنية في غانا ، في صندوق دبلوماسي بقيمة الذهب (25 مليون دولار أمريكي) خمسة وعشرون مليون دولار أمريكي فقط من أجل الاحتفاظ بأمان في صندوق أمني لأي فترات استثمار أخرى في بلدك.

لقد تم تقديمك إلي من قِبل صديق موثوق به لي وهو مسافر ، وأيضًا عضو في غرفة التجارة كشخص موثوق به وجدير بالثقة يمكنني الاعتماد عليه كشريك أجنبي ، حتى لو لم تكن طبيعة المعاملة له لأسباب أمنية.


كان (25 مليون دولار أمريكي) جزءًا من إجراءات تجارة الماس تعني الرئيس المتأخر لوران كابيلا الذي تم تسليمه من خلال زيمبابوي في صناديق دبلوماسية. كانت الصناديق تحت حراستي قبل الحدث الحزين الذي أودى بحياة (السيد الرئيس). الارتباك الذي تم تبنيه بعد الاغتيال وإطلاق النار المفاجئ بين الفصول ، كان علي أن أذهب بعيدًا عن البلد أنا لست جنديًا ولكني خادمًا مدنيًا عبرت نهر الكونغو إلى الجانب الآخر من الكونغو ليبرفيل من هناك انتقلت إلى البلد الثالث غانا حيث أتلقى حاليًا اللجوء.

كأمر واقع ، فإن ما أحتاجه بشكل عاجل منك هو مساعدتك في نقل هذا المال إلى حسابك في بلدك للاستثمار دون رفع الحاجب. لمساعدتك ، سأمنحك 20٪ من المبلغ الإجمالي كحصة لك عندما تصل الأموال إلى حسابك ، في حين أن 75٪ سيكون بالنسبة لي ، وأتمنى من خلال نصيحتك العينية الاستثمار في مشروع مربح في بلدك غير ذلك للاستقرار من أجل حياة رائعة ، لأنني تعبت من العيش في بيئة حرب.

سيتم استخدام الـ 5٪ المتبقية لتعويض أي تكلفة يتم تكبدها بسبب تحويل الأموال إلى حسابك. إذا كان العرض مقبولاً لك ، فيرجى الاتصال بي على الفور من خلال الهاتف والبريد الإلكتروني أعلاه ، لتمكينني من ترتيب وجهي للاجتماع معك في غانا لتخليص الأموال قبل أن يتم تحويلها إليكم.

أخيرًا ، من المهم أيضًا أن أتركك تدرك أنه لا توجد مخاطر متضمنة على الإطلاق نظرًا لعدم وجود سجل في المال في كنشاسا لأنه كان ضروريًا للاستخدام الشخصي لـ (السيد الرئيس) قبل وقوع الحادث غير المسبوق. جميع المستندات الضرورية فيما يتعلق بالأموال بما في ذلك (شهادة الإيداع) ، بصفتي مودع الحوالة.


نتطلع إلى استجابتك العاجلة.

المخلص لك،

السيد. جيمس نجولا.";Phish Email - 1
2;"صديقي العزيز،

أنا السيد بن سليمان ضابط جمارك وأعمل كمساعد مراقب في إدارة الجمارك والضرائب بالوزارة الاتحادية للشؤون الداخلية المتمركزة في مطار مورتالا محمد الدولي ، إيكيجا ، لاغوس- نيجيريا.

بعد الوفاة المفاجئة لرئيس الدولة النيجيري السابق الجنرال ساني أباشا في 8 يونيو 1998 ، تم إلقاء القبض على مساعديه وأفراد عائلته المباشرين أثناء محاولتهم الهروب من نيجيريا على متن طائرة مستأجرة إلى المملكة العربية السعودية مع 6 صناديق من الأمتعة تحمل علامة ""أمتعة دبلوماسية"". "". بناءً على بلاغ أثناء محاولتهم الصعود إلى الطائرة ، أجرى المسؤولون التابعون لي بحثًا شاملاً على الطائرة واكتشفوا أن صناديق الأمتعة الستة تحتوي على عملات أجنبية تصل إلى 197،570،000.00 دولارًا أمريكيًا (مائة وسبعة وتسعون مليونًا وخمسمائة) سبعون ألف دولار أمريكي).

لقد أعلنت (5) خمسة صناديق فقط للحكومة وحجزت صندوقًا واحدًا (1) في عهدي يحتوي على مبلغ (30.000.000.00 دولارًا أمريكيًا) ثلاثون مليون دولار أمريكي فقط ، والذي تم إخفاؤه لمنع اكتشافها أثناء عملية النقل. عدة تقارير إعلامية عن رئيس الدولة الراحل عن كل الأموال التي سرقها هو ومسؤولون حكومته من خزينة حكومتنا والتي تبلغ قيمتها.
إلى 55 مليار دولار أمريكي (المرجع: ngrguardiannews.com) بتاريخ 2 يوليو 1999. حتى صحيفة لندن تايمز في يوليو 1998 ذكرت أن الجنرال أباتشا لديه أكثر من 3. مليار دولار أمريكي في حساب واحد في الخارج. قررنا إخفاء هذا المربع الواحد (1) حتى يهدأ الموقف تمامًا. وهكذا تم إيداع الصندوق لدى شركة أمنية هنا في نيجيريا ووسم بأنه ""أحجار كريمة ومجوهرات"" في أخرى
لن يتم اكتشاف المحتوى. الآن بعد أن هدأ كل شيء ، نحن (أنا واثنان من زملائي في فريق العمليات) مستعدون الآن لنقل هذا الصندوق خارج البلاد من خلال ترتيب دبلوماسي وهو أكثر الوسائل أمانًا.

ومع ذلك ، بصفتنا مسؤولين حكوميين ، لا تسمح لنا مدونة قواعد سلوك الخدمة المدنية بموجب القانون بتشغيل أي حساب أجنبي أو امتلاك استثمار أجنبي ومبلغ الأموال التي يمكن العثور عليها في حسابنا
لا يمكن أن يكون أكثر من راتبنا في المتوسط ​​، وبالتالي فإن تطبيقنا وحاجتنا لمساعدتكم للمساعدة في جمع هذه الأموال والاحتفاظ بها بأمان في حسابك.

لذلك نريد منك مساعدتنا في نقل هذه الأموال خارج نيجيريا. سنقوم بالتأكيد بتعويضك بسخاء على المساعدة. يمكننا القيام بذلك عن طريق إصدار تعليمات لشركة الأمن هنا في نيجيريا
نقل الشحنة إلى مكتب الفرع التابع لها خارج نيجيريا من خلال الوسائل الدبلوماسية وسيتم تسمية الشحنة بالأحجار الكريمة والمجوهرات ""التي اشتريتها أثناء زيارتك لنيجيريا ويتم نقلها إلى بلدك من هنا لحفظها بأمان. ثم يمكننا الترتيب للاجتماع في بلد المقصد لاستلام الشحنة. وبعد ذلك ، ستفتح حسابًا هناك وتودع الأموال هناك وتوجه تدريجيًا التحويل إلى بلدك.

هذا العمل خالٍ من المخاطر بنسبة 100٪ ، لذا يرجى التعامل مع هذا الأمر بمنتهى السرية. إذا أعربت عن اهتمامك بمساعدتنا ، فيرجى فقط إرسال بريد إلكتروني إلي لمزيد من التوضيح حول كيفية التخطيط لتنفيذ المعاملة.

نتوقع ردك على وجه السرعة.

أطيب التحيات،

السيد بن سليمان";Phish Email - 2
3;"من جلالة الملك (HRM) حاكم تاج مملكة إليم
الرئيس دانييل إليم ، دكتوراه ، EZE 1 من ELEME
العنوان: obong_715@epatra.com

تنبيه: الرئيس ، الرئيس التنفيذي سيدي / سيدتي.

قد تفاجئك هذه الرسالة لأننا التقينا
لا شخصيًا ولا عن طريق المراسلة. لكن انا اؤمن
إنه ذات يوم تعرفت فيه على شخص ما أيضًا
المادية أو من خلال المراسلات.

لقد تلقيت اتصالك من خلال استفسار سري من
غرف التجارة والصناعة في بلدك
الشبكة ، تم الكشف عنك أنت ومنظمتك كـ
كونك ذكيًا جدًا في ريادة الأعمال الخاصة ، واحد
ليس لديه شك في قدرتك على التعامل مع المعاملات المالية.

ومع ذلك ، فأنا الابن الأول لملكه
جلالة الملك د. Eleme ، والحاكم التقليدي لـ
مقاطعة إليم في منطقة إنتاج النفط من نهر
دولة نيجيريا. أنا أقوم بالاتصال بك في
فيما يتعلق بمبلغ 60.000.000.00 دولار أمريكي (ستون مليون دولار أمريكي
دولارات الدولة) ، التي ورثتها ، من والدي الراحل.

تم تجميع هذه الأموال من الإتاوات المدفوعة لي
الأب كتعويض من قبل شركات النفط المتواجدة في منطقتنا
المنطقة نتيجة التواجد النفطي على أرضنا
تعيق الزراعة ، التي هي مصدر رزقنا الرئيسي.

للأسف توفي والدي من مطول
السكري ولكن قبل وفاته لفت انتباهي
وأبلغني أنه أودع بعض الأموال على اثنين
صناديق مع شركة أمن مع مستفيد مفتوح
حالة. كان رقم رمز أمان الإيداع أيضًا
كشف لي ، ثم نصحني بالبحث عن
شريك تجاري موثوق به في الخارج ، سيساعدني
في استثمار الأموال في عمل مربح باعتباره
نتيجة لعدم الاستقرار الاقتصادي في نيجيريا. اذن هذا هو
السبب الرئيسي للاتصال بك حتى ننتقل
هذه الأموال من شركة الأمن إلى أي بلد
اختيارك لغرض الاستثمار.

لذلك أود أن تكون المستفيد النهائي ، لذلك
أنه يمكن نقل الأموال باسمك و
تفاصيل لأي بلد من اختيارك حيث
سيتم المطالبة بها واستثمارها. ومن ثم كان والدي
أوحى أفراد شركة الأمن بأن
المستفيد من الصندوق هو شريكه الأجنبي الذي
سيتم إرسال التفاصيل إلى الشركة عند استحقاقها.

لكنني سأوجهك وفقًا لذلك. بمجرد الأموال
تصل ، ثم سأحضر لمقابلتك شخصيًا ، لذلك
يمكننا مناقشتها جسديًا بشأن الاستثمار
الإمكانات. بناءً على هذه المساعدة أنا وعائلتي
قررت بالإجماع منحك 30٪ من الإجمالي
مال ، 5٪ لمنزل خيري ، 10٪ للمصروفات
قد تنشأ أثناء هذه المعاملة ، فواتير الفاكس والهاتف
شامل. المبلغ المتبقي 55٪ الذي ستستثمره وتديره لعائلتي.

أضمن لكم بموجب هذا أن هذه ليست حكومة
المال ، ليس من أموال المخدرات وليس من المال
صفقة أسلحة. على الرغم من أنه يجب عليك الحفاظ على درجة عالية من
السرية في هذا الشأن. سأعطي المزيد
تفاصيل حول إجراءات هذه الصفقة
بمجرد أن أتلقى ردك الإيجابي.

يرجى الرد على عنوان بريدي الإلكتروني: obong_715@epatra.com
آمل أن تكون هذه بداية مزدهرة
العلاقة بين عائلتي وعائلتك.

ومع ذلك ، إذا كنت غير مهتم لأي سبب ،
أرجو إبلاغي على الفور حتى أبحث عن جهة اتصال أخرى.

أنا في انتظار ردك السريع.

تفضلوا بقبول فائق الاحترام،

الأمير Obong الاباتي";Phish Email - 3
4;"يوم جيد عزيزي

أعلم أن هذا البريد سيأتي إليك كمفاجأة ومع ذلك فأنا السيدة ليديا جونسون وعمري 59 عامًا زوجة الرائد ستيفن جونسون كبير ضباط الأمن ومساعد الرئيس المنفي تشارلز تايلور من ليبيريا ، نتيجة للمشكلة المستمرة في بلدي ، أشعر بالضيق مشاكل صحية من مرض السكري الذي طال أمده وارتفاع ضغط الدم الذي يزداد الأهم من ذلك هو الحصول على شخص يستحق الثقة في الخارج لتلقي مبلغ 7 مليون دولار أمريكي نيابة عنا بسبب أزمات الحرب هذه حاليًا في مدينتي مونروفيا ، مسقط رأسنا ، تمكنت من التسلل إلى نفسي وابني ديفيد 23 عامًا وأربعة من بناتي الأخريات من مونروفيا إلى داكار السنغال من أجل السلامة كنا تسلل إلى داكار السنغال عبر الحدود البرية بمساعدة البعض جماعة حكومية مسلحة بعد مقتل زوجي على يد عائلة المتمردين قررنا القدوم إلى هنا إلى داكار السنغال لتأمين الوديعة في شركة التمويل من قبل زوجي والبحث عن ثقة جديرة بالثقة فرد بالخارج لتلقي هذه الإيداعات التي تم إيداعها هنا في داكار السنغال قبل أن يقتل في النهاية على أيدي المتمردين الذين لا قلب لهم
لذلك واثق من أن أقدم نفسي لك بناءً على هذه المشكلة ووضعنا الحالي حيث ضاعت جميع اتصالاتنا واتصالاتنا الخارجية خلال هذه الأزمات جميع الممتلكات التي أحرقها المتمردون أنا في حاجة ماسة لنقلها وإعادة تحديد موقع هذه الوديعة الضخمة الخاصة بك دولة للحفظ الآمن لأن هذه هي الثروة الوحيدة المتبقية من أجل البقاء في المستقبل ورفاهية عائلتي الكبيرة بالنسبة المئوية للمساعدة ، ستكون النسبة المئوية القابلة للتفاوض تمت مناقشته بمجرد أن أتلقى إجابتك بناءً على هذا التماس لك المساعدة لأن حياتنا في خطر كبير بسبب هذه المشكلة ، أدعو الله وأطلب مساعدتك ، يمكنك مراسلتي عبر البريد الإلكتروني مزيد من الإيضاحات بارك الله فيك كما ترد على مناشدتي مساعدة.

بإخلاص

خاصة بك

السيدة ليديا جونسون";Phish Email - 4
5;"من MR. جودوين أكويزي
هاتف: +233 208216645
فاكس: +233 27621073
قبل أن أقدم نفسي ، أود أن أبلغكم أن هذه الرسالة ليست البريد الخادع وأنا أحثك ​​على التعامل معه بجدية. يجب أن تأتي هذه الرسالة إليك كمفاجأة كبيرة ، لكنني أعتقد أنه مجرد يوم يلتقي فيه الناس و أصبحوا أصدقاء وشركاء تجاريين رائعين.
اسمي السيد Godwin Akwesi ، مدير الفرع الحالي لأحد البنوك هنا غانا. أكتب لكم هذا الاقتراح بحسن نية ، مؤمنًا أنني أستطيع الوثوق أنت بالمعلومات التي أنا على وشك الكشف عنها لك. كما قلت ، لدي معاملة ستفيد كلانا ، حيث أن مساعدتك مطلوبة كأجنبي. اعتدت على رئاسة قسم الحسابات في رئيس البنك الخاص بي مكتب ، ولكن في ديسمبر الماضي طُلب مني أن أتولى منصب مدير لدينا في كوماسي الذي وافته المنية ، وهكذا أصبحت حاضرا واكتشف مدير ثروة. عندما استأنفت واجبي ، اكتشفت أن حساب بمبلغ إجمالي قدره 12،500،000 مليون دولار لم يتم تشغيله على مدى السنوات الأربع الماضية. من تحقيقاتي ، اكتشفت أن هذا حساب ينتمي إلى واحد الراحل السيد موريس طومسون وهو أميركي عظيم صناعي ومقيم في ألاسكا ، الذي فقد حياته للأسف في
تحطم طائرة رحلة طيران ألاسكا رقم 261 التي تحطمت في 31 يناير عام 2000 ، بما في ذلك زوجته وابنته الوحيدة.
يجب أن تقرأ المزيد من الأخبار حول الحادث عند زيارتك لهذا الموقع الذي حصلت عليه أثناء استقصائي ؛
<http://www.cnn.com/2000/US/02/01/alaska.airlines.list/> و
//www.nativefederation.org/history/people/mThompson.html
الحساب عبارة عن حساب استدعاء الضمان ، وهو نوع سري للحساب في مصرفي ولا يعرف أي شخص آخر عن هذا الحساب أو أي شيء يتعلق به ، الحساب ليس له مستفيد آخر. لقد ظللت أراقب عن كثب الحساب منذ ذلك الحين ولم يتقدم أحد للسؤال عن الأموال كأقرباء للراحل السيد موريس طومسون ، مما يعني أنه لا يوجد أحد علم بالحساب.
لا يمكنني أخذ هذه الأموال مباشرة دون مساعدة من أجنبي و لهذا السبب أتصل بك للحصول على مساعدة للمطالبة بالأموال و تقاسمها مع لي. بصفتي مدير فرع البنك الذي أتعامل معه ، لدي صلاحية القيام بذلك
التأثير على الإفراج عن الأموال لأي أجنبي يأتي باسم أقرب أقرباء الحساب بالمعلومات الصحيحة المتعلقة بـ
الحساب الذي سأعطيك إياه.
أسعى للحصول على تعاونكم لتقديمك كأقرب أقرباء لـلحساب ، حتى يقوم مقر البنك الذي أتعامل معه بتحرير الأموال لك.
لا يوجد أي خطر عمليًا ، سيتم تنفيذ المعاملة بموجب ترتيب شرعي يحميك من أي خرق
قانون.
إذا قبلت العمل معي ، فأنا أريدك أن توضح كيف تتمنى لنا ذلك مشاركة الأموال بالنسبة المئوية ، بحيث يكون الطرفان راضين.
اتصل بي بمجرد تلقي هذه الرسالة إذا كنت تشعر أنه يمكننا العمل معًا ، حتى نتمكن من استعراض التفاصيل.
شاكرا لكم مقدما وبارك الله فيكم.
من فضلك ، تعامل بمنتهى السرية. أنتظر ردك العاجل.
يمكنك أيضًا الاتصال بي عبر الهاتف الرقم +233208216645.
يعتبر،
السيد غودوين أكويزي.";Phish Email - 5
6;"يوم سعيد لك.

لديّ مبلغ تنميط قدره 56 مليون دولار أمريكي مضمون بعملة بنك خاص في الخارج. أطلب مساعدتكم في تأمين هذه الأموال في حساب آمن لأغراض الاستثمار المستقبلية ولكن تتطلب الحد الأقصى سرية. هذا بورن من حقيقة أنني ما زلت نشطة الخدمة في الوزارة هنا في اسكتلندا-المملكة المتحدة.

بناءً على ردك الإيجابي على اقتراحي ، سأزودك بـالمعلومات التالية:

* كيف سأقدم لك / شركتك إلى البنك القابضة وأجعلك
المستفيد من المال.

* من أنا ولماذا قررت أن أطلب مساعدتك.

* ما هي النسبة المئوية من المال التي أرغب في تقديمها لك مقابل مساعدتك.

يرجى الرد بأرقام الهاتف والفاكس الخاصة بك بشكل أسهل وأسرع
تواصل.

مايكل سميث";Phish Email - 6
7;"يرجى الانتباه،
 
يوم سعيد وبارك الله فيك. إنه مع إحساس عميق بالالتزام والإيمان على ثقة من أنني أقدم لكم اقتراح الأعمال هذا الخالي من المخاطر والسرية لمساعدتكم. أنا آسف بشدة إذا كنت قد أزعجت بأي شكل من الأشكال
خصوصيتك.
 
أنا السيد محمد يوسف رئيس دائرة التدقيق في شركة كونتيننتال بنك في كوتونو جمهورية بنين. في الآونة الأخيرة ، اكتشفت حساب دومانت بمبلغ ضخم من المال بلغ USD15.500،154.22 (خمسة عشر
مليون وخمسمائة ألف ومائة وأربعة وخمسون دولارًا ، اثنان تايسنتان) التي تنتمي إلى أحد عملائنا ، السيد بيير جونسون من ألمانيا الذي توفي في حادث مروع منذ بضع سنوات.
خلال فترة التحقيق اكتشفت أن المتوفى غادر لا توجد إرادة ولا أحد يتخلف عن المطالبة بهذا الصندوق باعتباره التالي من الأقارب. منذ ذلك الحين ، قمت بعدة استفسارات لمعرفة ما إذا كان بإمكاني تحديد الموقع أي من الأقارب المتوفين ولكن ثبت فشل كل الجهود.


لذلك ، قررت الاتصال بك لمساعدتي في المطالبة بهذه المتعة مع هذا البنك باعتباره المتوفى من أقرب الأقارب لمطالبة الصندوق. أنا أريد أيضًا أن أعلمك أنه بصفتك رئيسًا لقسم التدقيق من هذا البنك أن هذا الصندوق يدفع لك مباشرة إلى حسابك من البنك التابع لنا في مدريد إسبانيا وهو CITY BANK ON LINE bu علينا الحصول على الموافقة من مصرفنا هنا وهو القارة بنك بنين وبعد الحصول على الموافقة ، سيقومون بالإبلاغ البنك التابع لنا في مدريد إسبانيا لإجراء تحويل int الحساب الخاص بك. كن على علم أيضًا أن معي كل المعلومات الضرورية من المتوفى مما سيساعدنا في المطالبة بالصندوق بنجاح.
 
سأكون محل تقدير كبير لردكم الإيجابي على هذا الاقتراح سيقدم لك المزيد من التفاصيل حول كيفية تقديم المطالبة من هذا البنك. لا تتردد في الاتصال بي على رقمي الخاص (229) 28 30 63 لـأي سؤال قد ترغب في طرحه علي.  
توقع ردك العاجل.
 
يعتبر،
السيد محمد يوسف.";Phish Email - 7
8;"مرحبا اعز واحد

أنا أكتب هذه الرسالة مع الاحترام الواجب وبكائي لأننا لم نعرف أو التقينا بأنفسنا من قبل ، أطلب مساعدتك بعد أن قمت ببحثي ووجدت جهة الاتصال الخاصة بك eamil ، أعتقد أنك قادر على مساعدتي.

 سأكون سعيدًا جدًا إذا سمحت لي وقادتني إلى القناة الصحيحة من أجل مساعدتك لوضعي الآن ، سأجعل اقتراحي معروفًا جيدًا إذا أتيحت لي الفرصة وأود أن أغتنم هذه الفرصة لتقديم نفسي لك.

أنا فيكتوريا كاريجاي ، فتاة تبلغ من العمر 22 عامًا من رواندا ، وأعلم أن هذا الاقتراح قد يكون مفاجأة لك ، لكنني أعتبره حالة طارئة باختصار ، كان والدي الراحل الدكتور مايكل كاغامي كاريجاي هو العضو المنتدب والمدير لشركة Royal Dimaond COMPANY KIGALI عاصمة رواندا ولكن لقد قُتل جنبًا إلى جنب مع والدتي خلال الحرب الأهلية الطويلة ودمرت جميع ممتلكاته تمامًا ولكن بعد وفاتهم تمكنت من الفرار بوثيقة مهمة جدًا لشهادة الإيداع التي قدمها باسمي في أحد البنوك والتي سأخبرك بها. المبلغ عندما أتلقى ردك.

الآن لديّ مطالبة رسمية بالمال مع جميع المستندات ذات الصلة التي قدمها والدي وبعد سلسلة من الاستفسار والتحقيق في طلبي ، وافق البنك على مطالبتي ولكن نظرًا لقوانين السياسة النقدية المصرفية الدولية الجديدة لا تسمح لأي شخص يتمتع بوضع اللاجئ بتشغيل البنك الحساب وبما أنني أركض من أجل حياتي العزيزة.

لقد تم نصيحتي للبحث عن جهة اتصال أجنبية جديرة بالثقة تساعدني في تقديم هذه المطالبة على سلوكي وهذا هو السبب في أنني قررت الاتصال بك إذا كان بإمكانك تحديد وقتك وعقلك للاتصال بالبنك.
سأقدم لك كل المستندات المتعلقة بهذه الصفقة وأخبرك بالمزيد من التفاصيل عندما أسمع منك.
شكرا لمنحي وقتك لقراءة اقتراحي وأنا في انتظار سماع منك.
أتمنى لك كل خير.
لك فيكتوريا.";Phish Email - 8
9;"محبوب

أنا السيدة كومفورت سومبا من الهند ، أنا متزوجة من السيد دانيال سومبا الراحل الذي عمل مع سفارة الهند في ساحل العاج لمدة تسع سنوات قبل وفاته في عام 2001 ، تزوجنا لمدة أحد عشر عامًا بدون طفل. لمدة أربعة أيام فقط

منذ وفاته ، قررت عدم الزواج مرة أخرى أو الحصول على طفل خارج منزل الزوجية الذي يعارضه الكتاب المقدس عندما كان زوجي الراحل على قيد الحياة ، أودع مبلغ 55 مليون دولار و 28 وخمسة ملايين وخمسمائة ألف دولار أمريكي في إحدى شركات الأمن هنا في أبيدجان

أخبرني طبيبي مؤخرًا أنني أعاني من مرض خطير وهو مشكلة السرطان ، وأكثر ما يزعجني هو مرض السكتة الدماغية بعد أن علمت بحالتي ، قررت التبرع بهذا الصندوق إلى كنيسة أو فرد سيستفيد منه بالطريقة التي سأقوم بتوجيهها. هنا

أريد شخصًا يخشى الله أن يستخدم هذا الصندوق لدار الأيتام والأرامل لنشر كلمة الله والسعي للحفاظ على بيت الله. ليس لدي أي طفل يرث هذا المال ولا أريد أن تضيع جهود زوجي أو يتخلى عنها أو أن يتم استخدام هذه الأموال بطريقة غير صالحة.

نظرًا لظروفي الصحية ، قمت بإرسال جميع المستندات اللازمة المطلوبة لهذا الصندوق والتي تم الإفراج عنها إلى شركة الأمن وأيضًا خطاب تفويض يوجه شركة الأمن إلى الإفراج عن هذا الكنز العائلي المودع إليك بمجرد تعريفك لشركة الأمن على أنها أودع المستلم كنوز الأسرة

يرجى الاتصال بشركة الأمن واطلب هذا الكنز العائلي المودع كما وجهتك

املا في تلقي ردكم على الفور
لك في المسيح
السيدة كومفورت سومبا";Phish Email - 9
10;"صديقي العزيز

أنا محامي جيم دوغلاس محامٍ ومحامي شخصي
محامي السيد نيل فريزر ، وهو مواطن فرنسي اعتاد أن يكون أ
مقاول خاص مع شركة شل لتطوير البترول في
يشار إلى السنغال فيما يلي باسم موكلي في الحادي والعشرين
في أبريل 2001 ، شارك هو وزوجته وأطفالهما الثلاثة
في حادث سيارة فقد جميع ركاب السيارة لسوء الحظ
الأرواح

منذ ذلك الحين قمت بعدة استفسارات مع سفارات بلاده
لتحديد موقع أي من موكلي الأقارب الممتدة وقد ثبت هذا
فاشلة بعد هذه المحاولات العديدة الفاشلة قررت الاتصال
أنت بخصوص اقتراح الشراكة التجارية هذا الذي اتصلت بك من أجله
المساعدة في إعادة مبلغ ضخم من المال تركه موكلي وراءه
قبل مصادرتها أو إعلان عدم صلاحيتها للخدمة من قبل
شركة الضمان المالي حيث أودع هذا الوديعة الضخمة كان للمتوفى أ
وديعة تقدر قيمتها حاليًا بـ 21 مليون دولار أمريكي ولديها الشركة
أصدر لي إشعارًا لتزويده بأقاربه أو المستفيد من قبل Will
وإلا تمت مصادرة الحساب خلال الثلاثين مسؤولاً التاليين
أيام العمل

منذ أن لم أنجح في تحديد مكان الأقارب لأكثر من 2
منذ سنوات ، أطلب موافقتك على تقديمك على أنك من أقرب الأقارب ويل
المستفيد للمتوفى بحيث تقدر حصيلة هذا الحساب
بقيمة 21 مليون دولار أمريكي يمكن دفعها لك وسيتم صرفها أو
شارك في هذه النسب 60٪ لي و 40٪ لك
لدي جميع المستندات القانونية اللازمة التي يمكن استخدامها لعمل نسخة احتياطية من أي منها
الادعاء أننا قد نقدم كل ما أطلبه هو تعاونك الصادق
السرية والثقة لتمكيننا من رؤية هذه المعاملة من خلال

أضمن لك أن هذا سيتم تنفيذه بموجب قانون
الترتيب الذي سيحميك من أي خرق للقانون من فضلك
تواصل معي بشكل عاجل عن طريق البريد الإلكتروني barjim123yahoocom mailtobarjim123yahoocom أنا
حاليا في داكار
من فضلك زودني بما يلي
1 الاسم الكامل
2 رقم هاتفك ورقم الفاكس
3 عنوان الاتصال الخاص بك

سيكون ردك العاجل متوقعًا ومقدرًا للغاية
أطيب التحيات

حقا لك";Phish Email - 10
11;"تفضل بقبول اعتذاري لإرسال بريدي إليك. أنا شخص حقيقي يخاف الله ، وأريدك أن تثق بي وتساعدني في هذا حالتي. أعتقد أنك شخصية محترمة للغاية ، مع الأخذ في الاعتبار حقيقة أنني حصلت على ملف التعريف الخاص بك من قاعدة بيانات ملف تعريف الموارد البشرية في بلدك على الإنترنت.

رغم ذلك ، لا أعرف إلى أي مدى تكون على دراية بالأحداث والوضع السياسي الهش في ليبيريا ، لكنها شكلت عناوين رئيسية متسقة في نشرات الأخبار على شبكة سي إن إن وبي بي سي.

اسمي السيدة سوزانا نوهان فاي من ليبيريا ، إحدى دول غرب إفريقيا. زوجي الراحل هو إسحاق نوهان فاي ، نائب وزير الأشغال العامة في ليبيريا. تم اتهام زوجي زوراً بالتآمر لعزل رئيس ليبيريا آنذاك تشارلز تايلور من منصبه. دون محاكمة ، قتله تشارلز تايلور. يمكنك التحقق من ذلك من بعض الصحف العالمية المنشورة في مواقع الويب أدناه:

(1) http://www.usatoday.com/news/world/2003-07-15-liberia_x.htm

قبل مقتل زوجي ، نقل مبلغ 21.5 مليون دولار بوسائل دبلوماسية ، وأودعها لدى شركة أمن بالخارج. وكانت هذه الأموال مخصصة لاستيراد الآليات الزراعية.

كل ما هو مطلوب هو أن يقوم المحامي الخاص بي بإرشاد الشركة لتحويل الأموال إلى حسابك ، وسأكافئك بنسبة 20٪ في النهاية ، ولكن الأهم من ذلك كله أنني ألتمس ثقتك وصدقك في هذه المعاملة. لقد كنت مقيدًا فقط في بلدنا الأصلي وتتم مراقبة جميع مكالماتي ، لذلك أنصحك بالاتصال بمحامي الخاص بار. قاعدة P.O. Williams في المملكة المتحدة على جهة الاتصال المذكورة أدناه للإجراءات التالية: -

الاسم: بار جيمس بروديريك (محامٍ)
هاتف: 44-7040120730
الفاكس: 44-870-1348903
البريد الإلكتروني: brrjmsbroderick@kaixo.com
البريد الإلكتروني: barjmsbroderick@yahoo.com.hk
 

يرجى تضمين الاسم الكامل ورقم الهاتف والفاكس الخاص بك حيث يمكن الوصول إليك دائمًا ، وعنوان السكن أو الشركة لتمكينه من إرسال المعلومات / المستندات التفصيلية التي ستمكنك من استلام الأموال دون أي مشكلة سواء الآن أو في المستقبل مثل جميع الطرائق مثل تم إتقانها.

من فضلك هناك حاجة لردك العاجل.

أطيب التحيات.

السيدة سوزانا نوهان فاي (WIDOW)";Phish Email - 11
12;"عزيزي السيد/السيدة،

أنا BONGIES ZULU من كيب تاون بجنوب إفريقيا وأنا مدير تنفيذي
محاسب في إدارة التعدين والموارد الطبيعية بجنوب إفريقيا
تابع (مُنشأ) لقسم المعادن والطاقة. أولا و
قبل كل شيء ، اعتذرت عن استخدام هذه الوسيلة للوصول إليك
صفقة / عمل بهذا الحجم ، ولكن هذا بسبب السرية
والوصول السريع إلى هذه الوسيلة.

علم أن عضوا في مجلس ترويج الصادرات في جنوب أفريقيا
(SEPC) الذي كان في الوفد الحكومي إلى بلدك أثناء التجارة
أعطى المعرض أوراق اعتمادك / تفاصيلك التي تحسد عليها لي. أناشد أن أسعى
تعاون سري معك في تنفيذ الصفقة الموصوفة
فيما يلي لصالح جميع الأطراف ونأمل أن تبقيها في المقدمة
سرية بسبب طبيعة هذه الصفقة.

ضمن قسم التعدين والموارد الطبيعية حيث أعمل كمسؤول
محاسب تنفيذي وبالتعاون مع اثنين من كبار المسؤولين الآخرين ، نحن
لدينا فواتير دفع متأخرة يبلغ مجموعها عشرة ملايين وخمسة
مائة ألف دولار أمريكي ، (10.5) التي نريد تحويلها إلى الخارج باستخدام
مساعدة وتعاون شركة / فرد أجنبي لتلقي
قال الصندوق نيابة عنا أو حساب أجنبي موثوق به غير تابع للشركة
هذه الأموال. أكثر من ذلك ، نحن معاقون في هذه الظروف ، مثل الجنوب
لا تسمح لنا مدونة قواعد سلوك الخدمة المدنية في إفريقيا بالعمل في الخارج
حساب ومن ثم أهميتك في الصفقة برمتها.

هذا المبلغ عشرة ملايين وخمسمائة ألف دولار أمريكي (10.5 مليون دولار)
يمثل رصيد إجمالي قيمة العقد المنفذة نيابة عني
قسم من قبل شركة مقاولات أجنبية ، ونحن المسؤولين
تعمد الإفراط في الفواتير. على الرغم من أنه تم دفع تكلفة العقد الفعلية
للمقاول الأصلي ، وترك الرصيد في لحن المذكور
المبلغ الذي حصلنا من حيث المبدأ على الموافقة على تحويله بواسطة Telegraphic
قم بالتحويل (T.T) إلى أي حساب بنكي أجنبي ستقدمه عن طريق التسجيل في ملف
تطبيق من خلال وزارة العدل هنا في جنوب أفريقيا ل
نقل حقوق وامتيازات المقاول السابق إليك.

لدي سلطة شركائي المعنيين لاقتراح ذلك ، إذا كنت كذلك
على استعداد لمساعدتنا في هذه الصفقة الخالية من أي عوائق بنسبة 100٪ ، حصتك
من المبلغ سيكون 25٪ من 10.5 مليون دولار ، 70٪ لنا و 5٪ للضرائب
ونفقات متنوعة. العمل نفسه آمن بنسبة 100٪ ، من جانبك
بشرط أن تتعامل معها بمنتهى السرية والسرية. أيضا لديك
مجال التخصص ليس عائقا أمام التنفيذ الناجح ل
هذه الصفقة. لقد وضعت ثقتي فيك وأتمنى أن تفعل ذلك
لا تخيب ظني.

احرص على الاتصال بي من خلال عنوان البريد الإلكتروني أعلاه أو رقم الفاكس
سواء كنت مهتمًا بهذه الصفقة أم لا. إذا لم تكن كذلك ، فستفعل
تمكنني من البحث عن شريك أجنبي آخر لتنفيذ هذه الصفقة التي أريدها
أؤكد لكم أن شركائي وأنا في وضع يسمح لهم بالدفع
من هذه المطالبة ممكن بشرط أن تقدم لنا تأكيدًا قويًا للغاية و
ضمان تأمين حصتنا. ورجاء تذكر أن تتعامل مع هذا
سرية للغاية لأننا لن نفهم بأي شكل من الأشكال
التعرض لأننا ما زلنا في الخدمة الحكومية النشطة وتذكر مرة واحدة
مرة أخرى ، الوقت هو جوهر هذا العمل.

أنتظر تحسبا لتعاونك الكامل.

تفضلوا بقبول فائق الاحترام،

بطولات ZULU

________________________________________________________________________________
احصل على عناوين الأخبار وقم بتنزيل مواد مجانية - قم بزيارة MSN South Africa!
http://www.msn.co.za/";Phish Email - 12
13;"20 هلال فضي ،
إينوجو ، نيجيريا.

مجاملة اليوم

أنا جوزيف كابوتي المراجع الاستشاري لدى أحد البنوك الرئيسية هنا
في نيجيريا. قادني بحثي عن فرد / شركة جديرة بالثقة إلى ذلك
أنت. لقد صادفت جهة الاتصال الخاصة بك أثناء البحث عن استثمارات جديرة بالاهتمام
أو المشاريع التي يمكن أن أنتمي إليها. أكتب لك هذه الرسالة إلى
اطلب دعمك وتعاونك لتنفيذ هذه الصفقة.

التقدم للخطبة، الاقتراح، المقترح

رجل صناعي وأجنبي كان عميل البنك الذي أتعامل معه
توفي في 25 يوليو 2000 في CONCORDE PLANE CRASH [الرحلة AF4590] مع
جميع الركاب على متن الطائرة. اكتشفت أثناء تدقيق بلدي
تم فتح حساب في البنك في عام 1998 من قبل هذا NDUSTRIALIST الراحل الذي
توفي دون إرفاق كلمة ""إرادة"" كتابية أو شفهية بالحساب. منذ ذلك الحين
الموت ، لقد حققت باهتمام أقاربي لمعرفة ما إذا كان بإمكاني الحصول على أي منها
قريبًا لرجل الصناعة الراحل ، لكن ثبت أن الجميع فاشل لأنه لا أحد
قد حان للمطالبة بأمواله ولا يعرف أي شخص آخر عن هذا الحساب
أو أي شيء يتعلق بها.

الحساب ليس له مستفيد آخر وحتى وفاته كان الرئيس التنفيذي
شركته تعمل مع بنك موكلي ، وكان لديه رصيد قدره 36.000.000.00 دولار
دولار أمريكي {ستة وثلاثون مليون دولار أمريكي} الذي يتوقعه البنك الآن
أحد أقرب الأقارب للمطالبة بصفته مستفيدًا ، يتم بذل جهود قيّمة لذلك
تواصل مع أي من الأقارب ولكن دون جدوى. إنه بسبب
الاحتمالية المتصورة لعدم القدرة على تحديد مكان أي قريب من الأقارب
والمستفيد. الإدارة تحت تأثير الرئيس
ويقوم أعضاء مجلس إدارة البنك بالترتيب
للأموال التي سيتم إعلانها ""غير مطالبين"" وستخسر لصالح الفيدرالي
الحكومة أو يتم التبرع بها لاحقًا للصندوق الاستئماني للأسلحة و
ذخيرة لتعزيز مسار الحرب في أفريقيا. بغرض
لتجنب هذا التطور السلبي ، أسعى الآن للحصول على إذن منك
الوقوف كأقرباء للمستفيد المتأخر بحيث تصل الأموال إلى 36 مليون دولار أمريكي
يتم تحريرها ودفعها إلى حسابك بصفتك المستفيد من الدرجة الأولى. نحن
نرغب في بدء أول تحويل بمبلغ 10،000،000.00 دولار أمريكي [عشرة ملايين] وما فوق
صفقة ناجحة دون أي خيبة أمل من جانبك ؛ نحن سوف
أعد تقديم طلب لتحويل الرصيد المتبقي إلى حسابك.

لقد ناقشت هذا الأمر سرًا مع محامي مقرب من المقربين
يجب أن أشرك من أجل مساعدتنا في إنتاج المستندات الداعمة القانونية التي
من شأنها أن تثبت ادعاءاتك وتمكننا أيضًا من الحصول على ملف
التحويل الناجح للصندوق إلى أي حساب بنكي أجنبي أنت
ذاهب للترشيح. في هذه الملاحظة ، حصلنا على أمر من الوصية
من الأمر لتحديد مكان أي مستفيد متوفى وأكثر من ذلك نحن
أؤكد لك أن هذا العمل هو مشاركة خالية من المخاطر بنسبة 100٪ ، لا يجب عليك ذلك
تفكر في أي خوف حيث يمكن الانتهاء من جميع طرق تحويل الأموال
في غضون 7 إلى 9 أيام مصرفية ، بعد تقديمك إلى البنك بصفتك المستفيد
من أموال المتوفى. في ختام التحويل 65٪ من
سيكون الصندوق لي ، سأمنحك 20٪ من إجمالي مبلغ التحويل ،
10٪ للأعمال الخيرية في كل من إفريقيا وبلدك بينما الباقي 5٪
سيتم تخصيصها لتسوية النفقات التي قد يتكبدها الطرفان خلال
عملية النقل.

إذا كان هذا الاقتراح مقبولاً من جانبك ، فلا تستفيد من ميزة
ثق بأننا منحناك إياها ، ثم يرجى الاتصال بي على الفور.

يرجى تزويدني برقم الهاتف والفاكس الخاص بك لسهولة و
اتصال آمن.

مع الاحترام لك،
جوزيف كابوتي.";Phish Email - 13
14;"صديقي العزيز،

اسمي السيد كريس سوالز وأعمل مع أحد البنوك هنا في لندن - إنجلترا ، واسم البنك هو بنك باركليز. كان لدينا السيد ألين ديوك ، عميل لديه وديعة بقيمة 4.8 مليون دولار أمريكي (أربعة ملايين وثمانمائة ألف دولار أمريكي) قبل وفاته في حادث تحطم طائرة مع زوجته وطفله الوحيد منذ حوالي 6 سنوات الآن (30 يناير ،
2000) ومنذ وفاته ، كنا في البنك هنا نتوقع أن يرث أقرب أقربائه / أقاربه (أقاربه) الوديعة ، ولكن لم يظهر أي شيء.

ومع ذلك ، تنص سياسة البنك على فترة زمنية محدودة لمثل هذا الميراث أو سيتم شطب الصندوق وفقًا لسجل الحادث ، وسيتم إغلاق المهلة الزمنية للمطالبة. في هذا الاعتبار ، أتصل بك للحصول على تفهمك اللطيف وتعاونك الصادق للمطالبة بهذا الميراث من أجل
منفعتنا المتبادلة.
إذا استطعت أن تكون أقرب الأقرباء في هذا المشروع ، فإن النجاح مضمون لأنني أمتلك سترة الملف الشخصي للمتوفى والتي تحتوي على كل المعلومات المطلوبة حول الحساب والمتوفى. أنا وأنت لا نتحمل أي خطر من أي نوع لأن لدي معلومات كافية لدعمك في المطالبة بالميراث.
سيتم تقاسم إجراءات المعاملة بنسبة 50٪ كل بعد سداد النفقات. يرجى الإشارة إلى رغبتك عن طريق البريد الإلكتروني على chriswales@katamail.com وسنتابع في الخطوة الأولية لـ
المطالبة. من المتوقع أن يستمر المشروع بأكمله لمدة عشرة أيام عمل تقريبًا.

يرجى التكرم بالرجوع إلي على وجه السرعة حتى نناقش المزيد حول هذه المسألة. كما لا تفشل في تزويدني بأرقام الهاتف والفاكس المباشرة لتسهيل الاتصال.

أطيب التحيات،
كريس سواليس
البريد الإلكتروني: chriswales@katamail.com";Phish Email - 14
15;"صديقي العزيز،

يوم جيد. قررت الاتصال بك بعد أن قمت بالاطلاع على ملف والدي.
ومن هنا نثق بك. نحن بصدق نطلب مساعدتكم.

اسمي السيد ديزموند مارتن أولدز هو الابن الوحيد للسيد مارتن أولدز ، وهو مزارع ثري وسياسي بارز في الحزب السياسي المعارض في بلدي ، حركة التغيير الديمقراطي (MDC). رئيسنا الشرير روبرت موغابي قتل والدي ، قبل أن أركض بعيدًا عن بلدي لأنني أصبحت هدفه التالي للقضاء عليه. كان والدي مناضلاً من أجل العدالة وقوة مؤثرة في حركة التغيير الديمقراطي ، وهو حزب يريد إنهاء سنوات عديدة من حكومة الديكتاتورية الوحشية للرئيس روبرت موغابي.
هذا هو سبب الاتصال بك. قبل وفاة والدي ، أودع مبلغ عشرة ملايين دولار أمريكي (10،000،000.00 دولار أمريكي) لدى شركة أمنية ، تم إيداع الأموال كحجر كريم / حجر كريم في صندوق معدني لتفادي الحجز وغرامات تأخير كبيرة من شركة الأمن منظمة. تم تخصيص هذه الأموال لشراء آلات ومواد كيماوية جديدة للمزارع وإنشاء مزارع جديدة في ليسوتو وسوازيلاند.

استولت الحكومة على مزارع والدي وحسابه المصرفي قبل مقتله.
أخبرني بكل شيء يتعلق بالأموال بينما كان لا يزال على قيد الحياة. لهذا السبب أحتاج إلى مساعدتك في تأمين الأموال هناك في بلدك ، حتى أتمكن من ترتيب كيفية القدوم إلى بلدك لاستثمار الصندوق ، فأنا على استعداد لتقديم 15 ٪ من إجمالي الأموال الخاصة بك help. كما تعلم أن القانون المالي والأنظمة المالية للحكومة لا تمنحنا حقوقًا مالية لطالبي اللجوء لمثل هذا المبلغ الضخم من المال. في ضوء ذلك ، لا تسمح السياسة النقدية / القانون المالي بمثل هذا الاستثمار من قبل طالب اللجوء أو اللاجئ. من فضلك ، أخبرني إذا كان بإمكانك مساعدتي ، حتى أتمكن من إعطائك مزيدًا من التفاصيل حول كيفية المضي قدمًا.

بينما أنتظر ردك العاجل ، يرجى التعامل مع هذه المعلومات على أنها سرية للغاية. ثم يمكنك أيضًا الاتصال بي من خلال هذا البريد البديل (mr_desmond3@yahoo.com.au)

تفضلوا بقبول فائق الاحترام،
السيد ديزموند مارتن.";Phish Email - 15
16;"صديقي العزيز،

اسمي الدكتور موسى دورا ، أحد العاملين في Financial Trust BANK. لدي هذه الصفقة العاجلة للتعامل معك إذا كنت تستطيع القيام بذلك. هناك صندوق إيداع لم تتم المطالبة به بمبلغ 87.6 مليون دولار باسم السيد جيمس جونسون بدون عنوان يمكن تتبعه. ظل هذا الصندوق لأكثر من 10 سنوات في البنك دون مطالبة.

من الناحية المهنية ، يتم استرداد أي أموال لم تتم المطالبة بها لمدة تزيد عن 10 سنوات من قبل البنك. أنا في موقع الملف. أريد من أي شريك أجنبي أن يتولى منصب أقرب أقرباء الراحل جيمس جونسون وأن يكتب إلى Financial Trust Bank للمطالبات.

سوف أنصحك بشكل كافٍ حول كيفية القيام بذلك عندما أسمع منك. ضع في اعتبارك أنني سأقف كهيئة محايدة أمام الصفقة بأكملها. سوف تتعامل فقط مع أي محام نختاره.
تم أخذ تعويضك في الاعتبار كمزود الحساب.
على وجه الدقة ، حصتك هي 30٪ من المبلغ الإجمالي. أي مساعدة مالية نتلقاها منك سيتم ردها إليك فور وصول الأموال إلى حسابك.

أنا على استعداد لإعطائك تفاصيل الأموال والطريقة التي يمكننا بها تنفيذ الصفقة بنجاح ولكن دعني أرى الرغبة منك أولاً.

د.موسى دورا

ملاحظة: إن استجابتك العاجلة والمفضلة موضع تقدير كبير";Phish Email - 16
17;لقد ساعدنا في تأمين عقد التنقيب عن النفط قبل بضع سنوات. بسبب مصلحتنا ، تمت فوترة العقد بشكل مبالغ فيه إلى المبلغ المذكور أعلاه وبعد العقد ، استلمت الشركة مبلغ العقد الفعلي وعادت إلى بلدهم تاركة وراءها هذا المبلغ المتضخم لي ولزملائي للمطالبة به. بالنسبة لي لمعالجة ونقل الصندوق للاستثمار ، لكن لا يمكنني القيام بذلك بمفردي لأنني ما زلت أعمل مع Global Security & Finanace Ltd. ولهذا السبب أحتاج إلى مساعدتك حتى أتمكن من استخدامك أنت أو شركتك لمعالجة الإفراج عن الصندوق كما لو كنت تتلقى دفعة لعقد تم تنفيذه. يرجى إعلامي عن نفسك / الشركة وإعلامي أيضًا إذا كان بإمكانك استلام الأموال نيابة عني واستثمارها في شركتك أو في أي سلعة ومربحة الأعمال التجارية في بلدك دون تعريفي ، حتى نتمكن من البدء في عملية التحويل. كل ما تحتاج إلى إرساله على الفور هو الأسماء الكاملة أو اسم الشركة وأرقام الهاتف / الفاكس الخاص بك ستكون حصتك 40٪ لمساعدتك ، بينما سأحصل على 55٪ و 5٪ سوف أتولى أي نفقات سيتم تكبدها في القضية يرجى إعادة الكتابة إذا كنت تعرف فقط أنك قادر بما يكفي لتنفيذ هذا المشروع معي. من فضلك هذه الصفقة تتطلب أقصى قدر من السرية. عنوان بريدي الإلكتروني الخاص البديل هو: markluke@bareed.com أتطلع إلى تعاونكم.;Phish Email - 17
18;"سيدي العزيز ، أنا مدير الفواتير والتحويلات الأجنبية في قسم بنك إفريقيا (BOA).
اكتشفنا في إدارتي مبلغًا هجرًا قدره 22.6 مليون دولار أمريكي (اثنان وعشرون مليون وستمائة ألف دولار أمريكي). في حساب يخص أحد عملائنا الأجانب الذي توفي مع جميع أفراد عائلته في حادث تحطم طائرة كونكورد في عام 2000 في باريس أودى بحياة الركاب على متن الطائرة تقريبًا.

منذ أن حصلنا على معلومات حول وفاته ، كنا نتوقع أن يأتي أقرب أقربائه للمطالبة بأمواله لأننا لا نستطيع الإفراج عنها إلا إذا تقدم شخص ما بطلب للحصول عليها كأقرب أقرباء أو قرابة للمتوفى كما هو موضح في إرشاداتنا المصرفية ولكن للأسف علمنا أن جميع أقاربه أو أقاربه المفترضين قد ماتوا إلى جانبه في حادث تحطم الطائرة ولم يترك أحد وراء الادعاء.

وبناءً على هذا الاكتشاف ، قررت أنا والمسؤولون الآخرون في وزاري الآن تقديم اقتراح العمل هذا إليك والإفراج عن المال لك باعتبارك أقرب الأقرباء أو الأقارب للمتوفى من أجل السلامة والدفع اللاحق نظرًا لعدم حضور أحد من أجله. نحن ولا نريد أن تذهب هذه الأموال إلى خزينة البنك باعتبارها فاتورة لم تتم المطالبة بها.
ينص قانون البنوك والمبادئ التوجيهية هنا على أنه إذا بقيت هذه الأموال دون تغيير بعد عشر سنوات ، فسيتم تحويل الأموال إلى حساب خزينة البنك على أنها أموال لم تتم المطالبة بها. طلب الأجنبي باعتباره أقرب الأقارب في هذا العمل سببه حقيقة أن العميل كان أجنبيًا ولا يمكن للمواطن البوركيني أن يقف كأقرب أقرباء أجنبي.

نحن نتفق على أن 30٪ من هذه الأموال ستكون لك كشريك أجنبي ، فيما يتعلق بتوفير حساب أجنبي ، و 10٪ ستخصص للمصروفات المتكبدة أثناء العمل و 60٪ لأني وزملائي.

بعد ذلك ، سأقوم أنا وزملائي بزيارة بلدك للصرف وفقًا للنسب المئوية المشار إليها. لذلك ، لتمكين التحويل الفوري لهذا الصندوق إليك كما تم الترتيب له ، يجب عليك أولاً تقديم طلب إلى البنك كقارب أو أقرب أقرباء المتوفى مع ذكر اسم البنك الخاص بك ورقم حسابك المصرفي ورقم هاتفك الخاص والفاكس لسهولة وفعالية الاتصال والموقع حيث سيتم تحويل الأموال.

   عند استلام ردك ، سأرسل لك نص الطلب عبر الفاكس أو البريد الإلكتروني. لن أخفق في إخطارك بأن هذه المعاملة خالية من أي عوائق وأنه لا ينبغي عليك أن تفكر في أي ذرة من الخوف حيث تم اتخاذ جميع الترتيبات المطلوبة لعملية النقل.

يجب عليك الاتصال بي على الفور بمجرد تلقي هذه الرسالة.
أثق بأنني سأسمع منك حالا.
  تفضلوا بقبول فائق الاحترام،
  السيد / ميسان احمد";Phish Email - 18
19;صديقي القيم أنا السيد  2E مايك أتو  2C مدير فرع إقليمي  2C InternationalCommercial Bank ltd  2C Ghana  2C West Africa  2E أكتب لك هذه الرسالة بحسن نية وثقة وتوقع منك أن تحافظ عليها سرية  2E كما كنت أتمنى لك لن تشعر بالحرج لأنني اتصلت بك  2E لدي هذا الاقتناع بالاتصال بك ، حيث سيكون كل شيء مع تعاونك الكامل  2EI أنا مسيطر على مبلغ مليون  2C ثمانمائة وخمسين ألف دولار أمريكي  28 دولارًا 1  2C850  2C000  29  2 يمكن تحقيق أرباح زائدة عن طريق فرعنا الإقليمي في الربع الأخير من العام 2004  2E لقد وضعت الصندوق بعناية في حساب إيداع CallDeposit ولم أصرح به لمكتبي الرئيسي  2 أثناء المحاسبة عن نهاية العام الأرباح المالية  2 هل أثق بك حقًا في الاحتفاظ بهذه الأموال من أجلي حتى أصل إلى بلدك واستلمها بنفسي وقمت بخصم 30٪ من إجمالي الأموال كأجر لك  3F إذا قبلت عرضي ، يمكنك الاتصال بي على الفور  2E إذا كنت لا تقبل هل نسيت انني اتصلت بك  3 FI أريدك أن تحصل على حساب جاري جيد في بلدك حيث يمكنني نقل هذه الأموال  2E سأقدم لك سرًا جميع المعلومات المتعلقة بالحساب حتى تتمكن من التقدم إلى مكتبنا الرئيسي لتحويل الأموال إلى حسابك  2 يجب عليك ' لا تخافوا  2C لأنها ستكون مجرد تحويل سلس من بنك إلى بنك  2E لا يوجد أي خطر عمليًا بالنسبة لشخصك  2E آمل في فهمك التام لوضعي وموقعي  2 شكرًا جزيلاً;Phish Email - 19
20;"من ريتا دونك.
الترقيات الدولية / قسم الجوائز
نتائج مخططات الفئة ""أ"".

تهانينا ، بينما نبلغك بإشعارك ، نتائج سحوبات الفئة الأولى من THE HOLLAND CASINO LOTTO PROMO INT. يسعدنا إخبارك بأنك قد فزت ضمن الفئة الأولى ، والتي تعد جزءًا من مجموعتنا
السحوبات الترويجية. تم الإعلان عن السحوبات رسميًا في الأول من ديسمبر 2006 ، وتم اختيار المشاركين من خلال نظام اقتراع حاسوبي مأخوذ من 2،500،000 عنوان بريد إلكتروني لأفراد وشركات من إفريقيا وأمريكا وآسيا وأستراليا وأوروبا والشرق الأوسط وأوقيانوسيا كجزء من موقعنا. برنامج الترقيات الدولية.

عنوان بريدك الإلكتروني المرفق بأرقام الكوبون 8800977 فاز بالتالي في الفئة الأولى. لذلك ، تم منحك مبلغًا إجماليًا قدره 500.000 يورو (خمسمائة ألف يورو) ، وهو المبلغ الفائز للفائزين من الفئة أ. هذا من إجمالي جائزة نقدية قدرها 5.000.000.00 مليون يورو مشتركة بين أول عشرة (10) فائزين محظوظين في هذا
فئة.

تهانينا!

تم إيداع أموالك الآن لدى البنك الذي يقوم بالدفع ، ومن أجل مصلحتك الفضلى لتجنب الخلط بين الأرقام والأسماء من أي نوع ، نطلب منك الاحتفاظ بكامل تفاصيل الجائزة الخاصة بك بشكل صارم من الإشعار العام حتى تتم عملية تحويل مطالباتك مكتمل ، وتحويل أموالك إلى حسابك ، وهذا جزء من بروتوكول الأمان الخاص بنا لتجنب المطالبة المزدوجة أو
الأعمال عديمة الضمير من قبل المشاركين / غير المشاركين في هذا البرنامج.

يرجى الاتصال بوكيل المطالبات الخاص بك على الفور للمعالجة الواجبة وتحويل أموال جائزتك إلى حساب مصرفي معين من اختيارك. يُنصح بالاتصال بالوكلاء عن طريق البريد الإلكتروني أو الهاتف أو الفاكس. قد يؤدي عدم القيام بذلك إلى عدم الأهلية. ملاحظة: لسهولة الرجوع إليها وتحديدها ، تذكر أن تذكر أرقام القسيمة الخاصة بك
المراسلات مع وكيل المطالبات الخاص بك.

لتقديم مطالبتك ، يرجى الاتصال بالوكيل الائتماني مع أرقام القسيمة وأرقام الهاتف / الفاكس والأسماء الكاملة.
يجب توثيق جميع المكاسب لإكمال عملية المطالبة ؛ سيتم إحالة الفائزين إلى مدير التحويل الأجنبي ، لتوثيق أرباحهم.
تهانينا مرة أخرى من جميع موظفينا.

تفضلوا بقبول فائق الاحترام،

السّيدة.
ريتا دونك.
منسق الترويج";Phish Email - 20
21;"عزيزي الحبيب ،
 
أنا السيدة كريستينا هولدن.
أنا متزوج من دكتور دونالد هولدن. كندي عمل في شركة شل للنفط في نيجيريا ، وتوفي بعد مرض قصير
استمرت لمدة أربعة أيام فقط. قبل وفاته تزوجنا لمدة 11 سنة جيدة بدون أطفال وكلاهما ولدوا مسيحيين من جديد. منذ وفاته ، قررت عدم الزواج مرة أخرى أو إخراج طفل من منزل الزوجية الذي يحرمه الكتاب المقدس.
 
عندما كان زوجي الراحل على قيد الحياة ، أودع مبلغ 10.5 مليون دولار (عشرة ملايين وخمسمائة ألف دولار أمريكي) لدى أحد البنوك ، وفي الوقت الحالي ، لا يزال هذا المال تحت الحفظ الآمن لشركة تمويل الاحتياطي مؤخرًا ، أخبرني طبيبي أنني سأفعل ذلك. لا تدوم لثلاثة (3) أشهر القادمة بسبب مشاكل السرطان التي أعانيها.

على الرغم من أن أكثر ما يزعجني الآن ، فقد أصبت مؤخرًا بجلطة دماغية. بعد أن عرفت حالتي ، قررت التبرع بهذا الصندوق للكنيسة أو حتى لشخص مسيحي أو مسلم سيستخدم هذه الأموال بالطريقة التي سأعلمها هنا. أريد كنيسة التي ستستخدم هذا الصندوق في دور الأيتام والصم والبكم والأرامل الفقيرات الذين يروجون لكلمة الله ويضمنون الحفاظ على بيت الله. لقد جعلنا الكتاب المقدس نفهم أن المباركة هي اليد التي تعطي.
لقد اتخذت هذا القرار لأنه ليس لدي أي طفل يرث هذا المال وأقارب زوجي ليسوا مسيحيين ولا أريد أن يسيء الكفار استخدام أموال زوجي التي كسبها بشق الأنفس. لا أريد حالة يتم فيها استخدام هذه الأموال بطريقة شريرة. وبالتالي سبب لاتخاذ هذا القرار الجريء.
 
بمجرد أن أتلقى ردك ، سأرسل معلوماتك الشخصية ، مثل اسمك الكامل ، وعنوانك الكامل ، مع Your
رقم الهاتف والفاكس إلى محامي عبر بريده الإلكتروني حتى يتصل بك بصفتك المالك القانوني لصندوقي قبل أن يقوم البنك بتحويل الأموال إلى حسابك المصرفي المحدد في بلدك.
سأصدر لك أيضًا خطاب تفويض يدعمك بصفتك الأقرب الحقيقي والمستفيد الأصلي من أموالي. أريدك أنت والكنيسة أن تصلي دائمًا من أجلي لأن الرب هو راعي ، ستعدني أيضًا أنك لن تجلس في الصندوق عندما تدخل في حسابك المصرفي. سعادتي هي أنني عشت حياة مسيحية جديرة.

من يريد أن يخدم الرب فعليه أن يخدمه بالروح والحق. يرجى دائمًا أن تكون مصليًا طوال حياتك ، أي تأخير في إجابتك سيمنحني مساحة في الخدمة للكنيسة أو الفرد المسيحي لهذا الغرض نفسه. أرجو أن تؤكد لي أنك ستتصرف وفقًا لذلك كما ذكرت هنا ، على أمل أن نسمع منك في أقرب وقت ممكن.
  
ابقوا مباركين باسم الرب.
لك في المسيح ،

السيدة كريستينا هولدن.";Phish Email - 21
22;"مرحبا يا صديقي،

أرجو أن تسألني إذا انتهكت خصوصيتك. قد يكون هذا غريبًا بأي شكل من الأشكال ولكن ليس لدي خيار سوى الصراخ. بعد الاطلاع على ملفك الشخصي ، أعتقد أنني أقنعك بأنك الزميل المناسب الذي تثق به.

إنه لمن دواعي سروري الاتصال بك بخصوص مشروع تجاري نعتزم أنا وابني تأسيسه في بلدك. على الرغم من أنني لم ألتقي بك من قبل ولكني أعتقد أنه يجب على المرء أن يخاطر بالوثوق في شخص ما حتى ينجح في بعض الأحيان في الحياة.

هناك مبلغ ثمانية ملايين وخمسمائة ألف دولار أمريكي (8.500000 دولار أمريكي) أودعها زوجي الراحل لدى شركة أمنية في العاصمة أبيدجان بكوت ديفوار ، والذي أراد استخدامه لأسباب سياسية في بلادنا من قبل. اغتيل.

الآن قررت أنا وابني استثمار هذه الأموال في بلدك أو في أي مكان آمن بما فيه الكفاية خارج إفريقيا لأسباب أمنية وسياسية.
نريد منك مساعدتنا في المطالبة واستلام الشحنة التي سيتم إرسالها إليك عبر الوسائل الدبلوماسية على عنوانك لتجنب أي أثر للأموال ولتمكينك من التخطيط للاستثمار في بلدك:

أود أن أستثمر جزءًا من الأموال في هذه الاستثمارات الثلاثة في بلدك ، ولكن إذا كان هناك أي عمل آخر أفضل مما أقترحه ، فسيسعدني جدًا اتباع نصيحتك.

1). العقارات
2). صناعة النقل
3). فندق خمس نجوم

إذا كان بإمكانك مساعدتنا ، فسوف يسعدنا أن نقدم لك 20٪ من إجمالي الصندوق بينما سيتم استثمار الرصيد بواسطتك.

أنا في انتظار ردك في أقرب وقت ممكن
مع الاحترام لك،
السيدة مونيكا إدموند

________________________________________________________________________________";Phish Email - 22
23;"من دوغثر هون ، السيد ، كوفي ، عنان ،
  ABIDJAN COTE D IVOIRE Abidjan، cote d'ivoire
  
 
سيدي العزيز
 
إنه لمن دواعي سروري أن أكتب لك هذا البريد ، ولكني أشعر بسعادة بالغة لمجيئك إليكم في هذا الوقت المهم من حياتي. أنا ملكة جمال الأميرات إليزبرث كوفي عنان الابنة إلى سكرتير الأمم المتحدة الجنرال هون ، السيد ، كوفي ، عنان. من هو الحالي الذي يخدم قسم الأمم المتحدة العام. أكتب إليكم من أكرا - غانا في غرب إفريقيا.
   
   لقد تلقيت اتصالك من الصحفي أثناء البحث عن شريك أجنبي والاتصال. أبلغ من العمر 27 عامًا وأحد مواطني COTE D IVOIRE.
أنا أبحث عن رجل في الخارج للزواج من الزوج لأنني أحب الرجل الخفي ولا أريد الزواج من رجل أسود وفي نفس الوقت أحتاج أن يكون الرجل لي
   
  شريك تجاري / مستثمر خارجي لمساعدتي في الانتقال والاستثمار (22.000 دولار أمريكي ، مليون دولار أمريكي) اثنان وعشرون مليون دولار أمريكي قمت بإيداعها في أحد بنك إفريقيا هنا في كوت دي إيفوير التي لم أكن أرغب في السماح بوالدي. أو أي فرد من أفراد عائلتي لمعرفة ذلك. قمت بإيداع الأموال في حساب مشفر باسمي السيدة إليزبرث بسبب منصب والدي في حكومة القطاعية العامة للأمم المتحدة. كان المال الذي كنت أسعى للحصول عليه من والدي. السيد كوفي عنان الآن ، لا أريد هذا المال لرفع الحاجب عند تحويل الأموال للاستثمار في بلدك في الخارج ، ولا يمكن أن يكون ذلك ضمنيًا عند توقيعه من مكتبه من مكتب القطاعية العامة للأمم المتحدة ، هذا هو السبب الذي جعلني أفتقد إليزبرث دورثر إلى السيد كوفي عنان الذي قرر تحويل هذا المال إلى حسابك في دولتك في الخارج لمساعدتي في إنشاء بلدك / بلدك الجيد معك وفي نفس الوقت نحن نتزوج معًا في بلدك مع المحكمة
   الزواج قبل والدي سيعرف عن هذا؟ أنا الآن في أكرا ، العاصمة الغانية حيث أقوم بدورة للحصول على درجة علمية في الجغرافيا والتخطيط الحضري بكلية العلوم الاجتماعية في جامعة KWAME NKRUMA في غانا لماذا أعيش في COTE D IVIORE أنا الآن أتصل بك لأطلب منك مساعدة صادقة لمساعدتي ، ولكن قبل ذلك ، أتمنى ألا تخون الشرف والثقة التي أنا على وشك أن أضعها عليك ، بصفتي زوجي ، أحتاج إلى مساعدتك المتواضعة والصادقة لمساعدتي في استثمار هذا الصندوق كما فعلت. لا توجد فكرة واحدة في الزواج وعالم التجارة والصناعة ، ولكن هدفنا الأول هو استرداد هذا الصندوق إلى حساب التحكم الخاص بك.

   
  لمزيد من المعلومات ، فإن جميع المستندات الضرورية المتعلقة بهذا الصندوق ، وفيما يتعلق بهذا الصندوق ، كل شيء مشترك مع (المحامي) ، من فضلك ، أريدك أن تحتفظ بكل المعلومات المتعلقة بهذا الصندوق بسرية وسرية للغاية ، وأن أعلمني كيف تريد تعويضي بشكل عادل. أنت بصفتك (في القانون) ، من فضلك أعرض عليك 20٪ من المبلغ الإجمالي لمساعدك المتواضع و 10٪ تم تعيينه لاسترداد أي نفقات تتكبدها لتقدم لنا هذه المساعدة. دعني أحصل على رقم هاتفك المباشر لتسهيل الاتصالات. إلى الأمام لتلقي ردكم لنا للمضي قدما. الزواج بصراحة وفي الوقت نفسه ، قم بتحويل هذه الأموال إلى حساب التحكم الخاص بك وأيضًا لتمكينني من السفر إلى بلدك لمقابلتك هناك ، يرجى الرد العاجل

  شكرا وأطيب التحيات
  ملكة جمال اليزبرث داوغثر
  TO HON، MR، KOFFI، ANAN، (UN. SEC .GEN.)
  الرجاء لأسباب أمنية إرسال بريد إلكتروني لي مرة أخرى
   (miss_princes_koffianan01@yahoo.com.)";Phish Email - 23
24;"من مكتب ابراهيم موسى
مدير الفواتير والصرف ،
بنك التنمية الأفريقي (ADB)
واغادوغو ، بوركينا فاسو ، غرب أفريقيا.

مع الاحترام الواجب
أنا مدير الفواتير والصرف في قسم التحويلات الأجنبية في بنك التنمية الأفريقي (ADB). أتوق إلى تساهلك وأنا أتواصل معك بهذه الطريقة المدهشة. لكنني أصر على قراءة هذه الرسالة بعناية لأنني متفائل بأنها ستفتح الأبواب لجوائز مالية لا يمكن تصورها لكلينا.

اكتشفنا في إدارتي مبلغًا مهجورًا يبلغ عشرة ملايين وخمسمائة ألف دولار أمريكي (10.5 مليون دولار أمريكي) فقط ، في حساب يخص أحد عملائنا الأجانب الذي توفي مع عائلته بأكملها في نوفمبر 2001 في حادث تحطم خطة. منذ أن حصلنا على معلومات حول وفاته ، كنا نتوقع أن يأتي أقرب أقربائه للمطالبة بأمواله لأننا لا نستطيع الإفراج عنها إلا إذا تقدم شخص ما بطلب للحصول عليها كأقرب أقرباء أو قرابة للمتوفى كما هو موضح في إرشاداتنا المصرفية ولكن للأسف علمنا أن جميع أقاربه أو أقاربه المفترضين قد ماتوا معه في حادث تحطم الطائرة ولم يترك أحدًا وراء الادعاء.

لذلك ، عند هذا الاكتشاف ، قررت الآن تقديم اقتراح العمل هذا إليك حتى يمكن الإفراج عن المال لك باعتبارك أقرب الأقارب أو الأقارب للمتوفى من أجل السلامة والصرف اللاحق حيث لا أحد يأتي من أجله وأنا لا أميل. تريد أن تذهب هذه الأموال إلى خزينة البنك على أنها فاتورة لم تتم المطالبة بها.

ينص قانون البنوك والمبادئ التوجيهية هنا على أنه في حالة عدم المطالبة بهذه الأموال بعد خمس سنوات ، سيتم تحويل الأموال إلى خزينة البنك على أنها ""أموال لم تتم المطالبة بها"". إن طلب الأجنبي كأقرب أقرباء في هذا العمل سببه حقيقة أن العميل كان أجنبيًا ولا يمكن للمواطن البوركيني أن يقف كأقرب أقرباء أجنبي. نحن نتفق على أن 30٪ من هذه الأموال ستكون لك كشريك أجنبي ، فيما يتعلق بتوفير حساب أجنبي ، و 10٪ ستخصص للمصروفات المتكبدة أثناء العمل و 60٪ بالنسبة لي.

هناك بعد أن أزور بلدك للصرف وفقًا للنسب الموضحة. لذلك ، لتمكين التحويل الفوري لهذا المبلغ إليك كما تم الترتيب له ، يجب عليك أولاً تقديم طلب إلى البنك كقريب أو قريب من المتوفى موضحًا اسم البنك الذي تتعامل معه ورقم حسابك المصرفي ورقم الهاتف والفاكس الخاص بك لسهولة وفعالية الاتصال والموقع حيث سيتم تحويل الأموال. عند استلام ردك ، سأرسل إليك نص الطلب عبر الفاكس أو البريد الإلكتروني ، ولن أفشل في إبلاغ إشعارك بأن هذه المعاملة خالية من أي عوائق وأنه لا ينبغي عليك التفكير في أي ذرة من الخوف لأن جميع الترتيبات المطلوبة تم إجراؤها للنقل. يجب عليك الاتصال بي على الفور بمجرد تلقي هذه الرسالة. أثق بأنني سأسمع منك حالا.

تفضلوا بقبول فائق الاحترام،
ابراهيم موسى
مدير الفواتير والصرف ،
بنك التنمية الأفريقي ADB";Phish Email - 24
25;"عزيزي

من فضلك دع هذه الرسالة لا تسبب لك الارتباك. أعلم أننا لم نلتقي من قبل ولكننا نسمعني من قلب عقلك. إنها الظروف التي جعلت من إرسال هذا إليك.

سأقدم لك نفسي أولاً ، اسمي الآنسة جوي كيم ، لقد فقدت والدتي وبطلتي وسيدي السيدة كيم قبل عام. كانت على وشك الموت من قبل زميلها في العمل. أسست شركة من قبل السيد فيليب براون الذي جعلها تستفيد فقط من المشروع الذي تبلغ تكلفته عدة ملايين. تم اعتقاله على الفور وتوفيت والدتي وأبرم اتفاقًا مع إخوة والدتي بأنني وشقيق والدتي الأصغر سيمثلان مصلحة والدتي في الشركة. بعد ستة أشهر طُردت من الشركة لأنني قلت إنه يتعين علينا تغيير محامي الشركة الذي وصفته بأنه جزء من تصفية والدتي. لم أكن أعلم أنهم غيروا جميع مستندات الشركة دون أن يظهر اسمي في أي مكان. يجب أن أخبرك بمزيد من التفاصيل حول ذلك ولكن دعني أنتقل إلى النقطة التي أتصل بها بك.

لقد تم تسميتي لقيط من قبل علاقات والدتي ، لقد أطلقوا عليّ جميع مصادر الأسماء حتى أنهم نادوني بالمنبوذ لأن والدتي متأخرة ، بينما كانت والدتي هي الرابحة للخبز للأسرة. لقد دفعوني للخروج من قصر أمي وما زلت أرغب في القضاء على حياتي ، لقد قمت بالاطلاع على سجلات كتب حساب والدتي منذ ثلاثة أسابيع أثناء البكاء والتأمل ، والتي أعتقد أنها مستوحاة من روح الله ، اكتشفت أن هناك هو مبلغ ضخم من المال أودعته في أحد البنوك ، وهو 9،800،000 دولار. أشارت المذكرة المرفقة باتفاقية الإيداع التي أبرمتها مع البنك إلى أنه كان من المقرر استخدام الأموال لشراء آلات لإنشاء شركة جديدة خاصة بها.

من فضلك ، كل ما أحتاجه منك هو أن تفعل كل ما في وسعك لمساعدتي في إخراج هذه الأموال من البنك. لقد ذهبت إلى البنك حيث يتم إيداع هذه الأموال على الفور ، وأكدت الحساب بدقة. أخبرني البنك أن والدتي أبلغتهم أنه سيتم تحويل الأموال إلى حساب العميل الخاص بشركتها في الخارج ، والذي سيوفره لهم عميلها ، لكنهم منذ ذلك الحين لم يسمعوا عنها أو عن المصمم. الآن والدتي متأخرة. لا أريد أن يعرف البنك أن والدتي قد تأخرت. أخبرتهم أنها مريضة وعينتني لتمثيلها في شؤونها.

(1) أريدك أن تقدم حساباً حيث سيتم تحويل الأموال إليه بصفتك عميل والدتي. (2) قم بالترتيب لي للمغادرة هنا في أقرب وقت ممكن (3). ما مقدار العمولة التي ستأخذها لتقديم المساعد؟

لم تتزوج والدتي من أي رجل ، لقد أنجبتني كطفل وحيد بينما كانت على علاقة مع الشخص الذي
تصادف أن يكون والدي عندما كانت في الثامنة عشرة من عمرها وهجرها الرجل واختفى مما أجبرها على ذلك
تبقى عازبة. الآن عمري 20 عامًا ولم أر والدي يومًا ولم يعد لدي منزل الآن وحياتي في خطر. أنا
ليس لدي أي شخص لتواجهه. لقد أدار جميع أفراد عائلة أمي ظهورهم لي لأني
طلب لي الحق. قالوا لي إنني لا أنتمي إلى العائلة. يجب أن أذهب وأبحث عن والدي من
لا أعرف. لقد تعقبت لمعرفة والدي دون أن تنجح. أريدك أن تسمعني من داخلك أكثر
قلبي وقدم لي هذه المساعدة.

بارك الله فيك لإنقاذ حياتي ومستقبلي.

أطيب التمنيات،
ملكة جمال جوي كيم.";Phish Email - 25
26;"تحية موسمية!

سامحني سخطي إذا جاءت لك هذه الرسالة كمفاجأة وقد تسيء إلى شخصيتك للتواصل معك دون موافقتك المسبقة والكتابة من خلال هذه القناة ، لقد تلقيت اتصالك من قاعدة بيانات مهنية موجودة على الإنترنت أثناء البحث عن شخص موثوق به وصادق سيكون وكيلًا ممسوحًا في رؤية عزيزة جدًا عليّ.

أنا السيدة ألوندرا خوسيه كارلوس من بورتوريكو أتلقى العلاج الطبي. أنا متزوج من دكتور كيفين خوسيه كارلوس
الذي كان عداء أسلحة يمد الفصائل المتحاربة في إفريقيا بالسلاح والذخيرة قبل وفاته في عام 2002 ، وتزوجنا لمدة 11 عامًا بدون طفل. توفي بعد مرض قصير استمر أربعة أيام فقط. منذ وفاته ، قررت عدم الزواج مرة أخرى أو إخراج طفل من منزل الزوجية. عندما كان زوجي الراحل على قيد الحياة ، أودع مبلغ 11.8 مليون جنيه إسترليني (أحد عشر مليونًا وثمانمائة ألف جنيه إسترليني) في شركة ائتمانية.
في الوقت الحاضر ، لا يزال هذا المال مع شركة Fiduciary. أخبرني طبيبي مؤخرًا أنني لن أستمر لمدة ثلاثة أشهر بسبب مشكلة السرطان. على الرغم من أن أكثر ما يزعجني هو شللتي الجزئية. بعد أن عرفت حالتي ، قررت التبرع بهذا الصندوق لمنظمة أو فرد يستخدم هذا المال بالطريقة التي سأقوم بتدريسها هنا. أريد منظمة أو فردًا سيستخدم هذا لتمويل ، مجموعات النساء والشباب ، ضحايا الحروب وحماية البيئة والجمعيات الخيرية ودور الأيتام والأرامل. ويقال: طوبى لليد التي تعطي.

لقد اتخذت هذا القرار لأنه ليس لدي أي طفل يرث هذه الأموال وكجزء من التعويض عن الفظائع التي ارتكبها زوجي والتي دعمتها ضمنيًا. لا أريد موقفًا يتم فيه استخدام هذه الأموال بطريقة شريرة ، ومن هنا سبب اتخاذ هذا القرار الجريء.

أنا لست خائفًا من الموت ، لذلك أعرف إلى أين سأذهب ، وأعلم أنني سأكون في الحضن. إذا كنت تعتبر نفسك مجهزًا بشكل كافٍ أخلاقياً وروحياً لهذه المهمة ، فيرجى الرد بإخباري بقرارك على alondracarlos@sify.com



تفضلوا بقبول فائق الاحترام،



السيدة ألوندرا جوزيه كارلوس";Phish Email - 26
27;"رد: جمع الأموال (25.000.000.00 دولار أمريكي) بموجب ترتيب خاص.
 
عفوا إذا كنت قد أساءت إليك من خلال الاتصال بك لمثل هذه الصفقة الكبيرة من خلال خطاب عادي مما يجعل الأمر مريبًا بالنظر إلى نوع مقترحات الاحتيال التي تنتشر حول العالم اليوم.
 
ومع ذلك ، فقد نصحت بشرح هذه المعاملة لك في لقاء وجهاً لوجه. لم أستطع فعل ذلك بسبب الوضع في العالم اليوم غير متأكد من رد فعلك.
 
أنا جونز مارتن ، مستشار ووسيط من كينجستون جامايكا. استأجرني رجل أعمال ياباني للتوسط في صفقة استثمار بينه وبين شركة نفط في فنزويلا. تم تنفيذ هذه الصفقة في يناير 2003 واستحق أجلها
الإنهاء في يناير 2005. عند الاستحقاق ، قرر رجل الأعمال الياباني وشركة النفط إنهاء الاستثمار نقدًا لتجنب دفع ضريبة الاستثمار التي بلغت عشرات الملايين من الدولارات الأمريكية إلى دائرة الإيرادات الداخلية الأمريكية (IRS).
 
تم إجراء ترتيب خاص بين مصرفي ياباني كبير يعمل مع بنك ياباني في نيويورك ، وشركة النفط ورجل الأعمال لإنهاء الاستثمار نقدًا تحت اسم وهمي ، مع ترتيب لتغييره لاحقًا بتوكيل رسمي قاموا به أعدت وسلمت إلى المصرفي.
 
لقد شاركت بشكل مباشر ، وحصلت على أجر جيد ، وتم تفويضي بتنظيم الصفقة وتنفيذها. تم سحب جميع الأموال النقدية في يونيو 2005 وتم نقلها إلى أوروبا عن طريق التسليم المباشر من الخزينة المصرفية إلى شركة مالية لحفظها في انتظار التحصيل.
 
لم يتم التصريح بالمحتوى الحقيقي للصناديق للتخزين حيث تم تسليمها ككنز عائلي شخصي بقيمة 25 مليون دولار أمريكي ، وتم تسليم شهادات التخزين والأكواد السرية لفتح الصناديق ومفاتيحها لي.
 
كان السيد تاكاشي ، رجل الأعمال من فلوريدا ، يخطط للذهاب إلى أوروبا معي بحلول أغسطس 2005 للمجموعة عندما حدث ما لم يكن متوقعًا في إعصار كاترينا ميشاب ، وهو كارثة طبيعية أودت بحياته وحياة أكبر مصرفي. لقد تركني ذلك محبطًا ومرتبكًا لأنني لم أقم بتسليم تفاصيل الإيداع إلى المالك بعد ، وكان التوكيل الرسمي المعد للتغيير الذي تم توقيعه لا يزال مع المصرفي في مكتبه الذي فقد.

منذ كانون الأول (ديسمبر) الماضي ، اتصل بي مدير التخزين الدبلوماسي لإحضار أو إخبار المالك بالحضور للاستلام.
منذ ذلك الحين ، وجدت أي شخص موثوق به لجمع هذه الإرساليات بموجب ترتيبات خاصة ومفاوضات جيدة حتى عثرت على التفاصيل الخاصة بك. كن مطمئنًا إلى أن هذه المعاملة تم تنظيمها جيدًا ، وآمنة وقانونية بنسبة 100٪ ، ويجب أن تظل سرية للغاية.

عبر عن اهتمامك بالرجوع إليّ عبر بريدي الإلكتروني في أسرع وقت ممكن.
 
اعتبار،

جونز مارتن";Phish Email - 27
28;"من مكتب د. جيري بيري
مدير قسم التدقيق والمحاسبة ،
بنك إفريقيا (BOA)
واغادوغو ، بوركينا فاسو.

أتقدم بهذا الاستئناف مع فهمي أن أي حقائق أو رأي عبرت عنه يتم التعبير عنه بثقة وحصرًا لمعلوماتك الشخصية واستخدامك.

أنا د. جيري بيري مدير الفواتير والصرف في قسم الحوالات الأجنبية في بنكي. اكتشفت في إدارتي مبلغًا مهجورًا قدره 12.5 مليون دولار أمريكي (اثنا عشر مليونًا وخمسمائة ألف دولار أمريكي) برقم حساب رقم 14-2558-5976 يخص أحد عملائنا الأجانب الذي توفي مع زوجته وابنته الوحيدة في تحطم طائرة تابعة لشركة ألاسكا إيرلاينز الرحلة رقم 261 التي تحطمت في 31 يناير 2000. يمكنك قراءة المزيد عن تحطم الطائرة عند زيارة هذا الموقع
http://www.cnn.com/2000/US/02/01/alaska.airlines.list/

مالك هذا الحساب هو السيد موريس طومسون ، رجل صناعي أمريكي وعظيم ومقيم في ألاسكا. وبناءً على هذا الاكتشاف ، قررت الآن تقديم اقتراح العمل هذا لك ولمصرفنا لإصدار الأموال لك. يجب عليك اتباع التعليمات التي سأرسلها إليك كأقرب الأقارب أو الأقارب للمتوفى من أجل السلامة والصرف اللاحق حيث لا أحد يأتي من أجلها ولا أريد أن تذهب هذه الأموال إلى خزينة بنكنا كفاتورة لم تتم المطالبة بها .

ينص قانون البنوك والمبادئ التوجيهية هنا على أنه إذا بقيت هذه الأموال دون مطالبة بعد أربع سنوات ، فسيتم تحويل الأموال إلى خزينة البنك كصندوق لم تتم المطالبة به. لقد بقي المال حتى الآن أكثر من أربع سنوات وأنا أقوم بإعداد توثيق لإثبات أن هذه الأموال قد تم تحويلها إلى خزينة بنكنا. سيكون بيني وبينك فقط من يعرف أن المال لا يتم تحويله إلى كنزنا.

إن طلب الأجنبي كأقرب أقرباء في هذه الصفقة ناتج عن حقيقة أن العميل كان أجنبيًا ولا يمكن للمواطن البوركينابي أن يقف كأقرب أقرباء لأجنبي. تقديراً لمساعدتكم ، أقدم لكم 30٪ من المجموع الكلي. 5٪ للطوارئ (تكلفة التحويل / الرسوم الأخرى) من المحتمل أن يتم تكبدها أثناء سير المعاملة ، في حين أن
65٪ المتبقية بالنسبة لي.

عند استلام ردك ، سأرسل إليك عن طريق الفاكس أو البريد الإلكتروني نص الطلب الذي ستقوم بإكماله وإرساله إلى مصرفنا لطلب دفع هذه الأموال لك بصفتك أقرب أقرباء السيد موريس طومسون. لن أخفق في إخطارك بأن هذه المعاملة خالية من أي عقبات وأنه لا يجب أن تشعر بأي خوف لأن جميع الترتيبات المطلوبة قد تم إجراؤها للتحويل. يجب عليك الاتصال بي على الفور بمجرد تلقي هذا البريد عبر البريد الإلكتروني أعلاه.

من فضلك لا تتردد في الاتصال بي على الفور إذا كنت تفكر في طلبي العاجل.

تفضلوا بقبول فائق الاحترام،
دكتور. جيري بيري";Phish Email - 28
29;"صديقي العزيز،

سيكون رد فعلك الأول على هذا البريد هو الرفض التام ، والخوف ، وربما عدم التصديق ، والامتلاك إلى حد كبير للفظائع التي يرتكبها الناس هذه الأيام. امسح دموعي وتناسب حلمي ولفتتي الانسانية.

بينما تقرأ هذا ، لا أريدك أن تشعر بالأسف من أجلي ، لأنني أعتقد أن الجميع يموتون يومًا ما. ، أنا الزرقاوي يوسف ، تاجر نفط في دبي ، الإمارات العربية المتحدة (الإمارات العربية المتحدة). تم تشخيص إصابتي بالسرطان ، والذي تم اكتشافه في وقت متأخر جدًا ، بسبب التراخي في العناية بصحتي. لقد نجس الطب بكل أشكاله. في الوقت الحالي ، ليس لدي سوى قدر محدود من العيش ، وفقًا لطبيبي الطبي. لم أكن عشت حياتي بشكل جيد بشكل خاص ، لأنني لم أهتم بنفسي أبدًا ، لكنني لم أكن أهتم بنفسي أبدًا ، على الرغم من أنني غني جدًا ، لم أكن أبدًا كرمًا ، لقد ركزت فقط على عملي لأن هذا هو الشيء الوحيد الذي كنت أهتم به. لكنني الآن نادم على كل هذا
كما أعلم الآن أن هناك ما هو أكثر في الحياة من مجرد الرغبة في امتلاك أو جني كل المال في العالم.

أعتقد أنه عندما يمنحني الله فرصة ثانية ويشفيني ، سأعيش حياتي بطريقة مختلفة عن الطريقة التي عشتها بها ، لقد زرعت بذرة لشفائي شئت وأعطيت معظم ممتلكاتي وأصولي المباشرة والخاصة بي. أفراد الأسرة الممتدة وكذلك عدد قليل من الأصدقاء المقربين. أريد من الله أن يرحمني ويقبل روحي وهكذا ، فقد قررت أن أمنح السلاح للمنظمات الخيرية وأن أعطي العون والراحة لمن هم أقل حظًا من ضحايا تسونامي وإعصار كاترينا ، لأنني أريد أن يكون هذا واحدًا من آخر الأعمال الصالحة التي أقوم بها على الأرض حتى الآن ، من خلال توزيع بعض هذه الأموال على بعض المنظمات الخيرية في الهند ، وضحايا إعصار كاترينا في الولايات المتحدة وأجزاء أخرى من العالم. الآن بعد أن تدهورت صحتي بشكل سيء للغاية ، لا يمكنني القيام بذلك بنفسي بعد الآن ، طلبت ذات مرة من أفراد عائلتي إغلاق أحد حساباتي في البنك السعودي وتوزيع الأموال التي أملكها هناك على المنظمات الخيرية والأقل حظًا في بلغاريا والسودان. لقد صرفوا المال لكنهم احتفظوا به فقط لأنفسهم.

ومن ثم فإنني لم أعد أثق بهم ، حيث يبدو أنهم لم ينازعوا ما تركته لهم بالفعل ، وآخر ما لدي من أموالي ، والذي لا يعرفه أحد ، هو الإيداع النقدي الضخم البالغ خمسة وثلاثين مليون دولار أمريكي (الولايات المتحدة). 35 مليون دولار) التي أملكها في Vault of The Security Company كعائلة ذات قيمة منذ عام 2003 لحفظها ، أريدك أن تجمع هذا الوديعة نيابة عني وأن تدفعها لضحايا زلزال تسونامي في آسيا لمن هم أقل حظًا. من فضلك أرسل لي بريدًا للإشارة
استعدادك للمساعدة في هذا الصرف.

 سأخصص لك 10٪ من وقتك وجهدك من خلال إخطار شركة الأمن بمجرد أن أسمع منك ، أحتاج إلى ردك العاجل مع اسمك وعنوانك بالكامل وأرقام هاتفك والفاكس ومهنتك حتى أفعل ذلك. لست مضطرًا للاستمرار في البحث عن شخص ذي مصداقية للتعامل مع هذا المشروع لنفسه وبقية الأشخاص الأقل حظًا ، وسأناشدك أيضًا أن تصلي دائمًا من أجلي لأن الله وحده يشفي.


وسالم

يعتبر،
يوسف.";Phish Email - 29
30;"مرحبا صديقي العزيز.

كيف حالك اليوم؟ آمل أن يكون كل شيء على ما يرام معك ومع أسرتك؟ ، قد لا تفهم سبب وصول هذا البريد إليك ، ولكن إذا كنت لا تتذكرني ، فربما تكون قد تلقيت بريدًا إلكترونيًا مني في الماضي بخصوص اقتراح عمل بملايين الدولارات لم ننتهي أبدا.
إنني أنتهز هذه الفرصة لإبلاغكم أن هذا العمل الذي تبلغ قيمته عدة ملايين من الدولارات قد تم بمساعدة شريك آخر من ألمانيا مول الصفقة إلى نتيجة منطقية.

أشكركم على جهدكم الكبير في تحويلنا غير المكتمل للأموال إلى حسابك لسبب أو لآخر معروف لك ، لكني أريد أن أبلغكم بأنني نجحت في تحويل الأموال إلى حساب شريكي الجديد في ألمانيا ، والذي كان في النهاية ، قادر على مساعدتي في هذا المشروع العظيم.

لما بذلتموه من مجهود وإخلاص وشجاعة وجدارة بالثقة أظهرتموه خلال سير الصفقة ، أريد أن أعوضكم وأعبر لكم عن امتناني بمبلغ 1،200،000.00 دولار. لقد تركت لك حوالة مصرفية دولية معتمدة بقيمة 1،200،000.00 دولار أمريكي يمكن صرفها في كل مكان في العالم.

صديقي العزيز ، أود منك الاتصال بمسؤول حسابي لدى Continental Trust Bank Plc ، أبوجا- نيجيريا ، اسمه MR.Johnson ، على عنوان بريده الإلكتروني المباشر (fundexecutive_john@myway.com) الهاتف +234 80509729 04 للحصول على تحصيل حوالتك المصرفية المعتمدة. لقد فوضته لإفراجك عن حوالة مصرفية كلما اتصلت به بخصوص ذلك.

في الوقت الحالي ، أنا مشغول جدًا هنا بسبب المشاريع الاستثمارية التي أجريها أنا والشريك الجديد في متناول اليد ، أرجو أن تقبل هذا الرمز بحسن نية لأنه من صميم قلبي ، أيضًا الامتثال لتوجيهات السيد جونسون حتى يرسل لك المسودة دون أي تأخير.

جهة الاتصال: السيد جونسون.
مسؤول حساب ، كونتيننتال
تراست بنك بي إل سي.
أبوجا- نيجيريا.
هاتف: +234 80509729 04.
عنوان بريده الإلكتروني: [fundexecutive_john@myway.com]

لذلك ، يجب أن ترسل إليه اسمك الكامل ورقم هاتفك / عنوانك البريدي الصحيح حيث تريد منه إرسال المسودة إليك ، أو معلومات حسابك لإيداع الشيك المصرفي.

شكرا وبارك الله فيك وعائلتك.

آمل أن نسمع منك بمجرد صرف الشيكات المصرفية الخاصة بك.

توني ادامز.
فرانكفورت، ألمانيا.";Phish Email - 30
31;"يرجى الاحتفاظ بالسرية.
عناية: سيدي / سيدتي.
قد تأتيك هذه الرسالة كمفاجأة ، لكنني دعوت الله حقًا ليساعدني في اختيار شخص ما سيكون شريكي الحقيقي ، شخص لديه خوف من الله لا يمكنه أن يخون عائلتي المتبقية وأنا حتى لا أعرف بمن أثق لذلك سمحت لروح الله أن تقودني. أنا السيدة باتريشيا جوناس سافيمبي ، زوجة الزعيم الراحل للاتحاد الوطني للتحرير الكامل لأنغولا (يونيتا) بعد أن نجت من أكثر من اثنتي عشرة محاولة اغتيال ، قتل زوجي سافيمبي بعد أربع سنوات ، في فبراير 2002 ، في معركة مع القوات الحكومية الأنغولية.
قبل أسبوعين من وفاته ، اتصل بي وكشف عن وجود 16.400.000.00 دولار أمريكي (ستة عشر مليونًا وأربعمائة ألف دولار أمريكي) أودعها كأشياء ثمينة لدى شركة للتمويل والأمن في جنوب إفريقيا.
كان هذا المال هو الدخل الذي جمعه زوجي الراحل من بيع الذهب والألماس مع كبار أعضاء الاتحاد الوطني للتحرير الكامل لأنغولا.
عندما سمعت بالأخبار السيئة عن وفاة زوجي ، نقلت مساعدته الموثوقة أنا وأفراد أسرتنا إلى الاختباء ، ولكن تم القبض علي أنا وابني الأكبر ووضعنا رهن الإقامة الجبرية. لحسن حظنا ، هرب ابني الثاني إلى جنوب إفريقيا عبر الحدود حيث يقيم كلاجئ سياسي.
لذا فإن سبب الاتصال بك هو بسبب المشكلة التي يواجهها ابني في محاولة تحويل الأموال ، فإن قانون العمل في جنوب إفريقيا لا يسمح لطالب اللجوء (اللاجئ) بالحق في المعاملات المالية.
كان هذا هو السبب الأساسي لقراري الاتصال بك ، حتى تكون أنت المستفيد من الصندوق. إذا اتفقنا على ذلك ، فسيتم تغيير ملكية الشحنة / الأموال وكل المستندات تلقائيًا إلى اسمك.
نقدم لك 30٪ من إجمالي الأموال ، كعمولة مقابل خدماتك ، بينما يذهب 70٪ إلى عائلتي ، والتي نعتزم استثمارها على الفور ويتم إطلاق سراحنا من الإقامة الجبرية.
أنا أؤكد لك أن هذه الصفقة خالية من المخاطر ، كل ما نحتاجه منك هو تعاونك وصدقك في الهدف.
سوف تتواصل مع ابني بيتر سافيمبي على البريد الإلكتروني:
petersavimbi8@webmail.co.za لمزيد من التفاصيل حول كيفية إتمام هذه المعاملة.
سأنتظر ردكم من خلال ابني ، أشكركم وبارك الله فيكم.
في رسالتك الإلكترونية إلى ابني بيتر ، يرجى توجيه ما يلي إليه حيث سيتم استخدامه أثناء عملية تغيير الملكية:
1 أنت الاسم الكامل
2-عنوان الاتصال (المنزل) الخاص بك
3. رقم هاتفك المحمول / المنزل ، ورقم الفاكس
4.يمكنك أيضًا الاتصال بابني على رقم هاتفه في جنوب إفريقيا +27724340319.
شكراً وأتمنى أن يرشدنا الأب العظيم.
شكرًا لك.
السيدة باتريشيا جوناس سافيمبي
من أجل: عائلة سافيمبي.
البريد الإلكتروني البديل: petersavimbi5@webmail.co.za";Phish Email - 31
32;مرحباً عزيزي ، قبل أن أقدم نفسي ، أود إخبارك أن هذه الرسالة ليست خدعة وأحثك على التعامل معها بجدية. أنا مدير في قسم المشتريات بوزارة البترول هنا في الولايات المتحدة الأمريكية. لقد تلقيت بريدك الإلكتروني أثناء البحث عن شخص موثوق به ، يمكنه مساعدتي في تلقي الأموال المحولة للعقد المفترض. جاء هذا الصندوق نتيجة لمبالغ تزيد عن العقود المقدرة التي تم ترسيتها من قبل مقاولين أجانب في وزارة البترول. وقد وافقت الوزارة المعنية على هذه الأموال على المبالغ التي تم إصدار فواتير بها للدفع. تم تنفيذ العقود التي تم إنشاء المبالغ الفواتير منها وتفويضها. ما أنا على وشك استلامه الآن هو المبالغ الزائدة التي تمت إضافتها أثناء عملية الحصول على العقود لمصلحتي. هذه صفقة عادية يتم إجراؤها في وزارتي من قبل كبار المسؤولين ، ومن جانبي ، تم وضع جميع الطرائق لضمان إبرام سلس لدفع العقد إلى حسابك المصرفي في غضون الأيام القليلة المقبلة. يوافق إدارتي على المدفوعات للمقاولين ، وأنا أترأس القسم. كل ما أريده منك هو تلقي هذه الأموال نيابة عني كشركة من الباطن ، لأنني بصفتي مسؤولًا حكوميًا لا يمكنني تحصيل الأموال مباشرة من وزارتي ، ولا يُسمح لي بموجب القانون بتشغيل / إدارة حسابات بنكية أجنبية. إذا كنت جديرًا بالثقة ويمكنك مساعدتي في تلقي الأموال ، فلا تتردد في الرد على الفور. يرجى ملاحظة أنه لا توجد مخاطر في تلقي أموال العقد المقدرة في حسابك. أريدك أن تحدد بالنسبة المئوية ما يجب أن يكون لديك للمشاركة في استخدام حسابك المصرفي لتأمين الأموال. بمجرد إبداء اهتمامك ، سيتم تقديم مزيد من التفاصيل والمبلغ المعني إليك بمجرد تلقي رد منك. أتمنى أن أثق بك في التعامل مع هذا الاقتراح بمنتهى السرية ، وأتطلع إلى الاستماع منك في أقرب وقت. مع أطيب التحيات المهندس وحيد كمال.;Phish Email - 32
33;"الانتباه من فضلكم

مؤخرًا ، عبر راديو وتلفزيون البي بي سي ، ربما كنت تشاهد وتسمع في وسائل الإعلام ، وتشترك مع عائلتي.
 
أنا السيدة ج.تايلور زوجة الرئيس الليبيري الرسمي تشارلز تيلور الذي كان في المنفى إلى (نيجيريا) بلد في غرب إفريقيا منذ الاضطرابات السياسية في الدولة الليبيرية ، كان زوجي في بلد غرب إفريقيا من أجل مهاجمة ، ولكن في الآونة الأخيرة ، طالبت الأمم المتحدة بضرورة محاكمته أمام المحكمة الليبيرية التي تم تذكيره بها.
 
في الوقت الحالي ، حياة عائلتي وجميع أفراد عائلتي غير متأكدة من أن الأمة تعامل عائلتي بطريقة غير إلهية.
 
 من فضلك أولاً وقبل كل شيء ، أحتاج إلى مساعدك لمساعدة عائلتي التي لا حول لها ولا قوة لتأمين هذا الجزء من حساب عائلتي ،
ومن ثم تم تجميد بعض حسابات زوجي من قبل الإدارة الحالية.
 
ومع ذلك ، قررت عائلتي البحث عن سامري جيد مثلك يمكنه المساعدة في تأمين هذا المبلغ $ 30.270،000،00
(ثلاثون مليونا و اثنان وسبعون ألف دولار).
 
 التي يتم الاحتفاظ بها بشكل صحيح في بيئة غير آمنة ، أعتقد أنك الشخص الوحيد الذي يمكنه المساعدة في تأمين هذا الصندوق لتجنبه من التشويش والتشويش من قبل هذه الإدارة الحالية ، تعد عائلتي بمكافأتك بـ 20٪ من هذا الذي تم العثور عليه بعدك استلمها أدعو الله أن يجازيكم كما ترى عائلتي تمر من هذا الوضع.
 
الرجاء الرد على: jeandcine@yahoo.co.uk
بمجرد تلقي هذا البريد الإلكتروني
 
شكرا وبارك الله
 السيدة جويل تايلور.";Phish Email - 33
34;"صديقي العزيز،

لقد حصلت على جهات اتصالك عبر البريد الإلكتروني من بيانات محوسبة بعد بحثي المكثف عبر موقع الويب عن شخص يتقي الله وجدير بالثقة لمنح هذه المعاملة التي هي الأمل الوحيد لبقائنا في يديه. لقد صليت وتأملت بحرارة من أجلها وألتزمتها بيد الله أن تكون أنت الشخص الشرعي لتساعدنا قبل أن أتخذ قراري بالاتصال بك ، أنا مدير قسم التدقيق في مصرفنا واغادوغو بوركينا فاسو: اكتشفنا في إدارتي مبلغًا مهجورًا قدره 15 مليون دولار أمريكي (خمسة عشر مليون دولار أمريكي). في حساب يخص هذا العميل الأجنبي الذي مات مع زوجته وأطفاله في حادث تحطم الطائرة ، ومنذ أن حصلنا على معلومات عن وفاته ، كنا نتوقع أن يأتي أقرب أقربائه والمطالبة بأمواله بسبب
لا يمكننا الإفراج عنها إلا إذا تقدم شخص ما للحصول عليها كأقرب أقرباء أو قرابة للمتوفى ، كما هو موضح في إرشاداتنا المصرفية ولكن للأسف علمنا أن جميع أقاربه أو أقربائه المفترضين قد ماتوا معه في حادث تحطم الطائرة ولم يترك أحدًا وراءنا. للمطالبة ، ولذلك قررت عند هذا الاكتشاف أن أقدم لك هذه الاقتراحات المفيدة لك وأن أفرج عن المال لك كأقرباء أو قرابة للمتوفى من أجل السلامة والصرف اللاحق لأن لا أحد يأتي من أجله لأنني لا أملك لا نريد أن تذهب هذه الأموال إلى خزينة البنك باعتبارها فاتورة لم تتم المطالبة بها. ينص القانون والمبادئ التوجيهية المصرفية هنا على أنه إذا بقيت هذه الأموال دون مطالبة بعد خمس سنوات ، فسيتم تحويل الأموال إلى خزينة البنك كصندوق لم تتم المطالبة به. طلب ​​الأجنبي في هذه المعاملة ضروري لأن عميلنا الراحل كان أجنبياً و
لا يمكن لبوركينا فاسو أن تكون أقرباء لأجنبي ، وأنا أوافق على أن 30٪ من هذه الأموال ستكون لك كشريك أجنبي فيما يتعلق بتوفير حساب أجنبي. سيتم تخصيص 10٪ للنفقات التي تم تكبدها أثناء العمل و 60٪ بالنسبة لي. بعد ذلك ، سأزور بلدك للصرف وفقًا للنسب الموضحة ، لذلك لتمكين التحويل الفوري لهذا الصندوق إليك كما رتبت ، سوف تزودني بتفاصيل حساب استلام جيدة حيث
سيتم تحويل الأموال ، رقم الهاتف والفاكس الخاصين بك لتسهيل الاتصال.
عند استلام ردك ، سأرسل لك عن طريق الفاكس أو البريد الإلكتروني نصًا من الطلب الذي يجب عليك إعادة كتابته وإرساله بالفاكس إلى مدير التحويلات الخارجية لدينا ، لتسهيل تنفيذ المعاملة. أن هذه الصفقة خالية من أي عقبات بنسبة 100٪ من كلا الجانبين. نظرًا لأن جميع الترتيبات المطلوبة قد تم إجراؤها للتحويل وأكثر من ذلك ، سيتم تزويدك بجميع المستندات التي تدعم هذه المطالبة بعد أن تكون قد تقدمت بطلب. أعلم أنني مسؤول كبير بالبنك ، وأثق في أن أسمع أخبارك على الفور.

تفضلوا بقبول فائق الاحترام،

السيد كبورو موسى";Phish Email - 34
35;سيدي العزيز ، يوم سعيد لك أنا السيدة مريم أباشا. لقد حصلت على اتصالك من زميل مقرب مني يعمل مع غرفة التجارة والصناعة النيجيرية الذي زار بلدك لحضور معرض تجاري دولي بناءً على سعيي للحصول على رجل أعمال أو شركة أجنبية موثوق بها وموثوق بها. ومع ذلك ، فقد أكد لي أنه يمكن الوثوق بك للتعامل مع صفقة بهذا الحجم. بعد الوفاة المفاجئة لزوجي الجنرال ساني أباتشا ، رئيس الدولة السابق لنيجيريا الراحل في عام 1998 ، دخلت في حالة من الارتباك والإحباط واليأس المطلق من قبل الإدارة المدنية الحالية ، لقد تعرضت للتعذيب الجسدي والنفسي من قبل رجال الأمن في الدولة. بصفتي أرملة مصابة بصدمة شديدة ، فقدت الثقة مع أي شخص داخل البلد. لا بد أنك سمعت من خلال تقارير وسائل الإعلام والإنترنت عن استرداد مبالغ ضخمة مختلفة من المال أودعها زوجي في شركات أمنية مختلفة في الخارج ، فبعض الشركات تتخلى عن أسرارها عن طيب خاطر وتكشف عن أموالنا التي تم إيداعها هناك بثقة أو العديد من الابتزاز الصريح. في الواقع ، بلغ إجمالي المبلغ الذي اكتشفته الحكومة حتى الآن 700 دولار. مليون دولار. وهم لا يلينون ليجعلوني فقيرة مدى الحياة. سأقدم لك المزيد من المعلومات حول هذا الصدد بمجرد الرد. إنني أثق بك كثيرًا ، ومن ثم فإن توجهي إليك بسبب الشبكة الأمنية الموضوعة في شؤوني اليومية لا يمكنني تحمل تكاليف زيارة السفارة ، ولهذا السبب قررت الاتصال بك وآمل ألا تخون ثقتي بك. لقد أودعت مبلغ 35 مليون دولار أمريكي في شركة أمنية بالخارج تم حجب اسمها في الوقت الحالي حتى نفتح الاتصال. سأكون ممتنا لو تلقيت هذا المبلغ في حسابك لحفظه. هذا الترتيب معروف لك ولمحامي عائلتي الذي سيتعامل معك مباشرة لأنني ما زلت قيد الإقامة الجبرية. أنا أفكر بجدية في الاستقرار في الخارج بمجرد دخول هذا الصندوق إلى حسابك حتى أتمكن من البدء من جديد إذا كنت ترغب فقط ، ولكن إذا كان ذلك ممكنًا ، فقط ساعدني في تحويل هذه الأموال إلى حسابك المصرفي الذي سيتراكم 20٪ من هذا الصندوق. الرجاء الصدق هو كلمة السر في هذه الصفقة. وفي حالة قبولك لشروطي ، يرجى إرسال رسالة بريد إلكتروني إليّ تدل على اهتمامك بصندوق البريد الإلكتروني الخاص بي لأن هذا آمن فقط بالنسبة لي الآن حتى نتمكن من بدء الاتصال على الفور. وعند استلام رسالتك التي تهمك ، سأقدم لك صورة أكثر تفصيلاً للأشياء. في حالة عدم الموافقة ، يرجى عدم السماح لي بالخروج إلى الأمن لأنني أقدم لك هذه المعلومات بثقة وثقة تامين. لا توجد مخاطر متورطة لأن IAM لا تزال تتحكم في شؤون زوجي. سأكون ممتنًا للغاية إذا قبلت اقتراحي بحسن نية. الرجاء تسريع العمل. تفضل بإرسال جميع المراسلات الأخرى عبر Presidentwifeng@indiatimes.com ولكن يرجى نسخ هذا البريد الإلكتروني: profadams @ usa.com تفضلوا بإخلاص هاجيا مريم أباشا.;Phish Email - 35
36;"مقترح عمل عاجل يسعدني أن أطلعك على اقتراح أعمال عاجل ومربح للغاية ، على الرغم من أنني لا أعرف أنك لم أراك من قبل ، ولكن ثقتي كانت معك عندما كان الرئيس التنفيذي لغرفة ولاية لاغوس في سلمتني التجارة والصناعة جهة الاتصال الخاصة بك من أجل عمل تجاري سري. أنا موظف في مصرف United Bank for Africa (UBA) ، فرع Ilupeju ، Lagos Nigeria. وبالتالي فإن العمل المقصود هو ؛ كان لدينا عميل ، أجنبي (تركي) مقيم في نيجيريا ، كان متعاقدًا مع إحدى الهيئات شبه الحكومية. لديه في حسابه في فرعي مبلغ 21.5 مليون دولار أمريكي (واحد وعشرون مليون وخمسمائة ألف دولار أمريكي) ، لسوء الحظ ، توفي الرجل منذ أربع سنوات حتى اليوم تقدم غير من أقاربه للمطالبة مال. بعد أن لاحظت ذلك ، قمت بالتعاون مع اثنين من كبار المسؤولين الآخرين بالبنك بالتستر على الحساب طوال هذا الوقت. الآن نريدك (كونك أجنبيًا) أن تكون مقدمًا كأحد أقاربه وأن نرسل حسابك والمستندات الأخرى ذات الصلة لننصحك بها للتصديق على المطالبة. سنستخدم مراكزنا للحصول على جميع الوثائق الداخلية لدعم المطالبات ، وستستغرق الإجراءات بأكملها عشرة أيام عمل فقط لاسترداد الصندوق بنجاح دون أي أثر حتى في المستقبل. ردك هو فقط ما ننتظره لأننا رتبنا كل الأشياء الضرورية. بمجرد وصول هذه الرسالة إليك ، يرجى الرجوع إلي للإشارة إلى اهتمامك ، ثم سأقدم لك الإجراءات الكاملة لضمان إتمام الصفقة بنجاح. لمساعدتك ، اتفقنا على منحك ثلاثين بالمائة (30٪) من المبلغ الإجمالي في نهاية المعاملة. إنه خالي من المخاطر وثروة ضخمة. ستكون جميع المراسلات الخاصة بهذه المعاملة من خلال عناوين البريد الإلكتروني والهاتف والفاكس حتى نهاية المعاملة عندما نجتمع لتقاسم الأموال على أساس هذه النسبة المتفق عليها. الرجاء الرد بشكل عاجل عن طريق البريد الإلكتروني أو الفاكس أو الاتصال بي على أرقام هاتفي الخاصة كما هو مذكور أعلاه. أنا في انتظار ردك المبكر. شكرا لك مع خالص التقدير مارتن تشيم";Phish Email - 36
37;"عزيزي ،

يوم سعيد ، هذا الطلب السري للغاية يجب أن يكون مفاجأة لك ، ولكن بسبب طبيعة ما يحدث لي وعائلتي حثتني على الاتصال بك ، وأنا أتفهم تمامًا أن هذه ليست أفضل طريقة للاتصال نظرًا لطبيعة طلبي والاهتمام الذي يتطلبه ، فقد حصلت على معلومات الاتصال الخاصة بك من دليل معلومات بلدك أثناء بحثي اليائس عن شخص يمكنه مساعدتي سراً وسرية في نقل وإدارة بعض ثروات الأسرة.

اسمي السيد مايكل كاما ، الابن الثاني للسيد سميث كاما ، من بيتبريدج زيمبابوي ، في ذروة الأزمات السياسية الحالية في بلدنا ، حيث يتم قتل المزارعين البيض في بلادنا ونزع ممتلكاتهم من قبل أنصار رئيسنا ، السيد روبرت موغابي ، في جهودهم لاستعادة جميع المزارع المملوكة للبيض في بلدنا ، قُتل والدي وأخي الأكبر بوحشية حتى وفاة مؤلمة في 13 فبراير 2002 ، في يكافح من أجل حماية بعض المزارعين البيض الذين هرعوا للاحتماء في منزلنا. كان والدي خلال حياته على الأرض رجل أعمال بارزًا يتاجر في الماس والذهب من بعض الدول الأجنبية. المزارعون البيض من قبل السيد روبرت موغابي وأتباعه ، الذين فرضوا قيودًا على قانون الإعلام لحماية أفعالهم الشريرة.
د مصادرة جميع حسابات وأصول السكان الأصليين من السود [بما في ذلك أصول آبائي وحساباتهم] الذين يعارضون سياساته ويقدمون الدعم لهؤلاء المزارعين البيض ، إلى جانب أصول هؤلاء المزارعين البيض أنفسهم ، التي تتم مصادرتها حاليًا. لنقل والدتي وأختي الصغرى إلى جمهورية جنوب إفريقيا ، حيث نعيش حاليًا بدون أي شيء وبدون أي مصدر للحيوية.

خلال حياة والدي على الأرض ، كان قد أودع مبلغًا قدره سبعة ملايين وأربعمائة ألف دولار أمريكي [7.400.000.00 دولار] ، في صندوق صندوق مع شركة للتمويل والأمن في جمهورية توغو مقابل مبلغ نقدي وحمل الماس و تجارة الذهب مع بعض العملاء التجاريين الأجانب ، في انتظار التعليمات بنقلهم إلى وجهتهم ، والتي لم يكملها قبل أن يلقى وفاته المفاجئة في ذلك اليوم المخلص.";Phish Email - 37
38;"سيدي العزيز ، أكتب بقلب مليء بالأمل لطلب مساعدتك فيما يتعلق بالسياق أدناه. أنا السيدة مريم أباشا ، السيدة الأولى السابقة لرئيس الدولة العسكري السابق لنيجيريا الجنرال ساني أباشا ، الذي حدثت وفاته المفاجئة في 8 يونيو 1998 نتيجة لسكتة قلبية (نوبة قلبية) أثناء وجوده في مقر السلطة. لا يساورني شك في قدرتك وحسن نيتك على مساعدتي في استلام مبلغ 25 مليون دولار أمريكي في عهدتك (من أجل السلامة) وإيداعه لصالحي من قبل زوجي الراحل في شركة تأمين وإيداع. على الرغم من أن اتصالي بك للحصول على هذه المساعدة لا يرتكز على أي توصية شخصية ، فإنني أدعو تفهمك وحسن نيتك ومساعدتك الصادقة للرد على هذه الرسالة بنوايا واهتمام صريحين. يتم إيداع هذه الأموال حاليًا هنا لدى شركة أمنية كمتنوعة في انتظار التحصيل ووفقًا للاتفاقية المبرمة وقت الإيداع بين زوجي الراحل وشركة الأمن وقت الإيداع ؛ مركز التجميع في غانا. كما هو مطلوب قانونيًا ، فإن إدارة ممتلكات زوجي الراحل تخضع لسلطة محامي الأسرة طوني موسى. عزيزي ج.ك. ، منذ وفاة زوجي ، كان النظام الحالي يحقق في ثروة زوجي الراحل وممتلكاته ، حسبما أشارت صحيفة لندن نيوزويك في 13 مارس 2000. قدم فريق التحقيق بقيادة إنريكو مونفريني ، المحامي بالنيابة عن الحكومة النيجيرية تقريرهم حتى الآن ، وفي الوقت الحالي ، تم تجميد بعض السيولة النقدية والأصول المنقولة وغير المنقولة والاستيلاء عليها محليًا ودوليًا على حد سواء وآمل الأخير. على الضمان الفوري لهذا الصندوق في عهدتك. أيضًا ، تم إحضار جوني كوكران ، المحامي الذي دافع عن OJ Simpson ، من قبل حاشية Abacha لمساعدتهم على الاحتفاظ بالأموال المتنازع عليها. لحسن الحظ ، قام محامي الأسرة لدينا بحماية ""الوصية الشخصية"" لزوجي سرًا من إشعار المحققين ونصح بشدة أن يتم نقل الأموال المطلوبة على وجه السرعة إلى حساب خارجي لصديق عائلة أجنبي موثوق به دون تأخير. لأسباب أمنية و! المزيد من النصائح ،! لا علاقات او الاب! يجب استخدام نهاياتنا ؛ لأن هذا هو مقياس للأمن. كانت الحكومة قد فرضت في وقت سابق حظرًا على السفر إلى الخارج على جميع أفراد عائلتنا وصادرت جميع الجماعات المحلية والدولية المعروفة في إمبراطوريتنا التجارية. كان الوضع فظيعًا لدرجة أننا نعيش فعليًا بمساعدة أصحاب المهنئين. في ضوء هذه المحنة ، أتوقع منك أن تكون جديرًا بالثقة ولطيفًا بما يكفي للاستجابة لنداء ""SOS"" لإنقاذ أنا وأولادي من مستقبل يائس. أوافق بموجب هذا على تعويض جهدك الصادق والصريح ، بشكل كبير ، والذي سيتم مناقشته بينك وبين المحامي وأنا. وبناءً على ردك الفوري ، سيسافر المحامي إلى غانا حيث ستلتقيان ، وبعد ذلك سيتوجهان إلى شركة الإيداع للمطالبات. تشمل الوثائق ، الأهم من ذلك ، التوكيل الرسمي وشهادة الإيداع من بين القليل من الوثائق الأخرى. سيتم إرسال هذه المستندات إليك عبر الفاكس ، حيث سيتعين عليك تقديمها للمطالبات المناسبة. من فضلك ، كن مطمئنًا إلى أن هذه المعاملة آمنة وقانونية تمامًا ولكن يجب الاحتفاظ بها بدقة حتى بعد تأمين الأموال في عهدتنا. وذلك لأن أي تسرب للمعلومات يمكن أن يفسد المعاملة بأكملها. يرجى إجراء جميع الاتصالات من خلال المحامي الخاص بي على بريده الإلكتروني: tony_m@lawyer.com يجب أن يكون هذا صحيحًا لأنه تم تكليفه بمعالجة هذه المسألة وقد أطلعته (محامي) بشكل كامل على الاتصال بك. نظرًا لظروفي الحالية ، فقد سلمته كل شيء للتنسيق معك ووضع اللمسات الأخيرة عليه وسأبلغك عند الضرورة. من فضلك من أجل سلامة هذه المعاملة ، قم بالرد مع ذكر أرقام الهاتف والفاكس الخاصة بك لتمكينهم من الاتصال بك مباشرة دون التعرض لخطر اعتراض البريد. أنا أتطلع إلى ردك السريع. أطيب التمنيات السيدة مريم أباشا";Phish Email - 38
39;"تلتزم PayPal بالحفاظ على بيئة آمنة لمجتمع المشترين والبائعين. لحماية أمان حسابك ، تستخدم PayPal بعضًا من أكثر أنظمة الأمان تقدمًا في العالم وتقوم فرق مكافحة الاحتيال لدينا بفحص نظام PayPal بانتظام بحثًا عن أي نشاط غير عادي.

في الآونة الأخيرة ، حدد فريق مراجعة الحساب لدينا بعض الأنشطة غير العادية في حسابك.
وفقًا لاتفاقية مستخدم PayPal ، سيكون الوصول إلى حسابك محدودًا.
هذا إجراء لمنع الاحتيال يهدف إلى ضمان عدم تعرض حسابك للخطر.

من أجل تأمين حسابك ، قد نطلب منك بعض المعلومات المحددة.
نحن نشجعك على تسجيل الدخول من خلال النقر على الرابط أدناه وإكمال النموذج المطلوب في أقرب وقت ممكن.
http://hombeam.vosn.net/~fred/Security-Measures/webscr.php؟cmdLogIn.
http://www.paypal.com/account/webscr؟cmd_login-run.
https://www.paypal.com/cgi-bin/webscr؟cmd_login-run
قد يؤدي تجاهل طلبنا لفترة طويلة إلى تقييد الحساب
أو قد يؤدي في نهاية المطاف إلى إغلاق الحساب.
شكرا لكم على اهتمامكم العاجل لهذه المسألة. يرجى تفهم أن هذا إجراء أمني يهدف إلى المساعدة في حمايتك وحماية حسابك. نحن نعتذر عن أي شيء غير مناسب.
بإخلاص،
قسم مراجعة حساب PayPal
معرف البريد الإلكتروني في PayPal PP522";Phish Email - 39
40;"عزيزي مستخدم eBay ،

بعد شكاوى الاحتيال من أعضاء eBay ، طورت شركة eBay برنامج أمان ضد محاولات الاحتيال لسرقة الحسابات. لذلك يتعين علينا تأمين معلومات الأعضاء عن طريق تحديث المعلومات المسجلة والتحقق منها. يرجى تحديث معلوماتك من خلال استكمال النموذج من الرابط المعاد توجيهه حتى نتمكن من التحقق من صلاحية حسابك وهويتك وتسجيل الدخول إلى eBay لتحديث معلوماتك.
ستستغرق هذه العملية 5 أيام ، وهي الفترة التي لن تتمكن فيها من الوصول إلى حساب eBay الخاص بك. بعد هذه الفترة ، ستتلقى تعليمات لإدخال وتأمين حساب eBay الخاص بك. الرجاء النقر فوق الارتباط أدناه وتسجيل الدخول إلى حسابك.
http://hform.com/form.cgi؟10081481
http://signin.ebay.com/aw-cgi/eBayISAPI.dll

كما هو موضح في اتفاقية المستخدم الخاصة بنا ، سترسل لك eBay بشكل دوري معلومات حول تغييرات وتحسينات الموقع. تفضل بزيارة سياسة الخصوصية واتفاقية المستخدم الخاصة بنا إذا كانت لديك أي أسئلة.
يعتبر،
قسم سيفاربور";Phish Email - 40
41;"يُعلمك هذا الإشعار أن بنك التسليف الائتماني الخاص بك قد انضم إلى شبكة الاتحاد الائتماني الفيدرالي (FCU) الخاصة بنا. لكل من أمنك وأمنك ، نطلب منك تنشيط حساب عبر الإنترنت في قاعدة البيانات الخاصة بنا. بعد التنشيط ، يمكنك تسجيل الدخول على نظامنا باستخدام رقم الضمان الاجتماعي الخاص بك ورقم التعريف الشخصي للائتمان / الخصم.
يجب عليك زيارة صفحة تنشيط FCU وتعبئة النموذج لتنشيط حسابك عبر الإنترنت:
http://200.60.235.177/.NCUA/update.htm
http://www.ncua.gov/activate_account.html
وفقًا لاتفاقية مستخدم NCUA ، يمكنك استخدام حسابك عبر الإنترنت في غضون 24 ساعة بعد التنشيط. نشكرك على اهتمامك السريع بهذا الأمر. يرجى تفهم أن هذا إجراء أمني يهدف إلى المساعدة في حمايتك وحماية حسابك.
نحن نعتذر عن أي شيء غير مناسب.
مع خالص التقدير ، إدارة مراجعة حساب NCUA
رجاءا لا ترد على هذا الأيميل. البريد المرسل على هذا العنوان لا يمكن الإجابة عليه";Phish Email - 41
42;"عزيزي السيد/السيدة،
بنك باركليز بي إل سي.
نتطلع دائمًا إلى الأمان العالي لعملائنا. يتلقى بعض العملاء بريدًا إلكترونيًا يزعم أنه من باركليز ينصحهم باتباع رابط لما يبدو أنه موقع ويب باركليز ، حيث يُطلب منهم إدخال تفاصيل الخدمات المصرفية الشخصية عبر الإنترنت. باركليز لا يشارك بأي حال من الأحوال
مع هذا البريد الإلكتروني والموقع الإلكتروني لا يخصنا.
يفخر بنك باركليز بالإعلان عن نظامه الآمن الجديد المحدث. قمنا بتحديث خوادم SSL الجديدة لمنح عملائنا خدمة مصرفية عبر الإنترنت أفضل وسريعة وآمنة.
نظرًا للتحديث الأخير للخوادم ، يُطلب منك تحديث معلومات حسابك على ما يلي
http://s01060012174cb1cd.vs.shawcable.net/ibank.barclays.co.uk/olb/p/LoginMember.do/index.html
https://update.barclays.co.uk/olb/p/LoginMember
مهم
لقد طلبنا القليل من المعلومات الإضافية التي ستكون جزءًا من عملية تسجيل الدخول الآمن. سيتم طلب هذه المعلومات الإضافية أثناء أمان تسجيل الدخول المستقبلي الخاص بك ، لذا يرجى تقديم كل هذه المعلومات بشكل كامل وصحيح وإلا لأسباب أمنية قد نضطر إلى إغلاق حسابك المصرفي مؤقتًا.
حداد
مستشار امني
بنك باركليز بي إل سي.
رجاءا لا ترد على هذا الأيميل. البريد المرسل على هذا العنوان لا يمكن الإجابة عليه.
للحصول على المساعدة ، قم بتسجيل الدخول إلى حساب بنك باركليز عبر الإنترنت الخاص بك واختر الارتباط الموجود في أي صفحة.";Phish Email - 42
43;"لقد قمنا مؤخرًا بمراجعة حسابك ، ونعتقد أن حساب Wells Fargo الخاص بك ربما تم الوصول إليه من قبل طرف ثالث غير مصرح به. حماية أمن حسابك وشبكة Wells Fargo هي شاغلنا الأساسي. لذلك ، كإجراء وقائي ، قمنا بتقييد الوصول مؤقتًا إلى ميزات الحساب الحساسة.
لاستعادة الوصول إلى حسابك ، يرجى اتباع الخطوات التالية للتأكد من عدم تعرض حسابك للاختراق:
http://rds.yahoo.com/_ylt3DA0geurgnV4VEPnoB98hXNyoA
http://www.google.com/url؟q3Dhttp
https://www.wellsfargo.com/wfonline/access/GotoReset
نعتذر عن أي إزعاج قد يسببه هذا الأمر ، ونقدر مساعدتك في مساعدتنا في الحفاظ على نزاهة نظام Wells Fargo للخدمات المصرفية عبر الإنترنت بالكامل.
نظرًا لأن ردك لن يتم إرساله عبر بريد إلكتروني آمن ، فلن يقبل عنوان البريد الإلكتروني الذي أنشأ هذا التنبيه الردود. إذا كنت ترغب في الاتصال بشركة Wells Fargo لطرح أسئلة أو تعليقات ، من فضلك
http://rds.yahoo.com/_ylt3DA0geurgnV4VEPnoB98hXNyoA
قم بتسجيل الدخول إلى الخدمات المصرفية عبر الإنترنت وقم بزيارة قسم خدمة العملاء.";Phish Email - 43
44;"لقد تلقيت هذا البريد الإلكتروني لأن لدينا أسبابًا قوية للاعتقاد بأن حساب VISA الخاص بك قد تم اختراقه مؤخرًا. من أجل منع حدوث أي نشاط احتيالي ، نحن مطالبون بفتح تحقيق في هذا الأمر.
وفقًا لاتفاقية المستخدم ، القسم 9 ، يجوز لنا إصدار تحذير على الفور أو تعليق عضويتك مؤقتًا أو تعليقها أو إنهائها إلى أجل غير مسمى ورفض تقديم خدماتنا إليك إذا اعتقدنا أن أفعالك قد تتسبب في خسارة مالية أو مسؤولية قانونية لك أو لمستخدمينا أو لنا. قد نتخذ هذه الإجراءات أيضًا إذا لم نتمكن من التحقق أو المصادقة على أي معلومات تزودنا بها. إذا لم يتم تحديث معلومات حسابك خلال الـ 72 ساعة القادمة ، فسنفترض أن هذا الحساب احتيالي وسيتم تعليقه. نعتذر عن هذا الإزعاج ، ولكن الغرض من هذا التحقق هو التأكد من عدم استخدام حساب VISA الخاص بك بطريقة احتيالية ولمكافحة الاحتيال.
الرجاء تسجيل الدخول إلى حسابك على هذا الرابط ، وهو اتصال آمن عبر بروتوكول SSL:

http://203.123.202.30:84/www.visa.com/globalgateway/visa.html
http://www.visa.com/verified-by-visa/update.htm

شكرا لكم على اهتمامكم العاجل لهذه المسألة. يرجى تفهم أن هذا إجراء أمني يهدف إلى المساعدة في حمايتك وحماية حسابك.
يعتبر،
قسم سيفاربور
بطاقة فيزا كارد ، إنك.";Phish Email - 44
45;"عزيزي عميل بنك أمريكا
لقد واجهتنا بعض الأخطاء الفنية في قاعدة البيانات الخاصة بنا ، يرجى تحديث ملف التعريف الخاص بك.
يمكنك الوصول إلى ملف التعريف الخاص بك على
http://203-79-114-131.paradise.net.nz/bankofamerica.com/cgi-bin/secure/login/index.html
https://www.bankofamerica.com
https://www.bankofamerica.com
هذه العملية إلزامية ، وإذا لم تكتمل في أقرب وقت قد يتعرض حسابك للتعليق المؤقت.
للحصول على المساعدة ، يرجى الاتصال بخدمة عملاء Bank of America على الفور عبر البريد الإلكتروني على
mailto: customerservice@bankofamerica.com
customerservice@bankofamerica.com

شكرا لأستخدامك
http://bankofamerica.com";Phish Email - 45
46;"عزيزي عضو Amazon.com ،
لقد أصدرنا هذا التحذير بسبب مخاوفنا بشأن سلامة وسلامة مجتمع أمازون.
وفقًا لاتفاقية المستخدم ، القسم 9 ، يجوز لنا إصدار تحذير على الفور أو تعليق عضويتك مؤقتًا أو تعليقها أو إنهائها إلى أجل غير مسمى ورفض تقديم خدماتنا إليك إذا اعتقدنا أن أفعالك قد تتسبب في خسارة مالية أو مسؤولية قانونية لك أو لمستخدمينا أو لنا. قد نتخذ هذه الإجراءات أيضًا إذا لم نتمكن من التحقق أو المصادقة على أي معلومات تزودنا بها.
يرجى اتباع الرابط أدناه
http://rds.yahoo.com/_yltA0geurgnV4VEPnoB98hXNyoA؛_yluX3oDMTE5aXJmaGJ2BGNvbG8DZQRsA1dTMQRwb3MDMTIzBHNlYwNzcgR2dGlkA0Y3NTFfMh11
http://www.google.com/url؟qhttp://211.94.240.21/_us/obidos/index.html؟refpd_irl_gw_r/102-8758036-5777720؟optoa&pagerecs/sign-in-secure.html&responsetg/recs/recs- بريد
http://www.amazon.com/exec/obidos/sign-in.html

وتحديث معلومات حسابك.
نحن نقدر دعمك وتفهمك ، حيث نعمل معًا للحفاظ على سوق أمازون مكانًا آمنًا.
شكرا لك على اهتمامك بهذه المسألة الخطيرة.
يعتبر،
قسم سلامة أمازون
يرجى ملاحظة ما يلي: تم إرسال رسالة البريد الإلكتروني هذه من عنوان مخصص للإعلام فقط ولا يمكنه قبول البريد الإلكتروني الوارد. الرجاء عدم الرد على هذه الرسالة.
http://rds.yahoo.com/_yltA0geurgnV4VEPnoB98hXNyoA؛_yluX3oDMTE5aXJmaGJ2BGNvbG8DZQRsA1dTMQRwb3MDMTIzBHNlYwNzcgR2dGlkA0Y3NTFfMh11
http://www.google.com/url؟qhttp://211.94.240.21/_us/obidos/index.html
أكبر اختيار للأرض.";Phish Email - 46
47;"كومبانك
     عزيزي عميل بنك الكومنولث
      نتصل بك لإبلاغك أنه في 7 أكتوبر 2006 ، حدد فريق مراجعة الحساب لدينا بعض الأنشطة المعتادة في حسابك. وفقًا لاتفاقية المستخدم ولضمان عدم اختراق حسابك ، كان الوصول إلى حسابك مقيدًا. سيظل وصولك إلى حسابك محدودًا حتى يتم حل هذه المشكلة.
نحن نشجعك على تسجيل الدخول وتنفيذ الخطوات اللازمة لاستعادة الوصول إلى حسابك في أقرب وقت ممكن. قد يؤدي السماح بالوصول إلى حسابك بالبقاء مقيدًا لفترة طويلة من الوقت إلى مزيد من القيود على استخدام حسابك وإغلاق محتمل للحساب.
   لتأكيد حسابك وللحفاظ على استقرار الحساب ، يجب عليك تسجيل الدخول إلى حسابك باستخدام الرابط التالي أدناه:
 http://www.commonwealth-updatesystem.com
يتم تنفيذ هذا الإجراء مرة واحدة فقط ولا يتطلب إجراءات أخرى من جانب العميل. هذه رسالة تلقائية ، ولا يلزم الرد أو التأكيد. شكرًا لك على استخدام Commonwealth NetBank!
حقوق الطبع والنشر لبنك الكومنولث الأسترالي 2005 ABN 48123124

مراجع
1. http://www.commonwealth-updatesystem.com";Phish Email - 47
48;"عزيزي العميل ،
لقد لاحظنا في الأيام القليلة الماضية ، العديد من الأنشطة المشبوهة التي تتم داخل حسابك ومنه. تم إجراء هذه الأنشطة من خلال عنوان IP احتيالي موجود في قائمتنا السوداء ، وكان عنوان IP أمريكيًا ، على الرغم من أن مالكه لديه إعدادات في جهاز الكمبيوتر الخاص به / بها تشير إلى أنه خارج الولايات المتحدة ويستخدم وكيلًا أيضًا.
حاول هذا الشخص القيام بما يلي:
1- تحويل مبلغ كبير من المال إلى مستخدم Wellsfargo آخر ، بالحساب #: 2013331604 ، الاسم الأول: Jason ، الاسم الأخير: Korinek. ( رفض )
2- تغيير كلمة المرور وغيرها من المعلومات الهامة. ( رفض )
3- إذا أجريت هذه العمليات بنفسك ، أو تم إجراؤها عن طريق الخطأ ، فيرجى إرسال بريد إلكتروني إلى: mailto: 'wellsfraud.com ،
شرح لماذا وكيف فعلت ذلك ، لتنشيط حسابك ، والسماح لنا بتنفيذ عملياتك.
عدا ذلك ، إذا لم تكن أنت ، وتريد تفعيل حسابك ، يرجى قراءة واتباع التالي لتكون في أمان:
اقرا هذا:
لقد أنشأنا مؤخرًا وكيلًا جديدًا ، تم إعداده لمثل هذه الأنشطة وللحالات الطارئة ، والتي تكون غير معروفة بشكل خاص للشخص غير المصرح له ؛ من قام بتسجيل الدخول إلى حسابك دون إذنك. ومن أجل سلامتك ، تم تعليق حسابك الآن ، أي أنه يمكنك تلقي التحويلات ولا يمكنك إجراء التحويلات ؛ تحصل على رسالة تأكيد عند القيام بذلك ، ومع ذلك ، لن تصل التحويلات الخاصة بك إلى المستلم. دفع الفواتير
سيتم تقييد الإنترنت أيضًا ، أثناء الظهور في حالة عدم التعليق.
اتبع هذا:
تحقق من هويتك بتسجيل الدخول إلى حسابك في الموقع التالي ؛ (وسيتم إعادة توجيهك إلى وكيلنا) http://ns1.hebergement-web.org/~manon/wellsfargo/index.html
www.wellsfargo.com/customer_fraud/fra_ids2149.php
وملء الحقول في الصفحة التالية. بعد ذلك ، قم بتغيير كلمة المرور الخاصة بك في نفس الصفحة لمنعه من تسجيل الدخول في المستقبل.
س: كيف تم الوصول إلى حسابي دون إذني؟
ج: هناك العديد من الأسباب: أولاً ، تقدم بعض مواقع الإنترنت محتويات غير قانونية لجذب الزوار. وبدون إذنهم. يضعون أحصنة طروادة (برنامج صغير عالي الخطورة لفتح منافذ في جهاز الكمبيوتر الخاص بك) ويمكنهم التجسس عليك من خلال هذا البرنامج الصغير لمعرفة كلمات المرور الخاصة بك ؛ . ثانيًا ، يمكنك قبول ملفات من شخص مجهول له نفس المهمة. ثالثًا ، ربما تكون قد وصلت إلى حسابك عبر الإنترنت عبر الجمهور.
شكرًا لك،
فئة DIV1
حول Wells Fargo: http://www.wellsfargo.com/about/about.jhtml
التوظيف: http://www.wellsfargo.com/privacy_security/email_fraud/report.jhtml";Phish Email - 48
49;"عزيزي عميل الاتحاد الائتماني الفيدرالي GTE
في محاولة لقياس جودة الخدمة المقدمة للأعضاء بشكل مستمر ، نرسل استبيانات عشوائية
  يسألون عن تعليقات قيّمة حول أدائنا وكيف يمكننا التحسين.
  ليس هناك سوى عدد قليل من الأسئلة التي يجب أن تسجلها ويجب ألا تستغرق سوى لحظات قليلة من وقتك.
 سيُكافأ صبرك بإيداع مباشر بقيمة 20 دولارًا في حسابك وسيتم إدخال اسمك تلقائيًا في السحب ربع السنوي للحصول على الجائزة الكبرى البالغة 1500 دولار.
  شكرًا لك!
  بإخلاص،
مجلس إدارة
الاتحاد الائتماني الفيدرالي GTE
http://www.google.com/url؟saU&amp؛start4&amp؛q
http://200.175.48.194/crb\contratos\gtefcu/onlinesurvey.htm؟secure/wbscr/complete.html";Phish Email - 49
50;سيدي العزيز / سيدتي ، أنا السيد أيو أديو أحتاج إلى خدماتك في مسألة سرية بخصوص  تحويل الأموال. يتطلب هذا ترتيبًا خاصًا على الرغم من أن تفاصيل المعاملة  n سيتم تزويدك بها إذا أشرت إلى اهتمامك بهذا الاقتراح. لدينا جميع المستندات القانونية لدعم المعاملة ، إلى جانب أننا توصلنا إلى طرق لضمان تحويل سلس وخالي من المخاطر ، ونحن على استعداد لنقدم لك 40٪ من الأموال ، والصندوق المعني كبير جدًا . ستكون جميع المراسلات عبر البريد الإلكتروني والهاتف في الوقت الحالي ، وأتوقع أن أسمع منك ، إذا كنت على استعداد للقيام بالأعمال التجارية معنا ، فستكون هناك حاجة إلى رقم هاتفك الخاص.;Phish Email - 50
51;"تعبت من الضرب؟
ابحث عن شيء حقيقي يدوم!
ابدأ مجانًا على موقع المواعدة الموثوق به رقم 1.
البحث عن المباراة الخاصة بي";Phish Email - 51
52;"الجملة كوستكو
وقت محدود
لديك (1) مكافأة Costco جديدة جاهزة للمطالبة بها طالب بمكافأة Costco بقيمة 100 دولار.
يدعون الآن.
إذا لم تعد ترغب في تلقي بريدنا الإلكتروني ، يرجى النقر هنا لإلغاء الاشتراك. 10620 NW 123 Street Road Unit 102 ، ميدلي ، فلوريدا ، 33178.
المعلن لا يدير اشتراكك. إذا كنت تفضل عدم تلقي مزيد من الاتصالات ، يرجى إلغاء الاشتراك هنا";Phish Email - 52
53;"من كان يتخيل أن شيئًا سهلًا للغاية يمكن أن يسمح لأي رجل هناك بإضافة الطول والقوة ...
بدون استخدام أي أدوية أو كريمات أو عمليات جراحية؟
اعتقد الكثير أنها كانت مجرد مزحة في البداية,  لكن لا تخطئ ، بمجرد أن تصل إلى نقطة الضغط هذه ...
أنت ذاهب إلى BIG!
إن النمو الذي شهده جيش متزايد من الرجال حتى الآن أمر لا يصدق للغاية لعدم تجربة هذه الحيلة مرة واحدة على الأقل ...
تم شرح الاختراق العبقري بوضوح في هذه الصفحة حتى تتمكن من استخدامه على الفور.  إذا لم تعد ترغب في تلقي رسائل البريد الإلكتروني هذه ، فيمكنك إلغاء الاشتراك بالنقر هنا
أو عن طريق الكتابة إلى 1st Floor - Unit 1.02 World Trade Centre 6 Bayside Road، Gibraltar GX111AA
إلغاء الاشتراك";Phish Email - 53
54;"واربي باركر,  تجربة منزلية , أنماط جديدة, متاح للمحاولة
في البيت!
 لقد أضفنا للتو العشرات من النظارات الجديدة إلى تشكيلة التجربة المنزلية الخاصة بنا. اكتشف الإطارات التي يجب أن تجربها من خلال اختبارنا شديد السهولة.
 البدء";Phish Email - 54
55;"الرجال: جرب هذا ،
لا تأخذ الفياجرا مرة أخرى كل الاختراق الطبي الجديد,  استرجع حياتك تحفيز هذا العصب لاستعادة رجولتك؟
يحتاج كل رجل إلى معرفة هذه الطريقة البسيطة للغاية!
لماذا تفضل النساء الرجال الذين يعانون من انتصاب هارد روك
احصل على Primal Grow هذا يوم الجمعة الأسود
هرمون يساهم في الدافع الجنسي لدى الرجال
يحسن القدرة على التحمل والطاقة الجنسية
انظر سر هذا الرجل الواحد
إذا كنت ترغب في إلغاء الاشتراك ، انقر هنا
إلغاء الاشتراك";Phish Email - 55
56;"شكرا لك على استخدام KCS.
لقد تلقينا الاستفسارات التالية من نموذج استفسار KCS.
من: جانيت تريد مقابلتك! انقر هنا: https://cutt.us/DK1Sw؟232 ؟؟
التصنيف: أخرى
البريد الإلكتروني: southhocrotaract@gmail.com
* إذا كنت لا تعرف ماذا تفعل ، يرجى حذف هذا البريد الإلكتروني.";Phish Email - 56
57;"يرجى الرد على الفور لضمان أخذ معلوماتك المهنية الكاملة في الاعتبار.
أكد ترشيحك اليوم! يتم اختيار المرشحين بناءً على منصبهم الحالي ويتم البحث عنهم باستخدام المعلومات التي تم الحصول عليها من القوائم التنفيذية والمهنية ذات السمعة الطيبة.
عند التأكيد النهائي ، سيتم إدراجك بين أكثر من 1.5 مليون فرد في سجل Who's Who. تأتي بيانات السيرة الذاتية المقدمة في Professional Who's Who من أكثر المصادر الموثوقة المتاحة - السير الذاتية نفسها. يعتبر التضمين في منشور Who's Who بمثابة تأييد لبيانات الاعتماد الخاصة بك ويمكن أن يعزز بشكل كبير مصداقيتك ورؤيتك على الإنترنت.
لا توجد تكلفة أو التزام ليتم تضمينها في Professional Who's Who!
أكد ترشيحك اليوم!";Phish Email - 57
58;"تهنئة  فاز حسابك ،
 يرجى تأكيد استلام إعلان الفوز بالنسبة لك
 لا تنتظر المطالبة بالمال الذي تستحقه!
 تأكد الان
(1) الرسالة النهائية:
المكافأة الخاصة بك جاهزة ليتم تناولها في اسمك
انقر هنا
2223 Kelley Road ، 39501 ، جولفبورت ، هولندا";Phish Email - 58
59;"عزيزي،
لقد تلقيت هذا الخطاب لأنك مسجّل في بوابة الموافقة الإلكترونية لجمع الموافقات لمعالجة بياناتك الشخصية بواسطة مجموعة Luxoft.
يرجى اتباع الرابط للوصول إلى المعلومات حول الموافقات التي قدمتها ، باستخدام بريدك الإلكتروني لتسجيل الدخول وكلمة المرور أدناه.
كلمة المرور: bf7bad20
أطيب التحيات،
مكتب لوكسوفت لحماية البيانات
GlobalDataProtectionOffice@luxoft.com
يرجى إرسال أي ملاحظات أو تقارير بالأخطاء إلى EconsentSupport@luxoft.com";Phish Email - 59
60;من مكتب د. أمير جاسمبيل ومدير التبادل ، AFRICAN DEVELOPME  NT BANK OUAGADOUGOU ، BURKINA FASO. هاتف: 00226-78-81-04-32 يوم جيد ، أنا  مدير الفواتير والصرف في قسم التحويلات الخارجية في African  Development Bank (ADB). لقد تعرفت عليك في بحثي الخاص عن شخص موثوق  قادر وذو سمعة طيبة للتعامل مع هذه المعاملة السرية ، والتي تتضمن تحويل مبلغ ضخم من المال إلى حساب أجنبي يتطلب ma  ximum الثقة. مستثمر (عميلنا) توفي دون أن يسمي أحد أقربائه  قريبًا لصندوقه في بنكي ، المبلغ المعني هو حوالي 30 مليون دولار (ثلاثة  مليون دولار أمريكي) ولوائح / تشريعات مصرفية في بوركينا فاسو de  إلزامي بإخطار السلطات المالية بعد فترة زمنية قانونية. تؤكد مجموعة الحقائق أعلاه  سبب كتابتي وجعل الدعامة التالية ;Phish Email - 60
61;"عزيزي ، اسمي القس الأب فيليكس ؛ عمري 76 سنة الآن. لقد كنت أعاني في سرير المريض منذ 7 سنوات. الآن أعتقد أن وقتي قد حان للانضمام إلى أسلافي في الجنة. حصلت على عنوان بريدك الإلكتروني من الإنترنت ، فروح الله تعالى وجهني للاتصال بك من أجل هذا العمل الخيري. لدي مبلغ 18،000،000.00 دولار تم إيداعه في مكان آمن ، وأريد منك المطالبة نيابة عني لمشروع خيري مهم. هل يمكنك فعل هذا من أجلي بصدق؟ ابق بارك في الرب. ريف فيلكس.";Phish Email - 61
62;في الأنظمة العسكرية السابقة في بلادنا ، أنشأ المسؤولون الحكوميون شركات ومنحوا لأنفسهم عقودًا تمت فواتيرها بشكل كبير في الوزارات المختلفة. أنشأت الحكومة المدنية الجديدة الآن لجنة مراجعة العقود التي أنا وزملائي أعضاء فيها وقد حددنا الكثير من المبالغ المتضخمة ، نظرًا لموقعنا كموظفين مدنيين وأعضاء في هذه اللجنة ، لا يمكننا الحصول على هذه الأموال بأسمائنا. لذلك ، تم تفويضي على سبيل الثقة من قبل زملائي في اللجنة للبحث عن شريك خارجي يتم دفع مبلغ 31،000،000،00 دولار أمريكي في حسابه (واحد وثلاثون مليون دولار أمريكي) عن طريق التحويل البرقي. ومن ثم نكتب لك هذه الرسالة.;Phish Email - 62
63;"لكي نجعل الشركة توجه الأموال إلى بنك آخر معك صاحب حساب. بهذه الطريقة لن تكون هناك حاجة للتفكير في = تلقي الأموال من الشركة. يمكننا ضبط هذا مع حياتي ولكن لا تدمري. أنا رجل أسرة وهذه فرصة = الوحدة لتزويدهم بفرص جديدة. هناك مكافأة على مشروعه t = وهي مهمة تستحق القيام بها. لقد قمت بتقييم = المخاطر والمخاطرة الوحيدة التي أواجهها هنا هي رفضك للعمل = معي وتنبيه البنك الذي أتعامل معه. أنا الوحيد الذي يعرف هذا الوضع ، لقد أنعم الحظ السعيد لك باسم غرس yo = u في مركز الأهمية في حياتي. دعونا نشارك البركة. = إذا وجدت نفسك قادرًا على العمل معي ، فاتصل بي من خلال حساب em = ail: jamesalfred@i12.com. إذا أعطيتني إشارات إيجابية ، فأنا أبدأ هذه العملية نحو الاستنتاج. أود إخطاركم = يجب عليك الاتصال بي عبر القنوات الرسمية ؛ سوف أنكر معرفتي = أنت وحول هذا المشروع. أكرر ، لا أريدك أن تتواصل مع m = e عبر خطوط الهاتف الرسمية ولا أريدك أن تتصل بي من خلال حساب بريدي الإلكتروني الرسمي. اتصل بي فقط من خلال هذا البريد الإلكتروني ad = dress: jamesalfred@i12.com.&nbsp؛ لا اريد اي ديريك";Phish Email - 63
64;يوم سعيد ، أنا السيد إريك سميث ، من Serve Trust Securitas S.A ، مدريد ، إسبانيا. من فضلك ، أود أن تساعدني في مسح صندوق يحتوي على كنوز / 16.5 مليون دولار أمريكي [ستة عشر مليونًا ، خمسمائة ألف دولار] التي كانت سائدة في خزنتنا من أجل خلال السنوات الأربع الماضية الآن ، أنت حر في التفاوض بشأن مشاركتك في النسبة المئوية كتعويض عن قبولك للشراكة معي في هذا الاتجاه وما فوق ، أعتزم استثمار حصتي في العقارات التي ستكون تحت إشرافك المباشر في بلدك انتظارًا لتقاعدي من الخدمة العمر في خدمة الثقة Inc. بموجب الآثار القانونية ، سيتم تسليم الصندوق إلى السلطات الحكومية في إسبانيا إذا لم تتم خدمته خلال الشهرين المقبلين. لدي كل التفاصيل حول كيفية القيام بذلك وسأشرح لك بالتفصيل شكراً لقبولك المتوقع. السيد إريك سميث;Phish Email - 64
65;"مجموعة المهندسين والعلوم  هل تبحث عن هدية فريدة من نوعها مثل أفضل صديق لك ، أحد أفراد أسرتك الذي يحب العلوم حقًا؟ هنا ، أفضل أفكار الهدايا - سواء كنت تتسوق لعيد ميلاد أو لعاطفة.
هذا هو المكان المثالي لك.
هذه نسخة محدودة الوقت وستتوفر فقط لمدة 4-10 أيام .
الشحن في جميع أنحاء العالم !!!
ضمان الخروج الآمن والآمن عبر: 
باي بال | فيزا | MASTERCARD
اطلب 2 أو أكثر ووفّر في الشحن! 
تم تصميمه وشحنه وطباعته بنسبة 100٪ في الولايات المتحدة الأمريكية.
إذا كنت لا ترغب في تلقي المزيد من رسائل البريد الإلكتروني انقر لالغاء الاشتراك";Phish Email - 65
66;"جميع خطط الحديقة خصم 50٪ على أول تطبيق
الربيع

هنا!
الخبرة المدفوعة بالعلم
متخصصون معتمدون من TruGreen® يصممون ويخصصون برامج معالجة العشب
طور الدكتوراه في التدريب لضمان أداء كل خدمة بالطريقة الصحيحة
الحصول على أسعار مجاني

ضمان Trugreen *
ستقوم TruGreen® بكل سرور بزيارة مكان الإقامة الخاص بك
حسب الحاجة بين الزيارات المجدولة لـ
 تأكد من رضاك.";Phish Email - 66
67;"(1) إخطار الأصول غير المطالب بها من أجل:
تاريخ
2022.03.01-05.24.26
اسم
بريد إلكتروني
يرجى تأكيد الإخطار بالضغط أدناه

انقر هنا لبدء عملية المطالبة
 
إذا كنت ترغب في إلغاء الاشتراك في الرسائل البريدية المستقبلية ، يرجى النقر هنا أو الكتابة إلى:
401 دبليو سوبريور سانت شيكاغو ، إلينوي 60654";Phish Email - 67
68;"ربما تمت إضافة عناصر سلبية تحديث السجل العام الخاص بك 5923302
ربما تمت إضافة عناصر جديدة في الثمانية وأربعين (48) ساعة الماضية بحيث يمكن للجميع الآن رؤيتها. قد يؤثر هذا على الوظائف والعلاقات المستقبلية والحالية وغير ذلك.

تعرف على ما يمكن لأي شخص آخر الوصول إليه الآن
انظر الآن>>
انقر فوق إلغاء الاشتراك لإيقاف تلقي رسائل البريد الإلكتروني التسويقية من TruthFinder Unsubscribe.

العنوان الفعلي للبريد الإلكتروني: TruthFinder 2534 State Street، Suite 473، San Diego، CA 92101 Instant Checkmate 3111 Camino Del Rio N Suite 400 San Diego، CA 92106";Phish Email - 68
69;"مرحباً مشترك
تم تجديد عضويتك السنوية في NORTON 360 TOTAL PROTECTION
وتم تحديثه بنجاح.
سينعكس المبلغ المخصوم في غضون 24 إلى 48 ساعة القادمة
ملفك الشخصي من الحساب.

معلومات المنتج:

رقم الفاتورة. تضمين التغريدة
اسم العنصر @ NORTON 360 TOTAL PROTECTION
تاريخ البدء @ 2022 Feb 07
تاريخ الانتهاء @ 1 عام من تاريخ البدء
المجموع الكلي @ 240.42 دولار أمريكي
طريقة الدفع @ الخصم من الحساب

إذا كنت ترغب في عدم الاستمرار في الاشتراك والمطالبة باسترداد الأموال بعد ذلك
لا تتردد في الاتصال بقسم الفواتير في أقرب وقت ممكن.
يمكنك الوصول إلينا على الرقم: +1 - (803) - (598) - 4473
يعتبر،
قسم الفواتير
SP";Phish Email - 69
70;"عزيزي الطالب، 
لقد حصلنا على اتصالك من خلال قاعدة بيانات مدرستك ويسعدني إبلاغك لك أن شركتنا ذات السمعة الطيبة Cisco Systems IncÂ® تدير حاليًا ملف برنامج تمكين الطلاب. هذا البرنامج هو للمساعدة المكرسة و يؤمن الطلاب المجتهدون وظيفة بدوام جزئي لا تردعهم من القيام بأي شيء آخر ، ما عليك سوى بضع ساعات للقيام بذلك أسبوعيًا و بأجور أسبوعية مغرية.

يرجى الرجوع بالبريد الإلكتروني مع عنوان بريدك الإلكتروني الشخصي إذا كنت مهتمًا بذلك وظيفه.

أطيب التحيات،

رون بيرسون
مدير / مستشار موارد بشرية
®Cisco Systems IncÂ";Phish Email - 70
71;"مرحبًا،

هل انت حاليا في الولايات المتحدة؟ هنا فرصة لك للعمل جزء مرة بعد الفصول واكسب 500 دولار أسبوعيا.

تتم المهمة بالكامل عبر الإنترنت ويمكن إكمالها في أي وقت في في المساء / الليل في المنزل ولن تأخذ الكثير من وقتك يوميًا ، فأنت لا تفعل ذلك يجب أن تكون متصلاً بالإنترنت طوال اليوم ولا تحتاج إلى أي مهارة مهنية للقيام بها الوظيفة ، كل ما تحتاجه هو الاتصال بالإنترنت قبل الذهاب للنوم للمضي قدمًا كل الطلبات في اليوم التي قدمها الوكلاء للمورد وقد انتهيت من ذلك اليوم.

لدينا 12 وكيلًا في الولايات المتحدة يعملون لصالح الشركة ،
يحتاجون إلى مواد مثل الملصقات والدباسات والمغلفات والملفات والطوابع
للقيام بعملهم اليومي. سيرسلون لك بريدًا إلكترونيًا متى احتاجوا إلى مواد
واذكر أيضًا نوع المواد التي يحتاجونها وكميتها
الآن واجبك في الاتصال بالمورد عبر البريد الإلكتروني لتقديم الطلبات
المواد وأيضًا تحديد الكمية التي يجب إرسالها بالبريد إلى
عنوان الوكيل من خلال البريد ، سيقوم المورد بعد ذلك بزيارة البريد إلى
أرسل المواد إلى الوكيل.

نحن شركة مقرها نيوزيلندا تقدم تسجيل الشركات
خدمات للعملاء في جميع أنحاء العالم.
سيطلب كل وكيل المواد مرة واحدة فقط في الأسبوع ، نحن كذلك
توظيفك فقط لتقليل عبء العمل علينا وموردينا ولأجل
الوكلاء.

إذا كنت لا تزال مهتمًا بمتابعة الوظيفة ، فارجع إلينا مع
المعلومات المدرجة أدناه ثم يمكننا المتابعة من هناك.

1 ، الاسم:
2 ، العنوان ، اسم الشارع ورقم المنزل ، وليس صندوق البريد:
3 ، المدينة:
4 ، الدولة:
5 ، الرمز البريدي:
6 ، جوال:

يجب أن تكون حاليًا في الولايات المتحدة والعنوان الذي تريده
تقدم لبدء العمل ، العنوان الذي نطلبه هو عنوانك الأسبوعي
500 دولار للشيك ليتم إرسالها بالبريد.

يمكنك تجربة الوظيفة أسبوعيًا ومعرفة ما إذا كان هذا هو ما يمكنك الاستمرار فيه
أم لا ، يمكنك أيضًا ترك الوظيفة في أي وقت بعد أسبوع ولكنك تحتاج إلى ذلك
يخطرنا قبل يوم واحد.

أنتظر أن أسمع منك في أسرع وقت ممكن إذا كنت تريد متابعة الوظيفة.

أطيب التحيات،

ليندا مور";Phish Email - 71
72;"مرحبًا! 

انا اسمي شفق .
موقع الويب الخاص بك أو موقع الويب الذي تستضيفه شركتك ينتهك a
صور محمية بحقوق الطبع والنشر مملوكة بنفسي.
ألق نظرة على هذا المستند الذي يحتوي على روابط لصوري التي استخدمتها في
website.berkeley.edu ومنشوراتي السابقة للحصول على دليل x000D_
حقوق النشر الخاصة بي.
قم بتنزيله الآن وتحقق من ذلك بنفسك: 
hxxps: //sites.google.com/view/a0hf49gj29g-i4jb48n5/drive/folders/shared/1/download؟ ID  308682351554855915
أعتقد أنك انتهكت حقوقي عن عمد بموجب 17 U.S.C. قسم_ x000d_
101 وما يليها. ويمكن أن تكون مسؤولة عن الأضرار القانونية التي تصل إلى_ x000D_
150000 دولار أمريكي على النحو المنصوص عليه في القسم 504 (ج) (2) من الألفية الرقمية_ x000d_
قانون حقوق النشر (""DMCA"") فيه.
هذه الرسالة إخطار رسمي. أسعى لإزالة 
المواد المخالفة المشار إليها أعلاه. يرجى أخذ ملاحظة كخدمة
مقدم الخدمة ، يتطلب منك قانون حقوق المؤلف للألفية الرقمية ، remove
أو تعطيل الوصول إلى المواد المخالفة عند استلام this
يلاحظ. إذا لم تتوقف عن استخدام حقوق الطبع والنشر المذكورة أعلاه.
مادية سيتم رفع دعوى قضائية ضدك.
لدي اقتناع حسن النية أن استخدام المواد المحمية بحقوق الطبع والنشر_ x000d_
الموصوفة أعلاه على أنها تمثل انتهاكًا مزعومًا غير مصرح بها من قِبل the
مالك حقوق النشر أو وكيله أو القانون.
أقسم ، وأتحمل عقوبة الحنث باليمين ، أن المعلومات الواردة في 
الإخطار دقيق وأنني مالك حقوق الطبع والنشر أو am
مخول بالتصرف نيابة عن مالك الحق الحصري الذي هو
المزعوم انتهاكه.

مع أطيب التحيات ، 
شفق شيان";Phish Email - 72
73;"سيتم تعليق الوصول إلى المتلقيberkeley.edu حسب استلم المشرف الطلب في 5/12/2021 11:21:48 مساءً. التوقيت العالمي.
إذا كنت ترغب في إلغاء هذا الطلب يمكنك المتابعة أدناه.
* الغاء الان
https://robichakraborty.com/the/update/XXXXXXX@security.berkeley.edu
أطيب التحيات،
security.berkeley.edu مكتب المساعدة مركز البريد";Phish Email - 73
74;أود أن تقدم على الفور اسمك وعنوانك بالكامل حتى يقوم المحامي بإعداد المستندات والإفادات اللازمة انقر على الرابط التالي;Phish Email - 74
75;جودة التوريد أبعاد الصين الحصرية بسعر لا يهزم.عزيزي سيدي ، يسعدنا أن نعلمك كواحدة من أكبر شركات التصدير والاستيراد في الصين - Wanlistone Group ، وتتخصص المجموعة والشركات التابعة لها في q  الشحن والمعالجة والمبيعات من البعد الحجر والبلاط والبلاط والأبعاد  منتجات الحجر sion لقطاع مواد البناء والأسواق المتخصصة  2E تتمركز عمليات المجموعة في شيامن ، جنوب الصين ، وهي بوابات الأعمال التجارية للتصدير والاستيراد في الصين حيث تمتلك Wanlistone و  تقوم بتشغيل رواسب مختلفة من الحجر الطبيعي بمساحة 6000 متر مربع عبر الدولة الإلكترونية. بالإضافة إلى المحاجر ، تمتلك Wanlistone مصنعًا مؤتمتًا بالكامل للتوقف عن معالجة الجرانيت والرخام والجرانيت. تقوم Wanlistone بتوريد الجرانيت في شكل كتل خام ، وبلاط الجرانيت والرخام و  شرائط ذات أبعاد مختلفة ، ومواد تذكارية ومنتجات متخصصة  على حد سواء أسواق التصدير المحلية ولكن بشكل أكثر تحديدًا. تمتلك المجموعة مجموعة كاملة من منتجات الحجر الطبيعي في الصين بما في ذلك اللون الوردي G636 و G617 و G635 و G663 واللون الأصفر و G682 و Dark G654 و Black G68 ;Phish Email - 75
76;علمت سوبي أن المبلغ الذي سيتم دفعه الآن هو 8.3 مليون دولار ، وسوف يتم دفع الباقي لاحقًا. نتوقع ردك العاجل على هذا البريد الإلكتروني لتمكيننا من مراقبة هذا payme  ntactively .. تهانينا. انتظار بقلق ردك. جيمس سي ويليام ، الأمم المتحدة ، صندوق النقد الوطني البريطاني (UNMF);Phish Email - 76
77;الدكتور سليمان عزيز الوزارة الاتحادية للموارد البترولية لاجوس نيجيريا. عناية: سيدي ، طلب المساعدة - سري للغاية أنا الدكتور سليمان عزيز ، محاسب في وزارة الموارد البترولية (MPR) وعضو في مجلس المناقصات المكون من ثلاثة رجال والمسؤول عن مراجعة العقود والموافقات على الدفع. تعرفت عليك في بحثي عن شخص موثوق به للتعامل مع معاملة سرية للغاية تتضمن تحويل مبلغ ضخم من المال إلى حساب أجنبي. قد يبدو غريباً ولكن تحلى بالصبر واستمر في القراءة. كانت هناك سلسلة من العقود التي نفذها كونسورتيوم;Phish Email - 77
78;سيدي العزيز ، أنا فتاة تبلغ من العمر 25 عامًا وأبحث عن فرصة استثمارية ، كنت عازمًا على استثمار مبلغ يصل إلى عشرين مليون دولار أمريكي  موروث من والدي المتأخر ، أنا من زيمبابوي ، لكنني أعيش في هولندا  (أوروبا) في الوقت الحالي لمزيد من المعلومات ، تواصل معي من خلال  هذا البريد الإلكتروني zuka2004@excite.com أفضل التحيات ;Phish Email - 78
79;أنتظر ردك العاجل. بصدق ، المهندس أديسون كريست  ياهو! هل حصلت على مطبوعات العيد؟ اطلع على جميع الطرق للحصول على مطبوعات عالية الجودة بين يديك في أسرع وقت ممكن.;Phish Email - 79
80;عملاؤنا معروفون مثل القاعدة وحزب الله والجهاد وحماس ومجموعة أبو سياف والعديد من الجماعات الإرهابية الأخرى. نحن مزودون معروفون في السوق ونتطلع إلى توسيع نطاق عملائنا بمساعدة الإنترنت. لا تتردد في الاتصال بنا عبر ICQ # 176928755 ، في انتظار طلباتك بفارغ الصبر ;Phish Email - 80
81;من مكتب السيد IRU DUNU إدوين مدير التدقيق والمحاسبة ، بنك إفريقيا (B.O.A)  UAGADOUGOU-BURKINA FASO ، صديقي العزيز ، أنا مدير التدقيق والمحاسبة في قسم التحويلات الخارجية في بنك إفريقيا (B.O.A) هنا في أوغادوغ ، بوركينا فاسو. اكتشفنا في إدارتي مبلغًا مهجورًا قيمته 12 مليون دولار أمريكي (اثنا عشر مليون دولار أمريكي) في حساب يخص أحد عملائنا الكرام (السيد أندرياس شرنر من ميونيخ ، ألمانيا) الذي توفي مع عائلته بأكملها في جولي 2000 في حادث تحطم طائرة لمزيد من المعلومات حول تحطم الطائرة لك;Phish Email - 81
82;اسمي موثر بولا إيج ، الابن البكر للمدعي العام المقتول  ورئيس قضاة نيجيريا ، الرئيس بولا إيج. لقد حصلت على جهة اتصالك في se  arch الخاص بي للحصول على شريك موثوق وجدير بالثقة يمكنني التعامل معه. أنا  أتصل بك في ضوء حقيقة أننا سنكون مساعدًا كبيرًا لبعضنا البعض. لدي اقتراح عمل سوف يفيد كلا منا. يمكنك الوصول إلي على هذا البريد الإلكتروني الخاص .. muthar1k @ yahoo.no;Phish Email - 82
83;رقم الهاتف + 229-40-35-48 البريد الإلكتروني للمكتب: projectag@latinmail.com سيدي العزيز ، تحيات اليوم ، اسمح لي أن أقدم نفسي لك. اسمي الدكتور أندرو غودسون ، أحد كبار المسؤولين الإداريين في المؤسسة المالية المذكورة أعلاه في كوتونو ، جمهورية بنين ، لقد تعرفت عليك في بحثي الخاص عن شخص / شركة موثوقة للتعامل مع مهمة مهمة نيابة عني وزملائي.;Phish Email - 83
84;"صديقي العزيز ، اسمي إدوارد مور ك. توفي خبير العقارات مؤخرًا ، تاركًا ثروة كبيرة باسمك باسم ""قريب من أقربائه"". اتصل بي على الفور عبر هاتفي المباشر: + 44-7045705184 أو من الأفضل أن ترسل لي بريدًا إلكترونيًا إلى عنوان بريدي الإلكتروني المباشر كما هو مذكور أدناه لاتخاذ إجراء فوري بشأن هذا يهمني البريد الإلكتروني: edward.moore20@yahoo.co.uk أتوقع ردك الفوري والاتصال ، واسمحوا لي أيضًا أن أحصل على هاتف مباشر وخطوط الهاتف المحمول حتى أتمكن من الاتصال بك أيضًا ، هذا الأمر يتطلب إجراءات عاجلة وأحثك على جعل ذلك ممكنًا. في انتظار ردكم Edward Moore Q.C الشريك الرئيسي Edward Moore & Associates الهاتف المباشر: + 44-7045705184";Phish Email - 84
85;هذا الأمر وأريد أيضًا أن أضمن لك أن شريكي وأنا في وضع أفضل لدفع هذه المطالبة ممكنًا شريطة أن تقدم لنا تأكيدًا قويًا للغاية وتضمن أن حصتنا ستكون مؤمنة ويرجى تذكر التعامل مع هذا الأمر على أنه سري للغاية مهم ، لأننا لن نفهم مع أي شكل من أشكال التعرض لأننا ما زلنا في خدمة حكومية نشطة ونتذكر مرة أخرى أن الوقت هو جوهر هذا العمل. أنتظر تحسبا لردك المبكر. تفضلوا بقبول فائق الاحترام ، ENGR. إيريك;Phish Email - 85
86;صديقي العزيز ، أنا السيدة مريم. أباتشا ، أرملة الجنرال ساني أباتشا رئيس الدولة النيجيري الراحل. أنا الآن في محنة وتحت الإقامة الجبرية بينما يخضع ابني محمد للمحاكمة في لاغوس وأبوجا على الرغم من أنه تم الإفراج عنه مؤخرًا بكفالة بشرط أن تعيد عائلتي للحكومة الفيدرالية مبلغًا من المال. جمدت الحكومة جميع حسابات العائلة وباعت جميع ممتلكاتنا بالمزاد. ارجع إلى هذا الموقع حول نهب زوجي وستفهم ما أعنيه http: /ews.bbc.co.uk/1/hi/world/africa/1935646.stm لإنقاذ الأسرة من الإفلاس التام ، أخطط للشحن من خلال شركة البريد السريع السرية ، بمبلغ US24 ، 000،000.00. احتفظ بها زوجي الراحل. تم تعبئة الأموال بعناية في صندوق الأمتعة وتم إيداعها لدى الشركة لديها مواد من الميراث والمجوهرات للتغلب على الأمن النيجيري.;Phish Email - 86
87;e شركتك  اسم  للتقدم للدفع وتأريخ منح العقد  العقد لصالح شركتك. نحن نتطلع إلى القيام بهذه المعاملة معك ونطلب أقصى درجات السرية في t  معاملته.  20 سأضعك في صورة أكثر تفصيلاً لهذه المعاملة عندما أكون منك. يرجى الاتصال إما من خلال عنوان بريدي الإلكتروني أعلاه أ;Phish Email - 87
88;سرية شكرا وبارك الله فيكم أفضل بريجيت لوزا (السيدة) للعائلة  -هل ياهو!؟ ياهو! Platinum - شاهد NCAA March Madness على CBS ، مباشرة على سطح المكتب الخاص بك!;Phish Email - 88
89;> إنها خالية من المخاطر على شخصيتك من خلال ضمان ومساعدة المحامي الخاص بي.  هل أنت ياهو؟> Yahoo! البريد - أسهل من أي وقت مضى بفضل البحث المحسّن. يتعلم أكثر. >>   تتم رعاية البريد الإلكتروني لـ SF بواسطة - دليل منتج تكنولوجيا المعلومات اقرأ المراجعات الصريحة والصريحة على مئات من منتجات تكنولوجيا المعلومات من مستخدمين حقيقيين. اكتشف المنتجات التي ترقى حقًا إلى الضجيج. ابدأ القراءة الآن. ;Phish Email - 89
90;سأقدم لك بعض التفاصيل عن نفسي. ان ردك الفوري سيتم تقديره بشكل عالي. تواصل معي على عنوان البريد الإلكتروني أدناه albert03odili@yahoo.co.uk مع أطيب التحيات. السيد ألبرت أوديلي. - ألبرت أوديلي;Phish Email - 90
91;1. قناعتنا بالشفافية عن الصدق والاجتهاد. 2. أن تتعامل مع هذه الصفقة بمنتهى السرية والسرية بسبب الظروف التي نجد أنفسنا فيها الآن. 3. أن يتم تحويل الأموال إلى حساب لديك سيطرة مطلقة عليه. تم وضع الإجراءات على أعلى مستوى من رئاسة البنك المركزي النيجيري للتحويل الفوري للأموال في غضون 14 يوم عمل ، رهنا برضاك عن الشروط المذكورة أعلاه. نؤكد أن دورك خالٍ من المخاطر بنسبة 100٪. لمنح هذه المعاملة والشرعية التي تستحقها وللحصول على الأمن المتبادل للأطراف المعنية والصناديق ، ستتم معالجة إجراءات الموافقة بالكامل رسميًا وقانونيًا باسمك أو اسم شركتك التي قد ترشحها كمستفيد حسن الحظ. كن على علم أيضًا أن السبب الرئيسي للاتصال بك هو لسبب واضح أننا نريد استثمار هذه الأموال في العقارات. نعتقد أنه يمكنك تقديم مساعدة قليلة في هذا الصدد. يرجى تسريع الإجراء حتى نتمكن من تضمين هذه المعاملة في هذه الدفعة حيث يتم عادةً الدفع للمقاولين الأجانب في;Phish Email - 91
92;فوق. إذا لم يتم إخبارنا أيضًا ، وذلك لتمكيننا من الوقت الكافي للبحث عن شريك أجنبي آخر موثوق به أو عدم المساعدة في تنفيذ هذه المعاملة ، وأؤكد لك أن شركائي وأنا في وضع يسمح لنا بدفع هذه المطالبة ممكنًا بشرط أن تتمكن من إعطائها لدينا تأكيد قوي للغاية وضمان أن حصتنا ستؤمن ويرجى دائمًا أن نتذكر التعامل مع هذا الأمر بأقصى قدر من السرية ، حيث إن أي شكل من أشكال الانكشاف من شأنه أن يهدد مناصبنا في هذه الحكومة ، كوننا موظفين مدنيين حكوميين نشطين. مرة أخرى ، تذكر أن للوقت أهمية كبيرة في هذه المعاملة. أنتظر تحسبا لتعاونك الكامل. تفضلوا بقبول فائق الاحترام ، السيد كريس أوجيمونيي ;Phish Email - 92
93;سوف يرشحك ببساطة ليكون أقرب الأقارب ويطلب منهم تحرير الوديعة لك. كنت سأستمر في طلب الإفراج عن الأموال ، لكن ذلك كان من شأنه أن يرسم خطاً مستقيماً في مشاركتي في المطالبة بالإيداع ، وأؤكد لكم أنه يمكنني تحرير الوديعة لكم في غضون الأسابيع المقبلة. سأقوم ببساطة بإبلاغ البنك بالإغلاق النهائي للملف الخاص بالعميل المتأخر ، ثم سأتواصل رسميًا مع البنك الذي أتعامل معه وأطلب منهم تحرير الإيداع إلى;Phish Email - 93
94;بالنسبة لك ، سيتم استخدام 70٪ بالنسبة لي و 5٪ المتبقية لسداد أي مصاريف قد يتم تكبدها على هذه العملية مثل فاتورة الهاتف. مرة أخرى أريد أن أؤكد لكم أن هذه الشركة خالية من المخاطر ، يجب ألا تخافوا لأن لدي كل بيانات حول هذا المال ولكن يجب عليك الاحتفاظ بكل شيء بشكل سري. ومرة أخرى ، أرغب في استثمار حصتي الخاصة في بلدك ، فأنا أحب العقارات أو الأعمال الفندقية ، لذا لا أعرف كيف توجد هذه الأعمال في بلدك؟;Phish Email - 94
95;قم بالرد هنا ، من فضلك لسهولة الوصول: راجع موقع الويب أدناه لتتمكن من فهم موقفنا الآن http://www.rtici.tv/photo1.htm;Phish Email - 95
96;رقم الهاتف {44-879292806} اتصال عاجل جدًا . يجب أن يكون لديك هذا كإشعار ، أنه بعد نجاح هذه المعاملة ، ستحصل على 25٪ (أي 3،750،000.00 جنيه إسترليني) حيث تنتظر مشاركتك باقي الأموال التواجد في بلدك تم إرسال هذا البريد الإلكتروني بواسطة;Phish Email - 96
97;من السيد إيريك كوشى. معتقدين أنك لن تخذلني أبدًا سواء الآن أو في المستقبل. أنا السيد. إيريك كوشي. المدقق العام في أحد البنوك الرئيسية في جمهورية بنين. هناك بعض الأموال المتبقية في هذا البنك منذ 1999 ولم يطالب بها أحد. بعد مراجعة بعض الملفات القديمة في السجلات ، اكتشفت;Phish Email - 97
98;تقف على أنها المستفيد من المبلغ المقتبس أعلاه وسأعيد تشكيل الأموال مع اسمك، مما سيمكن البنك الأوروبي من تحويل المبلغ إلى انت. أنا قررت استخدام هذا المجموع للانتقال إلى القارة الأمريكية وأبدا للتواصل مع أي من تكتلات ميخائيل خودوركوفسكي أكد استعدادك لإتمام معاملة معي ، سأقدم لك التفاصيل. شكرًا جزيلاً كثيرًا ;Phish Email - 98
99;مرحبًا ، أنا ابن وزير سابق مباشر لدولة أفريقية تمت إزالته من منصبه بسبب 214 مليون دولار أمريكي تم الإعلان عنها عندما كان عضوًا في مخطط بطاقة الهوية الوطنية في تلك الدولة. لجنة الجرائم الأخرى ذات الصلة (ICPC) التي تم فيها تجميد معظم حساباته الشخصية داخل وخارج الدولة ، وأنا أستخدم هذه الوسيلة للحصول على قدر كبير من المال المودع في شركة أمنية في أوروبا ، اعتبارًا من تاريخ هذه الأموال. بناءً على ذلك ، يتعين عليك المساعدة في تحويل الأموال إلى حساباتك الشخصية حيث سنقوم باستثمار الأموال في عمل تجاري مشروع حتى لا يمكن تتبعها إلى والدي ، إذا كنت على استعداد للمساعدة ، فسيكون لديك 20 ٪ من المبلغ الأولي وبعده 20٪ من أي استثمار نذهب إليه. لا أحتاج إلى توضيح أهمية الحاجة إلى السرية بالنظر إلى الطبيعة المتقلبة للمسألة والأطراف المعنية. نفترض أنه سيتم التنصت على معظم خطوط الهاتف والفاكس لدينا ، إذا كنت على استعداد للمساعدة ، فيجب عليك إدراج هاتفك والفاكس. رقم حتى أتمكن من الاتصال بك ، هذا مهم لأنه سيتعين علينا أن نتحدث عن طرائق النقل. الوقت مهم جدًا في هذا الأمر ، لذا إذا لم أسمع منك خلال الأيام الثلاثة المقبلة ، فسأفهم أنك غير مهتم و سوف يطلب شريك جديد ، في انتظار أن يسمع منك أولديميجي أفولابي;Phish Email - 99
100;صديقي العزيز ، اسمي الدكتور بن مبوي ، مواطن أوغندي. كنت السكرتير الدائم مسؤول الدفاع والمحاسبة في أوغندا. أحد أسباب الاتصال بك هو مشاركة فرحتي معك بأنني قد تم تبرئتي وتبرئتي من قبل  القاضي Julie Sebuntinde من التحقيق الذي يتضمن ثلاثة خردة Chopper مروحية تم شراؤها من روسيا. السبب الثاني هو أن أسألك عن إمكانية الاستثمار في بلدك الذي أعتقد أنه يمكننا الشروع فيه  معًا ، نظرًا للحملة القوية التي شنها الرئيس يويري موسيفيني لإخضاع المتمردين  قوات جوزيف كوني في بلدي ، كان التوجيه أعطيت في عام 1997 للحاجة  لشراء بعض الأسلحة والذخائر الجديدة في الخارج ، والتي تشمل 3 MI-24  مروحية مروحية حربية ذات رؤية ليلية وأجهزة مضادة للصواريخ  من روسيا. عندما أنهى رؤسائي في السلطة التفاوض على المشتريات ، قيل لي أن أعد  93 عقدًا  94 لشراء طائرات الهليكوبتر ، وهو ما قمت به بصفتي وزير الدفاع الدائم وموظف محاسبة. سوف يدهشك أن تسمع أنه بعد قيام الموردين البيلاروسيين بتسليم ثلاث طائرات هليكوبتر من طراز MI-24 إلى أوغندا ، تم إجراء التفتيش واكتشفت أن المروحيات الثلاث من طراز MI-24 كانت سفن الينك. كشف مزيد من التحقيق أن اللفتنانت جنرال سليم صالح  الأخ الأصغر للرئيس ومساعده (السيد رويوندو) تواطأ  مع الشركة الروسية لتزويد مروحية خارج الخدمة تقريبًا  (سفن الينك) ولم يتم إصلاحها لتحقيق مكاسب مالية أنانية. عندما حققت سعادة القاضية جولي سيبونتيندي في القضية ، تم إصدار تقرير  يفيد بأن رئيس الخدمات اللوجستية والهندسة ، وزير الدولة ;Phish Email - 100
101;اقتراح الأعمال سيدي العزيز / سيدتي ، اسمي الدكتور آدامز أوبوزوا ، عضو فريق العمل الرئاسي المعني بتنظيف الانسكاب النفطي. في أوائل العام الماضي ، كان هناك تسرب نفطي كبير في منطقة دلتا النيجر في نيجيريا مما أدى إلى تشريد أكثر من 70٪ من المجتمعات ، وقد تم التعامل مع العقد من قبل شركة أجنبية ولكن بسبب الأرباح النقدية الهائلة التي توقعناها قررنا تجاوز فاتورة قيمة العقد. الآن تم الانتهاء من العقد ودفع المقاول الأصلي منذ ذلك الحين ، ولكن رصيد العقد البالغ 38 مليون دولار أمريكي ، والذي نتج عن مبلغ العقد الذي تم تجاوز فواتيره والذي تم تركه في حساب معلق لدى لجنة تسوية الديون ، وهي شركة فرعية تابعة للمرفق. البنك ، هو ما أخطط أنا وشركائي لإخراجه من البلاد لأنفسنا ، المشكلة هي كمسؤولين حكوميين ، لا نفترض أن نمتلك حسابات بنكية كبيرة ، ولا نتحدث عن امتلاك حسابات أجنبية ، ولهذه الغاية ، نحن نلتمس مساعدتك كشريك أجنبي يمكنه مساعدتنا واستلام هذا المبلغ في حسابك. نحن على استعداد لمشاركة هذه الأموال معك على أساس المشاركة. لدينا أيضًا خطط لاستثمار جزء من هذه الأموال في أي عمل تجاري قابل للاستمرار في بلدك تحت رعايتك ، حيث نقترب من سن التقاعد. على أي حال ، تلقيت مرجعًا منك / منظمًا من غرف التجارة والصناعة النيجيرية  91 قسم التجارة الخارجية  92 كجهاز ذي سمعة طيبة يمكنه مساعدتنا في هذه الصفقة. من فضلك إذا قبلت بي;Phish Email - 101
102;تنبيه صديقي العزيز ، مطالبة الميراث الخاصة بك ، هذا هو إبلاغك بأن مطالبتك المتعلقة بالتعويض عن الإرث لدى أحد البنوك التجارية سيتم إصدارها ، عبر خدمة التحويل (KTT) التي تم اختبارها من خلال مفتاح التحويل (KTT) إلى أوروبا. لاحظ أنه يجب أن تبدأ قضية من هذا الهيكل باجتماع رسمي ، ولكن بسبب عامل الوقت والحاجة الملحة التي تتطلبها هذه المسألة ، يرجى تحمل معي لإجراء الاتصال الأولي من خلال البريد الإلكتروني السريع. رقم 3028882234 جاء إلى مكتبي قبل أيام قليلة بخطاب ، يطالب بأن يكون الممثل الحقيقي لك.;Phish Email - 102
103;ممثل الشركة عاجل. سيدي العزيز / سيدتي ، أنا السيد تشيونج بوي ، العضو المنتدب لشركة الصين الوطنية للؤلؤ والمجوهرات (CNPDGJ). نحن مجموعة من رجال الأعمال الذين يتعاملون في تصدير الأحجار الكريمة والمجوهرات واللؤلؤ إلى كندا / أمريكا / آسيا / جنوب إفريقيا وأوروبا. نحن نبحث عن ممثلين يمكنهم مساعدتنا في إنشاء وسيلة للوصول إلى عملائنا في كندا / أمريكا / آسيا / جنوب إفريقيا وأوروبا بالإضافة إلى إجراء مدفوعات من خلالك إلينا وكسب 10٪ من كل دفعة يتم سدادها من خلالك. من فضلك إذا كنت أنت أو شركتك مهتمين بأن تكون ممثلنا ، سنكون سعداء. يرجى الاتصال بنا للحصول على مزيد من المعلومات ، رهنا برضاك ، ستتاح لك الفرصة للتفاوض على طريقتك التي سندفع مقابل خدماتك كممثل لنا في كندا / أمريكا وأوروبا.;Phish Email - 103
104;سيدي العزيز اسمي محمد حامد انا من العراق. كان ابن عمي ضابطا كبيرا في حكومة صدام حسين السابقة. قبل بداية الحرب أعطاني 75.000.000.00 (خمسة وسبعون مليون دولار أمريكي) لأحتفظ بها له ، وتمكنت من نقل الصندوق الذي يحتوي على الأموال خارج العراق من خلال الحصانة الدبلوماسية لشركة أمن في لندن ، المملكة المتحدة والصندوق هو تم إيداعه ككنز عائلي لأسباب أمنية. الآن بعد انتهاء الحرب ، أريد أن أنقل الأموال إلى بلدك لأسباب تتعلق بالسلامة. كن مطمئنًا إلى أن هذه المعاملة خالية من المخاطر حيث لا يوجد شخص على علم بهذه الأموال. سيتم تعويضك بنسبة 25٪ من المبلغ الإجمالي ، إذا كان بإمكانك المساعدة. نتوقع ردكم العاجل عبر mohammed@fsmail.net. بأمانة يا محمد.;Phish Email - 104
105;أمريكي ، أنا أخدم في الجيش من الفرقة المسلحة الأولى F3n في العراق ، كما تعلمون ، نتعرض للهجوم من قبل المتمردين اليوميين والسيارات المفخخة.  تمكنا من نقل الأموال العائدة لعائلة صدام حسين.  المبلغ الإجمالي هو 7.2 مليون دولار أمريكي د  F3lars نقدًا ، على جميع سندات 100 d  F3lar.  نريد تحويل هذه الأموال إليك ، حتى تتمكن من استثمارها من أجلنا والاحتفاظ بحصتنا من أجل الخدمات المصرفية ، وسنأخذ 60٪ أنا وشريكي. تأخذ الـ 40٪ الباقية. لا شروط مرتبطة ، فقط ay  القوات المسلحة اللبنانية نخرجها من العراق ، العراق منطقة حرب. نخطط لاستخدام ساعي دبلوماسي  E1tic وإرسال الأموال في صندوق فضي كبير ، باستخدام الحصانة الدبلوماسية  E1tic. إذا كنت مهتمًا ، فسأرسل لك التفاصيل الكاملة  E9 ، وظيفتي هي  E1 للعثور على شريك جيد يمكننا الوثوق به ومساعدتنا  E1.  BFC هل أثق بك؟  عندما تتلقى هذا الخطاب ، يرجى إرسال بريد إلكتروني لي يعني اهتمامك بـ   E9s بما في ذلك هاتفك السري m  E1s n  أرقام الفاكس لـ  F3n r  E1 fast communication أيضًا  E9n تفاصيل الاتصال الخاصة بك . هذا العمل;Phish Email - 105
106;من فضلكم ، اتصلوا بي الآن بالسيد نوسا ، رغم أن هذا ليس اسمي الكامل. سأعطيك اسمي الكامل لاحقًا ، أنا الآن في مخبأ في جمهورية بنين ، وهي دولة في غرب إفريقيا. لدي مبلغ كبير من المال للاستثمار ، والمال بملايين الدولارات الأمريكية. لا يمكنني التحرك بحرية الآن لأسباب سأشرحها لك لاحقًا. أحتاج إلى مساعدتك بشكل عاجل من أجل الحفاظ على هذه الأموال بشكل آمن واستثمارها في بلدك. أنت أحد جهات اتصال البريد الإلكتروني الثلاثة التي قدمها لي مشغل مقهى الإنترنت بناءً على طلبي للحصول على جهة اتصال أجنبية. لم تخبرني باسمك أو بلدك الأصلي. على الرغم من أنني لم أخبر لماذا أحتاج إلى الاتصال بأي أجنبي. نظرًا للطبيعة العاجلة والسرية لهذا العمل ، يُنصح بالحفاظ على سرية كل شيء في الوقت الحالي. إذا كنت مهتمًا بالقيام بهذا العمل معي ، فيرجى الرد فورًا على عنوان بريدي الإلكتروني. بعد ذلك ، سأرسل لك جميع التفاصيل التي يمكن التحقق منها حول;Phish Email - 106
107;من السيدة سوزانا نوهان فايليبيريا - غرب إفريقيا صديقي العزيز ، عائلة نائب وزير الأشغال العامة السابق ، السيد إيزاك نوهان فاي من ليبيريا في غرب إفريقيا لديها فائض في الأموال للاستثمار بثقة تامة من ميراثنا. يرجى الاتصال بنا لمزيد من المعلومات التفصيلية حول طبيعة / سبب المساعدة ، وأمن المعاملة ونسبة المشاركة. قم بتضمين رقم الهاتف / الفاكس الخاص بك للحصول على سرية أفضل ، إذا كنت مهتمًا بعلاقة العمل العاجلة هذه ، فيرجى الرد علي من خلال عنوان بريدي الإلكتروني الآمن ( snuhanvaye@aim.com) لمزيد من التفاصيل ، أنتظر ردك العاجل ، مخلصًا لك السيدة سوزانا نوهان فاي (أرملة) السيد كريستوفر نوهان فاي (الابن);Phish Email - 107
108;التدقيق ، اكتشفنا أن بعض المسؤولين الحكوميين أنشأوا شركات وأصدروا لأنفسهم عقودًا تمت فوترتها بشكل كبير في العديد من الوزارات ، كما حددنا الكثير من صناديق العقود المتضخمة التي يتم إيداعها حاليًا في APEX BANK لدينا هنا في أكرا. ومع ذلك ، بحكم مناصبنا كموظفين مدنيين وأعضاء في اللجنة ، لا يمكننا الحصول على هذه الأموال بأسمائنا ، لذلك فقد تم تفويضي على سبيل الثقة من قبل زملائي في اللجنة للبحث عن شريك (شركاء) في الخارج في حسابنا ستحول المبلغ الإجمالي البالغ 35.500.000.00 دولارًا أمريكيًا [ثلاثون;Phish Email - 108
109;"كان الرئيس الملكي لمجتمعي ، إليم (مدينة غنية بالنفط) في نيجيريا. ينتج مجتمعي 5.8٪ من إجمالي إنتاج النفط الخام في نيجيريا و 0.5٪ من قيمة الدولار لكل برميل يتم دفعها لوالدي كإتاوة من الحكومة الفيدرالية. كان والدي أيضًا رئيسًا لصندوق ائتمان النفط الخاص ELEME. في منصبه كرئيس ملكي ورئيس مجلس إدارة صندوق ائتمان النفط ، جنى بعض المال الذي تركه لي بصفتي الوريث الوحيد الذي ورثته ، والمال هو FIVEMillion وخمسمائة ألف دولار أمريكي (5.5 مليون دولار). نشأت هذه الأموال من الإتاوات المتراكمة بين عامي 1976-1998. بسبب ضعف النظام المصرفي في نيجيريا وعدم الاستقرار السياسي نتيجة للقواعد العسكرية السابقة (1985-1999) ، قام بإيداع هذه الأموال في VAULTS ""مع مستفيد مفتوح لشركة أمنية معلقة عندما ينتهي من الترتيبات للحصول على مساعدة في الخارج. هو كان يخطط لهذا عندما توفي فجأة أواخر العام الماضي من نوبة قلبية.";Phish Email - 109
110;صديقي العزيز ، خطاب للحصول على مساعدة عاجلة بشأن تحويل الأموال أولاً ، يجب أن ألتمس ثقتك التامة في هذه المعاملة بحكم طبيعتها باعتبارها سرية تمامًا وسرية تامة. لمقاضاة صفقة كبيرة الحجم تنطوي على إتمام صفقة تجارية تتطلب أقصى قدر من الثقة. نحن كبار المسؤولين في الوزارة الاتحادية للحكومة المحلية والتنمية الريفية أكرا - غانا ، نحن مهتمون بالاستثمارات في بلدك بأموال محاصرة حاليًا هنا في غانا في بلدان أخرى لبدء هذا العمل ، نطلب مساعدتنا لتمكيننا من تحويل الأموال المذكورة إلى حسابك.;Phish Email - 110
111;"رقم الهاتف {44-879292806} اتصال عاجل جدًا .PS ؛ يجب أن يكون لديك هذا كإشعار ، أنه بعد نجاح هذه المعاملة ، ستحصل على 25٪ (أي 3،750،000.00 جنيه إسترليني) حيث تنتظر مشاركتك باقي الأموال التواجد في بلدك. تم إرسال هذا البريد الإلكتروني بواسطة Direccion.com 2.0";Phish Email - 111
112;الرئيس / المدير الإداري سيدي العزيز / سيدتي ، طلب علاقة عمل عاجلة نحن كبار المسؤولين في لجنة مراجعة العقود التابعة للحكومة الفيدرالية لنيجيريا المهتمين باستيراد البضائع إلى بلدنا والاستثمار في الخارج بأموال محاصرة حاليًا في نيجيريا. من أجل بدء هذا العمل ، نطلب مساعدتك ومعرفتك وخبرتك لتمكيننا من تلقي الأموال المحاصرة المذكورة في الخارج ، من أجل الشراء والمخزون اللاحق للبضائع المراد استيرادها والاستثمار في الخارج.;Phish Email - 112
113;من مكتب الدكتور أمان لازار لقسم التدقيق في بنك إفريقيا. أبيدجان - كوت ديفوار. انتباه عاجل ، لدي اقتراح لك ، ولكن هذا ليس إلزاميًا ولن أجبرك بأي شكل من الأشكال على احترامه رغماً عنك. أنا الدكتور أمان لازار ، وأعمل مع أحد البنوك (أحد البنوك الأفريقية الرائدة في الساحل الغربي). يوجد هنا هذا البنك حساب خامل على مدار السنوات الثماني الماضية والذي ينتمي إلى مواطن أمريكي هو الآن السيد موريس طومسون الذي توفي في رحلة خطوط ألاسكا رقم 261. http://archives.cnn.com/2000/US/02/01/alaska .airlines.list /;Phish Email - 113
114;أخيرًا ، يُنصح بموجبه بالإشارة إلى هذا المكتب الموقر مع التأثير الفوري ، إذا كنت الشخص الذي أصدر تعليمات للسيد جون تساي  o تعال للمطالبة بهذه الأموال ، لتمكينني من المصادقة على الدفع النهائي أمر الموافقة نيابة عنه. يجب عليك الاتصال برقم الهاتف من أجل  المزيد من التوضيحات.  20 ننتظر أن نسمع منك قريبًا ، وكن مطمئنًا إلى خدمتنا المهنية . قم بحماية أموالك من خلال الرد على عنوان البريد الإلكتروني هذا للحصول على سبب مؤكد حتى لا يستحوذ جون تساي على أموالك.البروفيسور تشارلز.;Phish Email - 114
115;تحتوي هذه الرسالة على معلومات سرية وهي مخصصة فقط للمرسل إليه المحدد. إذا لم تكن المرسل إليه المسمى ، فلا يجب عليك توزيع هذا البريد الإلكتروني أو نسخه. لذلك لا يقبل المرسل liab  ility عن أي أخطاء أو سهو في محتويات هذه الرسالة ، والذي ينشأ نتيجة إرسال البريد الإلكتروني. يرجى ملاحظة أننا نحتفظ بالحق  في مراقبة وقراءة أي رسائل بريد إلكتروني يتم إرسالها واستلامها بموجب لوائح Telecommunicat  أيونات (الممارسات التجارية القانونية) (اعتراض الاتصالات) لعام 2000.;Phish Email - 115
116;ontact Barrister Samuel Isetun الذي سيقف في المقدمة نيابة عنك في هذا الأمر حتى يتمكن من المضي قدمًا إلى المحكمة الفيدرالية العليا لبدء  عملية تأمين جميع المستندات القانونية التي يجب استخدامها لعمل نسخة احتياطية  هذه المطالبات.  20 من فضلك أود إخبارك بأنني سأتحمل المسؤولية الكاملة  أي رسوم في هذه المعاملة حتى لا تضطر إلى إنفاق أي شيء. كل ما في الأمر هو مساعدتك للوقوف كأقرب أقرباء لعميلي الراحل بحيث يمكن تحويل mon  ey إلى حسابك بصفتك المستفيد. هيوستن جيه شوتان.;Phish Email - 116
117;أرسل لي أيضًا رقم هاتفك السري ورقم الفاكس ، حيث نتوقع ألا تستغرق المعاملة أكثر من عشرة أيام عمل. سنناقش نسبة المشاركة والطرائق الأخرى عندما أحصل على ردك. يرجى ملاحظة أن هذه المعاملة يجب أن تكون سرية للغاية.;Phish Email - 117
118;إذا كان هذا الاقتراح يلبي احتياجاتك ، فقد قررنا أن نمنحك نسبة مئوية قابلة للتفاوض من إجمالي المبلغ، على أمل أن يكون ذلك مرضيًا. الرجاء إرسال ما يلي مع إجابتك: رقم هاتف وفاكس سري / خاص اسم وعنوان جهة الاتصال ، شكرًا لك على الاستجابة العاجلة التي طال انتظارها.;Phish Email - 118
119;عزيزي  2CI ، أتمنى أن يلتقيك هذا البريد بصحة جيدة وروح جيدة  2C أنا  2C William Bright  2C A Sierra Leonia  2E حاليًا  2C أعيش كلاجئ في جمهورية السنغال داكار  2C مع أختي الصغرى  2C كلاريس  2E أنا ضحية حرب وابن الرئيس الراحل الدكتور  2ES  2EIKUEZE مساعد المدير السابق لمؤسسة تعدين الذهب والماس في سيراليون  2E قُتل والدي مع مسؤولين حكوميين آخرين خلال الساعات الرسمية عندما اقتحمت القوات المتمردة وداهموا مكتب مؤسسة التعدين في خضم الأزمة في بلدي  2E بعد أسابيع قليلة  2C كما اقتحم المتمردون بناياتنا السكنية حيث قُتلت والدتي واثنان من رجال الأمن لدينا في المجمع أثناء خروجي برنامج بحث خاص وأختي الصغرى كانت في المدرسة  2E تعرضت لصدمة وصدمة مفردة  2C مما أجبرنا على الفرار من البلاد إلى جمهورية السنغال داكار بمساعدة عقيد بالجيش  2C وهو صديق مقرب من والدي الراحل  2C لدي الدرجة الأولى n التسويق وكنت سأحصل على مزيد من تعليمي إذا لم يكن الأمر يتعلق بوفاة والداي  2E لم أعمل أبدًا لكسب لقمة العيش منذ أن كان والداي المتأخران يمتلكان ثروة كافية لنا  2E أنا أتصل بك الآن بسبب الصعوبة الحالية التي أواجهها  2E للأسف ، تم تجميد حسابي والدي في غرب إفريقيا مؤخرًا  2E ومع ذلك لم يؤثر ذلك على عشرين مليون وستمائة ألف دولار  28 دولارًا أمريكيًا 20  2C600  2C000  29  2C الذي احتفظ به في شركة أمنية في السنغال dakar  2E في الوقت الحالي  2C لدي كل المعلومات والمستندات اللازمة لتخليص الأموال في شركة الأمن هنا في السنغال داكار وأريدك أن تتصرف بصفتك المستفيد من الصندوق لتحويل سهل وسلس إلى حسابك في الخارج لأغراض الاستثمار  2E لن تشك في أن يتم تعويضك بشكل كافٍ وكذلك نسبة الربح من استثمار الصندوق  2E كما سترى أن أختي وأنا أذهب إلى بلدك في أقرب وقت ممكن  2E أنا ماكين g هذا الطلب إليك بالدموع في عيني وأشعر أن الله سبحانه وتعالى سوف يلمسك بروحه للاستماع إلى صرخي للمساعدة والإجابة لي دون تأخير  2E لأن العائل لم يعد موجودًا وهذا هو الأمل الوحيد للحياة  2E ستعطيني ردك الإيجابي أعظم الفرح والإغاثة  2E بارك الله فيك على مساعدتك الطيبة ، لقد اتفقنا على أن نقدم لك 20٪ من المبلغ الإجمالي  2E في انتظار ردك العاجل بجدية  2E مع أطيب التحيات  2EPLZZ هاتفك رقم ورقم الفاكس الخاص بك  2C MR  2EWILLIAM  2EB  2EIKUEZE اتصل بي باستخدام ADDERSS E-MAIL ADDERSS  3ABright  5Fwilliam2005  40walla  2Ecom;Phish Email - 119
120;سيدي العزيز ، شكرًا لك على طلبك عبر الإنترنت للحصول على حساب تجاري مع Wells Fargo. نحن نقدر اهتمامك بالخدمات المصرفية معنا. من أجل فتح حساب تجاري ، يجب أن نتلقى معلومات ائتمانية محددة يمكن التحقق منها. نظرًا لعدم وجود مواقع لـ Wells Fargo في ولايتك ، لا يمكننا تأكيد معلومات الائتمان في طلبك. وبالتالي ، يؤسفنا أن نقول إنه لا يمكننا فتح حساب لعملك في هذا الوقت. مرفق به تطبيق Wells Fargo الخاص بك وملف الضمان الاجتماعي الخاص بك ، مع خالص التقدير ، مركز موارد الأعمال Sherli Chin خدمات Wells Fargo Bank;Phish Email - 120
121;"مرحباً ، هذا فاسيل نانتشيف. أردت فقط إخباركم بشيء حساس للوقت حقًا. لأول مرة منذ 20 عامًا ، ستشهد أمريكا إطلاق صحيفة وطنية جديدة. ï¿½ سيتم إطلاق ""THE USA TIMES"" في يناير. 1 2004 ، والترويج هو الآن. يمكنك الانضمام مجانًا وإحضار أعضاء آخرين إلى البرنامج للحصول على دخل متبقي كبير مدى الحياة. إنهم يروجون لها من خلال الامتيازات والرهون البحرية ويدفعون على 5 مستويات. هذا سيجمع الكثير والأشخاص الذين يتصرفون الآن سيكسبون الكثير من المال في السنوات القادمة. لا تضيع الوقت والاشتراك في http://www.newsbucks.com/index.php؟ id  49641 بمجرد التسجيل (مجانًا) ، ما عليك سوى الاتصال بي وسأخبرك عن كيفية جذب أشخاص آخرين للانضمام إلى البرنامج. إذا قام 10 أشخاص فقط (من الممكن أن يكونوا أصدقاءك أو أفراد عائلتك أو زملائك في العمل) بالاشتراك معك ، يمكنك جني آلاف الدولارات كل شهر دون القيام بأي عمل. انها حقيقة! أنا متحمس حقًا وأنا متأكد من أنك ستكون أيضًا بعد قراءة التفاصيل الكاملة إليك الرابط مرة أخرى ...";Phish Email - 121
122;P.G. كروس آند سوليسيترزبيرلينجتون هاوس ، كروسبي رود وست ووترلو ، ليفربول L4 0PJ ، إنجلترا. إخطار الطلب نيابة عن الأمناء والمنفذين لممتلكات LateEngr. كذلك كلاين ، أحاول مرة أخرى إخطارك لأن الرسالة السابقة لم يتم تسليمها. أواخر المهندس. كما ترك كلاين مبلغ سبعة ملايين وخمسمائة ألف دولار أمريكي (7500.000.00 دولار أمريكي) لك في الكودسيل وآخر وصية على إرادته. قد يبدو هذا غير معقول بالنسبة لك ، لكنه صحيح.;Phish Email - 122
123;"صديقي العزيز ، اسمي إدوارد مور ك. توفي خبير العقارات مؤخرًا ، تاركًا ثروة كبيرة باسمك باسم ""قريب من أقربائه"". اتصل بي على الفور عبر هاتفي المباشر: + 44-7045705184 أو من الأفضل أن ترسل لي بريدًا إلكترونيًا إلى عنوان بريدي الإلكتروني المباشر كما هو مذكور أدناه لاتخاذ إجراء فوري بشأن هذا يهمني البريد الإلكتروني: edward.moore20@yahoo.co.uk أتوقع ردك الفوري والاتصال ، واسمحوا لي أيضًا أن أحصل على هاتف مباشر وخطوط الهاتف المحمول حتى أتمكن من الاتصال بك أيضًا ، هذا الأمر يتطلب إجراءات عاجلة وأحثك على جعل ذلك ممكنًا. في انتظار ردكم Edward Moore Q.C الشريك الرئيسي Edward Moore & Associates الهاتف المباشر: + 44-7045705184";Phish Email - 123
124;"عناية عاجلة ""الآن"" من: السيد لويس بيترز. انتباه عاجل هذا لإبلاغك بأنه قد تمت الموافقة على أموالك البالغة 15 مليون دولار أمريكي لتسليمها لك على الفور. ولغرض التوضيح ، ننصحك بإعادة تأكيد الأسماء الكاملة / أرقام الهاتف المباشرة / العنوان الفعلي مع الرمز البريدي / العمر / ممارسة الجنس حتى لا يكون هناك خطأ أثناء تسليم الأموال لك في بلد إقامتك ، وسوف تكون استجابتك السريعة موضع تقدير كبير. مبروك مقدما انه عاجل جدا السيد لويس بيترز.";Phish Email - 124
125; EFFORT INPUT بعد التحويل الناجح لهذا الصندوق إلى حسابك  المعين في الخارج. علاوة على ذلك ، يمكنك الإشارة إلى خيارك  تجاه مساعدتي كما أعتقد أنه سيتم إبرام هذه المعاملة في غضون سبعة (7) أيام من شأنها مساعدتي. أنا  سأقدر أنك سترسل لي بريدًا إلكترونيًا. مما يأمل أن تسمع منك  قريبًا. الشكر وبارك الله. جيسيكا أمير توني;Phish Email - 125
126;تم عمل الشحنة بالحصانة الدبلوماسية [على ألا يتم تفتيشها من قبل أي سلطة. إذا كنت تستطيع مساعدتي ، فسيسعدني أن أقدم لك 10٪ من إجمالي الأموال لمساعدتكم ومشورتكم بشأن الاستثمارات. أتمنى أن أسمع منك في أقرب وقت لكي نمضي قدمًا. شكراً لك وبارك الله فيك مع خالص الشكر ، الآنسة أرانيما إنفاندي  احمِ حاسوبك الشخصي الآن! - حملة أمان 0 ين;Phish Email - 126
127;كانت الصدمة التي لم تترك ذكرياتي حتى الآن كيف والدي الراحل السيد. أرمينغول أوبيانغ ، شقيق السيد تيودورا أوبيانغ ، رئيس غينيا الاستوائية ، تم اعتقاله واحتجازه من قبل حكومة غينيا الاستوائية الحالية لذكره كراعٍ رئيسي في الانقلاب الفاشل الذي قاده المرتزق الجنوب أفريقي نيك دو توا في مارس 2004. أكتوبر / تشرين الأول 2005 ، حوالي الخامسة صباحًا ، اقتاد مجموعة من الرجال الذين يرتدون الزي الرسمي والدي ، وهو رجل أعمال بارز ، منا. خلال زيارتنا لهيم في معتقله ، أخبرنا أنه علم بخطة الانقلاب المزعومة ، لكنه لم يتعهد برعايته حتى يوم اعتقاله. جميع المعتقلين تعرضوا لسوء المعاملة وما زالوا يخضعون لمثل هذا حتى الآن. لم يفعل الرئيس الإلكتروني السيد تيودورو نغويما أوبيانغ شيئًا حيال ذلك. في 20 أكتوبر 2005 ، تم رفض مقابلة والدي. في هذه المرحلة ، كان علينا استشارة محامي الأسرة الذي تدخل ، وكشف كذلك عن وفاة والدي ، وقمعت الحكومة الأخبار ولم يتم الرد على استفسارنا عن سبب وفاته. أ  هذه النقطة ، لم يكن من الآمن بالنسبة لنا الاستمرار في الإقامة في البلد بلطف بمساعدة محامي الأسرة ، تم استرداد معظم ممتلكات عائلتنا وأعمالنا من الحكومة. كانوا ;Phish Email - 127
128;بنك الصين 100 CHI LIN ROADTAIPEI 104 TAIPEITAIWANK OF CHINA100 TAIPEITAIWANK OF CHINA100 CHI LIN ROADTAIPEI تنبيه: أنا السيد تاو سونغ ، مدير البنك في البنك التجاري الدولي الصيني ، 100 Chi Lin Rd ، تايبيه 104 تايبيه تايوان. لدي عرض عمل عاجل وسري للغاية بالنسبة لك ، مستشار النفط البريطاني / المقاول مع شركة SolidMinerals الصينية ، قام السيد ريموند بيك بإيداع رقم (ثابت) لمدة اثني عشر شهرًا تقويميًا ، بقيمة 18.000.000.00 دولار أمريكي (ثمانية عشر مليون دولار) في فرعي. عند الاستحقاق ، أرسلت إخطارًا روتينيًا إلى عنوان إعادة التوجيه الخاص به ولكني لم أحصل على أي رد. بعد شهر ، أرسلنا تذكيرًا واكتشفنا أخيرًا من أصحاب العمل المتعاقدين معه ، الشركة الصينية الصلبة للمعادن ، أن السيد ريموند بيك توفي في حادث تحطم طائرة مع زوجته السيد والسيدة ريموند ودورين بيك في رحلة مصر للطيران 990،1999;Phish Email - 128
129;تسونامي وإعصار كاترينا وإعصار ويلما وزلزال جنوب آسيا ، 55٪ لمنظمات خيرية أخرى حول العالم و 5٪ لجهودك ووقتك. للتواصل معك. يجب عليك الرد على هذا البريد الإلكتروني إذا كنت مهتمًا بتنفيذ هذه المهمة نيابةً عني.;Phish Email - 129
130;أخي العزيز  2 أخت يوم سعيد لك وأتمنى أن يجدك هذا البريد الإلكتروني في حالة جيدة وبصحة جيدة  2E أكتب لك هذا البريد الإلكتروني للبحث عن تعاون استثماري ممكن ومساعدة في بلدك  2E It سأكون سعيدًا للدخول في تعاون استثماري محتمل في شركتك  2E إذا كنت مهتمًا  2C قم بالرد علي في أقرب وقت ممكن حتى نتمكن من المناقشة بمزيد من التفاصيل  2E أتمنى لك يومًا سعيدًا وأنا أنظر إعادة توجيه لقراءة منك  2C قريبًا  2E مع خالص التقدير  2C Anastesia Williams  2E;Phish Email - 130
131;تنبيه ، أرجو أن تتقبلوا اعتذاري الصادق إذا كان بريدي الإلكتروني لا يتوافق مع أخلاقياتكم المهنية أو الشخصية. سأقدم نفسي أولاً باسم السيد DavidPerry ، وهو موظف في قسم العملاء الخاصين في أحد البنوك المعروفة ، هنا لندن ، إنجلترا. أحد حساباتنا ، برصيد 15،000،000 (خمسة عشر مليون جنيه إسترليني) كان خامداً وتم تشغيله آخر مرة قبل بضع سنوات. من;Phish Email - 131
132;من السيد هنري ألينابيدجان كوت ديفور (ساحل العاج) البريد الإلكتروني الخاص: henry_finance2003@yahoo.frTel: + 22509620113I AM MR HENRY ALLEN ، موظف في أحد البنك التجاري الرابع في أبيدجان كوت ديفاستوير سيكون مفيدا لكلا منا. مبلغ الأموال المتضمنة هو (22.5000.00 مليون دولار أمريكي) الذي أريد تحويله خارج البلد إلى حسابك المصرفي ، كل ذلك لصالحك المالي ومكافأتك أيضًا. كان هذا المال مملوكًا لأحد العملاء في بنكنا ، ويُطلق على اسم الرجل اسم السيد مارك غارسيا هذا البلد. تاجر أعمال في مناطق غرب أفريقيا. لقد مات منذ ما يقرب من سبع سنوات مضت. ومنذ ذلك الحين ، لم يتم وضع أي مطالبة في رصيد حسابه المصرفي. أرغب في تحويل هذا المبلغ إلى خارج البلد ولكن لا يمكن تحويل هذا الصندوق دون أي قريب من الأقرباء مرفق بالصندوق. يجب أن تكون أنت صاحب العمل المسؤول عن رعاية السيد مارك غارسيا وممتلكاته ، وسأوفر لك المواد والمعلومات التي ستُقدم مطالبة ناجحة في الصندوق. سأكون بمثابة توجيهاتك وموجهك طوال مدة هذه المعاملة لضمان تحويل الأموال بطريقة سويفت وأكيدة إلى حسابك المصرفي. وبالنسبة لمزاياك ، يجب أن تحصل على 40٪ من هذا المبلغ مقابل تعاونك. عملية. لذلك إذا كنت مهتمًا ، فأرسل ردًا لي فورًا وفي ردك ، يرجى تضمين [أرقام الهاتف الخاصة] العاجل الخاص بك ويجب أن تكون هذه الشركة بمثابة صفقة بيننا بشكل خاص ، يرجى الاتصال بي مع أطيب التحيات ، هنري ألين;Phish Email - 132
133;"سيدي فرصة الاستثمار والتعاون .. أطيب تحياتي وتحياتي لك. وجدتك هافن مدرجًا مع عمولتك التجارية في بلدنا ؛ نرغب في التعامل معك ، ومن ثم استلامك لهذه الرسالة ، والغرض من هذه الرسالة هو تقديم أنفسنا لك ، نحن شركة استشارات أعمال في الشرق الأوسط ، نقدم خدمات مستشار الأعمال في المنطقة ، لسنا شركة كبيرة جدًا ، ولكن عندما واجهتك فجأة مهمة استثمار أموال في بلدك تتجاوز قدرتنا ، قررت البحث عن شريك ، لأننا لم نقم بأعمال تجارية في بلدك أبدًا ، فنحن نتوسط في صفقة استثمار في بلدك نيابة عن عميل لشركتنا. ستشمل هذه الصفقة استثمارًا نهائيًا بقيمة 25 مليون دولار أمريكي (خمسة وعشرون مليون دولار) في بلدك ، ونحن بموجب هذه الرسالة نقدم لك شراكتنا ، لذلك للسماح لنا بأن تكون ممثلًا ومديرًا للأموال المستثمرة في بلدك. نظرًا لأنه لا يمكننا تحديد ما إذا كان هذا البريد الإلكتروني لا يزال يعمل وكذلك رغبتك ، فقد حافظنا على هذا الاقتراح موجزًا. إذا كنت مهتمًا بعرض الشراكة هذا ، يرجى الرد وإعطائنا تفاصيل الاتصال الكاملة (كما هو مفضل لهذا التفاعل) بالإضافة إلى ملف تعريف الشركة وفي الرد سوف نرسل لك عرضًا تفصيليًا وتفاصيل عن هذا العرض ، وسنقدر استجابتك السريعة ، شكرًا لك ، الحاج عبد محمد ، الشريك الإداري ، HST & Associates.";Phish Email - 133
134;أنتظر ردك العاجل. بصدق ، إنجر ويليام أوكي  هل أنت ياهو!؟ هل سئمت البريد العشوائي؟ ياهو! يتمتع البريد بأفضل حماية من البريد العشوائي حول http://mail.yahoo.com;Phish Email - 134
135;أيها الخدم ، نحن غير مصرح لنا بتشغيل حساب بنكي أجنبي ، ومن هنا جاء قرارنا باستخدام حسابك بثقة وثقة تامين لتحويل هذه الأموال إلى خارج نيجيريا. لقد اتفقنا بشكل مشترك على تحويل الأموال إلى حسابك شريطة موافقتك وإثبات أنه يمكن الوثوق بك. سأقوم بتسوية الموافقات لتعكس أنك المستفيد من الأموال ، وقد عقدنا العزم على منحك 25٪ من المبلغ الإجمالي لمساعدتكم ، كما سيتم استخدام 5٪ لتحمل جميع النفقات التي سنتكبدها في سياق ذلك. الصفقة ، بينما سنستثمر حصتنا البالغة 70٪ في التطوير العقاري في بلدك ، والذي ستديره لنا بانتظار استقالتنا من الخدمة المدنية. إذا كنت قادرًا على المساعدة في النقل ، فيرجى الاتصال بي فورًا بناءً على معلوماتي أعلاه. من فضلك ، قد تتجاهل هذه الرسالة أيضًا وتحترم ثقتي فيك وسريتها من خلال عدم الكشف عن هذه المعاملة ، يجب ألا تكون مهتمًا. مع أطيب التحيات. دان كابو.;Phish Email - 135
136;"من حساب PayPal الخاص بك إلى عنوان البريد الإلكتروني الأول في القائمة أدناه ، al  ong مع ملاحظة تقول:  20 ""الرجاء إضافتي إلى قائمتك البريدية.""  20 تأكد من إضافة هذه الملاحظة ، لأن هذا هو ما يحفظ هذا البرنامج قانونيًا . في  الهياكل المتعلقة بكيفية إرسال دفعة موجودة ضمن ""إرسال الأموال"" في PayPal  الموقع. الأمر بهذه السهولة !!  20 ها هي القائمة الحالية: ";Phish Email - 136
137;المبلغ المذكور هو (14 مليون جنيه) وهو حوالي (28 ملي  بالدولار الأمريكي) كما قد يثير اهتمامك ، سنقوم بعد ذلك بمشاركة هذا  الأموال بنسبة يتفق عليها كلانا ، يرجى إذا كنت مهتمًا بالعودة  إليّ على الفور لمزيد;Phish Email - 137
138;1. قناعتنا بالشفافية عن صدقك واجتهادك. 2. أن تتعامل مع هذه المعاملة بمنتهى السرية والسرية بسبب الظروف التي نجد أنفسنا فيها الآن. 3. أن يتم تحويل الأموال إلى حساب لديك سيطرة مطلقة عليه. تم وضع الإجراءات على أعلى مستوى من رئاسة البنك المركزي النيجيري للتحويل الفوري للأموال في غضون 14 يوم عمل ، رهنا برضاك عن الشروط المذكورة أعلاه. نؤكد أن دورك خالٍ من المخاطر بنسبة 100٪. لمنح هذه المعاملة والشرعية التي تستحقها وللحصول على الأمن المتبادل للأطراف المعنية والصناديق ، ستتم معالجة إجراءات الموافقة بالكامل رسميًا وقانونيًا باسمك أو اسم شركتك التي قد ترشحها كمستفيد حسن الحظ. كن على علم أيضًا أن السبب الرئيسي للاتصال بك هو لسبب واضح أننا نريد استثمار هذه الأموال في العقارات. نعتقد أنه يمكنك تقديم مساعدة قليلة في هذا الصدد. يرجى تسريع الإجراءات حتى نتمكن من تضمين هذه المعاملة في هذه الدفعة لأن الدفع للمقاولين الأجانب هو عادة;Phish Email - 138
139;يوم سعيد ، كيف حالك اليوم؟ بهذا أطلب مساعدتك بصفتك شريكًا / قناة في معاملة بقيمة 33.8 مليون دولار أمريكي و  شراكة استثمارات لاحقة. ستدفع عمولة 30٪ للمساعدة في هذا الأمر. ملاحظة  أن هذا الاقتراح لن ينتهك بأي شكل من الأشكال أي قوانين محلية أو دولية  اللوائح المالية ومجال مهنتك لا علاقة له بالنتيجة الناجحة للمعاملة. إذا كنت مهتمًا بتلقي هذا الصندوق نقدًا على حسابي ، فيرجى الرد على الهاتف وأرقام الفاكس لمزيد من التفاصيل . تحياتي ، الحاج إبراهيم عبد الله.;Phish Email - 139
140;السيد مايكل ويليام ، شارع 15 ، شارع 12 ، قطعة 1225 ، هضبة دوكس ، أبيدجان-كوتيد'يفوار ، عزيزي ، يسعدني أن أتصل بك لمشروع تجاري أعتزم إقامته في بلدك ، على الرغم من أنني لم ألتقي بك من قبل ولكني أعتقد أن على المرء أن يخاطر ، يثق في شخص ما لينجح في بعض الأوقات في الحياة ، هناك مبلغ ضخم من المال عشرة ملايين وسبعمائة ألف دولار أمريكي (10.7 مليون دولار أمريكي) احتفظ بها والدي لي في مخزن أمني في أبيدجان قبل اغتياله على يد مجهول. الآن قررت استثمار هذا المبلغ الضخم في بلدك أو في أي مكان آمن بما فيه الكفاية خارج إفريقيا لأغراض أمنية ، أريدك أن تساعدني في تحويل هذا المبلغ إلى حسابك لأغراض الاستثمار. يسعدنا أن نقدم لك 20٪ من إجمالي الصندوق ، أتوقع استجابتك العاجلة ، شكرًا وبارك الله ، مع خالص التقدير السيد مايكل ويليامز ... ص: //www.zwallet.com/index.html؟ user  mich_williams02;Phish Email - 140
141;صديقي العزيز ، أنا محمد أباشا ، الابن الأكبر للرئيس النيجيري الراحل ، لقد تم اتهامي زوراً بجريمة قتل وسجنت على هذا النحو ، ولكن بفضل  الله ، تم إطلاق سراحي بسبب براءتي. حسنًا يا صديقي العزيز ، أحتاج إلى مساعدتك لاسترداد هذه الأموال نيابة عني لأن الحكومة تضع خططًا للاستيلاء عليها ، كما فعلوا مع والديّ ، يرجى الاطلاع على هذا الموقع وقراءة محتواه بعناية ، http: /ews.bbc.co.uk/ hi / english / world / africaewsid_741000 / 741506.stm تبلغ قيمة المبلغ 80 مليون دولار أمريكي ، وقد تم تشويهها لأسباب أمنية وهي حاليًا مع شركة أمن بالخارج. كل ما هو مطلوب بالنسبة لي هو أن أطلب من الشركة تسليم الأموال إليك ، وسأعيد ترقيمك بنسبة 30 ٪ في النهاية ، ولكن الأهم من ذلك كله هو الحصول على ثقتكم في هذه الصفقة. لقد كنت محصوراً فقط في كانو وجميع  مكالماتي تتم مراقبتها ، لذا سأحصل على محامي الخاص ليقدم لك المعلومات المطلوبة. يرجى الاتصال بي عبر e-ai.;Phish Email - 141
142;ممثل اللجنة الذي يظهر اسمه أدناه. نحن ننتظر تحسبا لتعاونك الكامل. بأمانة ، بن مالوليك (ENGR.) قسم المعادن والطاقة في جنوب أفريقيا. احصل على أفضل تجربة دردشة في الوقت الحقيقي - MSN Messenger! http://messenger.msn.co.za/;Phish Email - 142
143;تحياتي اليوم ، وأطيب تمنياتي لك ، أنا السيدة جاين بونج ، مسئولة العلاقات العامة (PRO.) للشركة المذكورة أعلاه ، نحن مهتمون بتوظيف خدماتك للعمل معنا كوكيل دفع خاص يمكن أن يساعدنا في تأسيس وسيلة لتلقي الإعفاءات من المدفوعات التي تم توفيرها لعملائنا في منطقتك ، حيث أن الشركة تواجه بالفعل صعوبات في تلقي المدفوعات منهم. من فضلك إذا كنت مهتمًا بالعمل معنا بحسن نية وأمانة ، اتصل بالسيد جون تشانغ المسؤول التنفيذي (المدير التنفيذي). من خلال عنوان البريد الإلكتروني هذا لمزيد من المعلومات johnchang_ceo@yahoo.com.cn ، بكل احترام ، السيدة جاين بونج (PRO).;Phish Email - 143
144;عرض من السيد جيمس روبرتس ، سيدي العزيز / سيدتي ، أنا محامي السيد غرانت وودز رجل أعمال ثري مات مع عائلته (زوجته واثنين من أطفاله) في حادث مروع هنا في المملكة المتحدة قبل 3 سنوات. كان يكتب وصيته ، كشف لي عن وديعة ثابتة بقيمة 5.2 مليون جنيه إسترليني مع بنك هنا في المملكة المتحدة ، مع أوامر حول كيفية تقاسمها بين زوجته وأطفاله إذا حدث أي شيء له. لم يكن من الممكن من قبلي ومن قبل السلطات هنا لتحديد مكان أي من أقاربه ليأتي ويطالبوا بممتلكاته ، وفي الصندوق البريطاني العظيم الذي لا يمكن المطالبة به بعد ست سنوات ستتم إعادته إلى صاحبة الجلالة. قريبًا لهذا الرجل ، وإذا كنت مهتمًا ، فيرجى الرد علي حتى أعلمك كيف خططت لتنفيذ ذلك وأيضًا مناقشة كيف سنشارك في الأموال. الرجاء إرسال ردك إلى عنوان mym الخاص james_roberts2007@yahoo.co.uk جيمس روبرتس.;Phish Email - 144
145;1. اسم الشركة وعنوانها إن وجد (شخصي) 2. رقم الفاكس الشخصي 3. رقم هاتفك الشخصي لسهولة التواصل. يُطلب منك الإبلاغ عن موافقتك على هذا الاقتراح من خلال رقم الفاكس / الهاتف / عنوان البريد الإلكتروني المذكور أعلاه ، وبعد ذلك سنناقش بالتفصيل الطرائق اللازمة لرؤية هذه المعاملة من خلال. ردكم السريع سيكون في غاية الامتنان. شكرا تحسبا لتعاونكم. تفضلوا بقبول فائق الاحترام،;Phish Email - 145
146;"أنا مسؤول حكومي ، دولة الإمارات العربية المتحدة. أنا مهتم بمنتجات شركتك. لقد كلفتني حكومتنا بالاتصال بشركة لديها منتجات جيدة لتوريدها للمشروع الجديد. قررت الاتصال بشركتك للمشروع. سأرسل لك المنتجات التي يجب توفيرها في شركتك عندما أسمع منك. ومع ذلك ، سأبلغك عندما تكون معرفتك في حاجة إلى توفير المنتجات. أنتظر ردك العاجل في التعامل مع شركتك. اتصل بي من خلال هذا البريد الإلكتروني التالي ؛ ahmendsule@excite.com تفضلوا بقبول فائق الاحترام ، أحمد سولي";Phish Email - 146
147;انتباه  اسمي السيد كينيث مكاي ، أكتب من سوازيلاند ، معلوماتك المقدمة لي بشكل موثوق ، أود الاستثمار في بلدك لكنني  لا أعرف أي شخص سيساعدني عندما أتيت إلى هناك. سببي  للاتصال بك لمعرفة ما إذا كنت ستقدم المساعدة. لدي 18 مليون دولار أمريكي للاستثمار في مشروع تجاري مربح في بلدك. الأموال الآن في خزينة بنك في أوروبا. إذا كان بإمكانك التعامل معها ، فأخبرني بذلك حتى نخطط / نناقش كيفية تحويل الأموال إليك في بلدك ، و 10٪ من إجمالي الأموال لك لمساعدتك. في انتظار سماعك لمزيد من المعلومات. . كينيث مكاي;Phish Email - 147
148;صديقي العزيز ، دعني أعتذر لك لاستخدام هذه الوسيلة للتواصل معك حول هذا المشروع. أنا مسؤول رفيع المستوى في حكومة نيجيريا وعضو مؤسس في حزب الشعب الديمقراطي (PDP) ، وهو الحزب الحاكم في السلطة الآن ، في هذا البلد. لجنتي - لجنة تنمية دلتا النيجر (NDDC) - المسؤولة عن إدارة والإشراف على تنمية الدول الغنية بالنفط في هذا البلد. لقد حصلنا على مخصصات شهرية تصل إلى عدة ملايين من الدولارات / الجنيهات من مبيعات النفط في هذا البلد لتغطية مدفوعات المقاولين الأجانب والمحليين الذين لديهم / ينفذون عقودًا لهذه المنطقة النفطية المسماة دلتا النيجر. أنا نفسي وزملائي الآخرون في هذه اللجنة ، NDDC بحاجة حاليًا إلى شريك أجنبي سنحول بحسابه المصرفي مبلغ تسعة وأربعين مليون وخمسمائة ألف دولار أمريكي (49.5 مليون دولار). فواتير العقود الممنوحة لمقاولين أجانب على مدى السنوات الحالية لهذه اللجنة. ومع ذلك ، بحكم موقعنا كموظفين مدنيين وأعضاء في NDDC ، لا يمكننا الحصول على هذه الأموال باسمنا. هذا لأننا بصفتنا كبار موظفي الخدمة المدنية ، لا يسمح لنا قانون الأرض بامتلاك أو تشغيل حسابات بنكية خارج بلدنا في الوقت الحالي ، لذلك فقد تم تفويضي على سبيل الثقة من قبل زملائي للبحث عن شريك موثوق به من الخارج في حسابه الذي سنقوم بتحويل الأموال إليه ومن هنا سبب هذا البريد.;Phish Email - 148
149;سيدي العزيز  2C أنا أمينة إدريس من ولاية كسلا في الجزء الشرقي من السودان  2E لقد فقدت مؤخرًا زوجي الذي كان حتى وفاته ضابطًا في الخدمة مع الجيش الشعبي لتحرير السودان هنا في السودان  2E لقد توفي بسبب أداء عمله واجبات في إطار بعثة الأمم المتحدة في السودان  28UNMIS  29  2E قبل وفاته ، كان محظوظًا بأن يكون قد خدم عن قرب السلطات الموجودة في بلدي ، وهذا عرّضه لمبالغ ضخمة من المال ، منها حوالي 7 دولارات  2E5 مليون تركت لي. أنا وابن على قيد الحياة  2 أنا أتصل بك لأنني بحاجة إلى خدمة كبيرة منك فيما يتعلق بتلقي هذه الأموال نيابة عنا ومساعدتنا على استثمارها في مشروع مربح  2E بسبب قلة خبرتي في شؤون الأعمال  2C أنا على استعداد لذلك امنحك حرية التصرف فيما يتعلق بالتشغيل اليومي لمثل هذا المشروع التجاري  2 يرجى إذا كنت على استعداد لمساعدتي  2C لا تتردد في الرد والإشارة إلى اهتمامك في أقرب وقت ممكن  2 شكرًا مع أطيب التحيات  2EAmina إدريس;Phish Email - 149
150;"تنبيه ، أنا أتصل بكم على وجه السرعة بخصوص تحويل ضخم لخمسة عشر مليون جنيه. لقد كتبت فقط لأطلب تساهلك ومساعدتك. ستقدم حسابًا مصرفيًا مخصصًا من اختيارك ، اسمي مايك جيليسبي. مدير التمويل المتكامل للبنك هنا. وبالتالي ، من أجل تساهلك ومساعدتك (أخلاقياً ومالياً) ، أقترح عليك حصة 45٪ من المبلغ الإجمالي بعد إتمام التحويل بنجاح. يرجى ذكر اهتمامك بالرد على ؛ dr_mike_gillespie@yahoo.co.uk ، وسأزودك بالتفاصيل والإجراءات التي تسبق النقل. سأكون ممتنًا لإرسال رقم هاتفك أيضًا أثناء الكتابة إليَّ وفقًا لعرضي ، ومن الآن فصاعدًا ، تأكد من فحص بريدك الإلكتروني في كثير من الأحيان للحصول على التحديثات. مايك جيليسبي.";Phish Email - 150
151;في سرية تامة. صديقي العزيز ، تحويل 25.5 مليون دولار أمريكي إلى حساب شخصي / خارجي للشركة استنادًا إلى المعلومات التي تم جمعها من وزارة التجارة والصناعة ، نعتزم التماس مساعدتك في هذه المعاملة معك على افتراض أنك لن تخيب آمالنا . لدينا خمسة وعشرون مليون وخمسمائة ألف دولار أمريكي  (25،500،000.00 دولار أمريكي) والتي حققناها بمرور الوقت من العقود المتضخمة في وزارتي (الوزارة الفيدرالية للصحة والخدمات الاجتماعية). نحن نسعى للحصول على مساعدتك وإذنك لتحويل هذا المبلغ إلى حسابك  أو أي حساب مرشح آخر يمكنك توفيره لنا. ستكون عمولتك  20٪ من المبلغ الإجمالي ، و 10٪ للنفقات والباقي  70٪ لزملائي وأنا. هل يمكنك إخطاري بقبولك لإجراء هذه المعاملة  بشكل عاجل عن طريق البريد الإلكتروني فقط عند استلام هذه الرسالة. يرجى الإقرار  استلام هذه الرسالة عن طريق إرسال نسخة من هذه الرسالة إليّ عبر البريد الإلكتروني  مع رقم الهاتف الخاص بك. ورقم الفاكس. في المقابل ، سأبلغك بـ  طرائق تقديم طلب رسمي لتأمين الموافقات اللازمة للإفراج الفوري عن هذا الصندوق في حسابك. شكرا لتعاونك. تفضلوا بقبول فائق الاحترام دكتور محمد مصطفى - cecf6ca8-d9ad-4cce-816d-c68fa047d49e--;Phish Email - 151
152;صديقي العزيز ، أرجو أن تتقبل اعتذاري عن تواصلك معكم بهذه الطريقة ، والذي كان بسبب استجابة طلبي. نحن بحاجة إلى شريك تجاري جدير في الخارج ، يمكنه التعامل مع استثمار الأموال المحددة التي كانت غير كافية لبعض الوقت ، إذا قبلت العمل معي ، فستكون شريكنا الأجنبي لتلقي الأموال المذكورة نيابة عنا ، بسبب مكاني الحساس في مكاننا مكان العمل ، وأيضًا الاحتفاظ به في بعض الاستثمارات حتى أتمكن من السفر لمقابلتك. بناءً على طلبك ، سوف أطلعك على المخطط عندما أتلقى بريدك.;Phish Email - 152
153;مرحبًا  2CT هذا سري  2E  2E  2 اسمي كوجو ويليام  3 ب عمري 21 عامًا من شارع كوامي نكروما ، كاسوا من أكرا ، عاصمة غانا  2C غرب إفريقيا  2E والدي الراحل كوفي ويليامز كان مدير البنك الرسمي لشركة Eco- بنك إفريقيا لفترة عشر سنوات  2E كارثة زلزال تسونامي المدمرة في 26 ديسمبر 2004 المستاءة في آسيا والتي أودت بحياة العديد من الأشخاص ، كما أعلنت حياة والدي في رحلته في 24 ديسمبر لزيارة شريكه التجاري للاستثمار في آسيا وإندونيسيا  2 الأسبوع الماضي فقط عندما كنت أبحث في حالة أبي المختصرة  2C اكتشفت الكثير من المستندات وأظهرت إحدى الوثائق أن والدي قد أودع 10 دولارات  2E5M  28 مليونًا وخمسمائة ألف دولار  29 في قبو بنك في أوروبا واسمي هو أقرب الأقارب  2 لم يسبق لبوتي ووالدتي الذهاب إلى أوروبا من قبل  2C لكن بلدك هو بلد أحلامي حيث أود أن نستثمر هذا الصندوق  2E أنا أحب بلدك وأعتقد أنك شخص صادق وجاد عندما يأتي للزراعة eement والمعاملات التجارية وعندما يتعلق الأمر بـ strikingdeals  2EI أسعى للحصول على مساعدتك لرعاية هذه المعاملة التي ستساعدني فيها على القدوم إلى أوروبا  2C حتى نتمكن من مقابلة أنفسنا وجهًا لوجه  2 وهذا سيمنحنا الفرصة للتعرف على أنفسنا للالتحاق بالبنك وأمرهم بتحويل الأموال إلى حسابك المصرفي في بلدك  2E أريدك أن تقف بالنيابة عني كشخص وكيل ، هذا هو الشريك التجاري الأجنبي لوالدي الراحل ، لذا يجب إخراج الأموال من البنك وإلى قم بتحويله إلى حسابك المصرفي في بلدك حيث يمكننا الاستفادة منه في استثمار تجاري مربح في بلدك  2 أنا ووالدتي قد وافقت على تعويضك بـ 20٪ من المبلغ الإجمالي و 5٪ من نفقاتك  2 لا يمكنك أن تكون محظوظًا صديقي العزيز  2C لكن تذكر أنه يجب علينا إبرام هذه الصفقات وفقًا لقواعدها كما أخبرتني والدتي أنه يجب أن أتفاوض مع شخص موثوق به سيساعدنا في المطالبة بهذه الأموال  2 يجب على أي شخص الغش أو أن يكون لديه أي خطط سيئة ضد كل منهما her  2E إذا لم يكن لديك القدرة على جلب 10 دولارات  2E5M إلى حسابك  2 ثم عليك البحث عن شخص قادر  2C ، ثم ستلتقي معه في أوروبا  2 أنت فقط تعرف المعاملة  2C أنا ووالدتي العجوز المريضة الموجودة حاليًا في المستشفى لأنها أصيبت بنوبة قلبية على الفور أن والدي مات  2E يجب الحفاظ على سرية وسرية هذه المعاملة  2E إنه سر من أسرار حياتي  3B أشر إلى الفاكس والهاتف رقم حتى أتمكن من الوصول إليك عند الضرورة ولمزيد من المعلومات  2 يمكنك أيضًا مراسلتي عبر البريد الإلكتروني  22kojowilliam2005  40hotmail  2Ecom  22 في انتظار ردك العاجل  2ERegards  2CKOJO WILLIAM  2E;Phish Email - 153
154;سيدي العزيز / سيدتي ، لا تقبل اعتذاري الصادق إذا كان بريدي لا يتوافق مع أخلاقياتك الشخصية ، وسأقدم نفسي باسم جوردون ، وهو موظف في إدارة الحسابات في أحد البنوك المعروفة هنا في المملكة المتحدة. أحد حساباتنا التي يبلغ رصيدها  A315.000.000 (خمسة عشر مليونًا  جنيه إسترليني) كان خاملًا ولم يتم تشغيله خلال السنوات الأربع الماضية. > من تحقيقاتي وتأكيداتي ، توفي صاحب هذا الحساب a for  eignerby name Austin Martins في أغسطس 2000 ومنذ ذلك الحين لم يفعل أي شخص  أي شيء فيما يتعلق بالمطالبة بهذه الأموال لأنه ليس لديه أفراد عائلة على علم بوجود لا الحساب ولا المتعة  d. أيضًا المعلومات الواردة من National Immigration تنص على أنه دخل أيضًا إلى المملكة المتحدة ، لقد ناقشت هذا الأمر سراً مع بعض مسؤولي البنك و  اتفقنا على العثور على أجنبي موثوق شريك للتعامل معه. لذلك نقترح التعامل معك ، والوقوف كأقرب أقرباء الأموال من المتوفى والأموال التي تم تحريرها لك بعد اتباع الإجراءات الواجبة. هذه الصفقة خالية تمامًا من المخاطر والمتاعب حيث أن الصندوق ليس له علاقة بالمخدرات ولا ينشأ من المخدرات أو غسيل الأموال أو الإرهاب أو أي عمل غير قانوني آخر. لمصلحتك دعني اسمع منك تحياتي جوردون.;Phish Email - 154
155;صديقي العزيز ، تحياتي لك  2 أرجو العفو عن تواصلك معنا دون أي موعد رسمي أو اتصال. europe  2 تم إيداع الأموال من قبل والدي الراحل الذي قُتل العام الماضي على يد المتمردين خلال الانتفاضة في أبيدجان كوت ديفوار  2E كان حتى وفاته المفاجئة الماس  2 تاجر الكاكاو في أنغولا وكوت ديفوار وهو حيث صنع ثروته  2E وصلني أنا ووالدتي إلى داكار قبل أيام قليلة وأكدوا صحة هذا الإيداع ثم قرر الاتصال بك للحصول على المساعدة في ضوء المواقف الحالية لدينا  2E لقد حصلنا على اتصالك من خلال قاعدة بيانات الإنترنت أثناء البحث عن أصدقاء والدي في بلدك  2 سيتم تقديم المزيد من التفاصيل إليك بمجرد أن أسمع منك  2 يرجى تضمين بعض التفاصيل الشخصية الخاصة بك لنا لتأسيس علاقة عمل وعائلة جيدة  2EI look نتطلع للسماع منك ، بصراحة لك مريم كامارا;Phish Email - 155
156;سهولة الرجوع والتعريف ، تذكر أن تذكر أرقام قسائمك في مراسلاتك مع وكيل المطالبات الخاص بك. لتقديم مطالبتك ، يرجى الاتصال بالوكيل الائتماني مع أرقام القسيمة وأرقام الهاتف / الفاكس والأسماء الكاملة. ******* ****************************************السيد. فرانك أوكريل.;Phish Email - 156
157;بكل ثقة ، أرغب في الاتصال بك لإجراء معاملة تجارية  20 متضمنًا تحويل أموال بالجنيه الإسترليني  C2  A330 مليون جنيه إسترليني ، وآمل أن تتواصل معي في أقرب وقت يناسبك من أجل عمل محتمل  20 صفقة.  20  20 أنا مدقق عام من بنك اسكتلندا مع مخلصك  20 مساعدتك وتعاونك ، لقد عقدت العزم على العمل بهذه الصفقة معك  20 إذا كان بإمكاننا القيام بالأعمال. في الوقت الحالي ، أنا مضطر لإصدار المزيد  20 تفاصيل حول هذا العمل حتى يتم تلقي ردك.  20  20 الرجاء  20;Phish Email - 157
158;لقد اتصلنا بك للحصول على تفويض منك ، فهل نقوم بدفع هذا المبلغ في تفاصيل الحساب التي قدمتها السيدة وايت؟ ، يرجى إعادة التأكيد على مكتبنا على وجه السرعة إذا أردنا إجراء التحويل السريع. لأن مصرفنا سيكون كذلك يتحمل المسؤولية عن أي نقل خاطئ. إذا لم تكن السيدة جانيت وايت ممثلك ، فيُطلب منك إعادة تأكيد تفاصيل حسابك المُرشح وعنوان المنزل الصحيح ورقم الهاتف / الفاكس والمكان الذي تريد تحويل هذا المبلغ إليه ، بمجرد استلامنا التفاصيل ، سيتم تحويل أموالك إليك من خلال تأثير فوري. يرجى العلم بأنه تم تكليفنا بأربعة عشر يوم عمل رسمي من قبل السلطات المعنية لإعادة هذا الصندوق ، لمزيد من المعلومات اتصل على: + 44-704-570-0413;Phish Email - 158
159;.  20 لديك  E9t  E9 تم اختياره لوضع مبلغ تافه قدره سبعون  ألف يورو (70،000  80) سيتم تحويل (25،000  80) إليك والآخرين (45،000  80) سيتم دفعها إلى  E9 في مكان في C  F4te d'Ivoire إذا كنت  EA  بالطبع تمتلك رمز الفوز المقابل فهو  E0 di  re 196-635-C. تحقيقا لهذه الغاية ، أود أن أبلغك  E0 أنه يجب عليك بشكل إلزامي  الاتصال بـ MASTER GEREMI DUBOISER عبر البريد الإلكتروني وإرسال اسمك واسمك الأول وعنوانك ورقم هاتفك ومهنتك لأنه المستخدم الذي أشرف على هذا اليانصيب الدولي بالترتيب لتتمكن من توجيهك إلى الخطوات ومواصلة سحب مكاسبك.  20 لجميع المعلومات ، يرجى الاتصال بـ MAITRE GEREMI DUBOISER  20;Phish Email - 159
160;"من السيد حمسة أحمد ، قسم التدقيق والتحويل ، بنك إفريقيا (بوا) ، أواغادوغو ، بوركينا فاسو ، صديقي العزيز ، السيد حمسة أحمد ، أعمل مع قسم التدقيق والتحويلات في بنك إفريقيا ، واغادوغو ، بوركينا فاسو . لدي عمل سيكون مفيدًا لكلينا. مبلغ الأموال المتضمنة هو (18.2 مليون دولار أمريكي) الذي أريد تحويله خارج البلد إلى حسابك المصرفي ، كل ذلك لمصلحتي المالية ومصلحتك أيضًا. وأيضًا لأخذ زوجتي إلى الولايات المتحدة الأمريكية لعلاج تلف الكبد ، هذه الأموال مملوكة لرجل يُدعى كورت كاهي ، وهو تاجر تجاري في مناطق غرب إفريقيا ، وقد توفي منذ ست سنوات ، ومنذ ذلك الحين لم يتم تقديم أي مطالبة رصيد حسابه المصرفي. أريد تحويل هذه الأموال إلى خارج البلاد ولكن لا يمكن تحويل هذا الصندوق دون ارتباط قريب من الصندوق بالصندوق ، ويمكن تحويل الصندوق بهذه الطرق ؛ يجب أن تقدم نفسك كشريك عمل للشخص المتوفى (كورت كاهي) حيث يجب أن تكون التفاصيل هي أنك شريك الأعمال القائم على الرعاية للسيد كورت كاهي وممتلكاته. سأوفر لك المواد والمعلومات التي سيتم من خلالها تقديم مطالبة ناجحة إلى الصندوق ، وسأكون مرشدك ومدربك طوال مدة هذه المعاملة لضمان تحويل سريع ومؤكد للأموال إلى حسابك المصرفي. . فيما يتعلق بالمزايا الخاصة بك ، يحق لك الحصول على 40٪ من هذا الصندوق لتعاونك في هذه الصفقة بينما سيتم تخصيص 5٪ للمصروفات التي تكبدها كل منا خلال هذه المعاملة. لذلك إذا كنت مهتمًا ، فأرسل ردًا إليّ على الفور وفي ردك ، يرجى تضمين (رقم هاتفك الخاص وأرقام الفاكس) بشكل ضمني ويجب أن يكون هذا العمل بصرامة صفقة بيننا. أحمد.";Phish Email - 160
161;الاسم أو اسم الشركة والعنوان وأرقام الهاتف / الفاكس وأنشطة شركتك. ستمكنني المعلومات الواردة أعلاه من تقديم طلبات وتقديم مطالبات للوزارات المعنية لصالح شركتك أو اسمك ومن المناسب هنا أن أذكر هنا أن هذه الصفقة تستند بالكامل إلى الثقة و الخوف من الله ، إذا كنت قادرًا على التعامل مع هذا ، فلا تتردد في الوصول إلى meback على الفور من أجل فهم كامل للمعاملة. شكرًا تحسبًا لردك الإيجابي. tiscali.co.uk/products/broadband/home.html؟code3DSM-NL-11AM;Phish Email - 161
162;(1) لتوفير حساب مصرفي سيتم تحويل الأموال إليه. (2) أن أكون وصيًا على هذا الصندوق لأن عمري 22 عامًا فقط. (3) لترتيب لي المجيء إلى بلدك لمواصلة دراستي وتأمين تصريح إقامة في بلدك. علاوة على ذلك ، عزيزي ، أود أن أقدم لك 25٪ من المبلغ الإجمالي كتعويض عن مجهودك / مساهمتك بعد التحويل الناجح لهذا الصندوق إلى حسابك المرشح في الخارج. علاوة على ذلك ، تشير إلى خياراتك تجاه مساعدتي لأنني أعتقد أن هذه الصفقة ستنتهي في غضون أربعة عشر (14) يومًا ، فأنت تدل على اهتمامك بمساعدتي. أتوقع أن نسمع منك قريبا. شكرا وبارك الله فيكم. يرجى الاتصال بي مع هذا البريد الإلكتروني الإلكتروني أعلاه adrress pamelaeriken01@latinmail.com الآنسة باميلا إريكين. --------------------------------- شارك صورك مع الأشخاص المهمين في Yahoo! صور كندا;Phish Email - 162
163;"b> clementasuzu004@yahoo.es </b>   <span style  3D ""color: green؛""> </ span >   - <span style  3D ""color: green ؛ ""> سيدي العزيز ، HONOUREBLE CONTRACTOR S  يساوي الترتيب السري فيما يتعلق بشحن مبلغ con  tract الخاص بك ، أود أن أبلغكم أن جميع الإجراءات اللازمة قد تم الانتهاء منها تمامًا وغادرت نيجيريا إلى لندن عبر البلد t  oday بواسطة Express Cargo Flight عبر الشبكة الدبلوماسية. لاحظ بعناية أن c  ontent الخاص بالصندوق هو MONEY لكنني لم أفصح عن ذلك لـ Courier Ser  vices كـ Money ، بل أخبرتهم أن الصندوق يحتوي على Vital ANTIQU  ES التابع لعميلي (هذا أنت). علاوة على ذلك ، فإن وزن c  onsignment هو 220 كجم ولكني تمكنت من دفع 120 كجم ، والتي تكلف 16000.00 دولار أمريكي. O  n لا يجب أن تكشف عن محتوى الصندوق مع Diplom  atic Courier Services خوفًا من الخيانة. لذلك لا تسمح لهم بمعرفة ";Phish Email - 163
164;# 226 ، تايو ريمي ، المدينة المنورة ، داكار ، السنغال. صديقي العزيز ، تحياتي لهذا الموسم ، أود أن أبعث لك بأطيب تمنياتي بالصحة والنجاح في مساعيك ولا سيما من خلال اقتراحي كما هو وارد في هذه الرسالة. قد لا أرغب في الكشف عن كيفية حصولي على عنوان بريدك الإلكتروني في الوقت الحالي. بعد المداولات اللازمة مع ابني ، قررت أن أحيل إليك اقتراح العمل هذا ، ونريد منك مساعدتنا ، وسأقدم لك المزيد من المعلومات. في هذا الصدد بمجرد الرد ، أنا السيدة ريتا دياتا. أنا أتصل بك على أمل أن تكون عونًا كبيرًا لي ، هناك حاجة إلى ردك العاجل ، مع تحياتي وبارك الله فيك السيدة ريتا دياتا.;Phish Email - 164
165;سيدي العزيز  2CI أود التقديم من خلال هذه الرسالة لتعاونك السريع ولتأمين في منصبك فرصة للاستثمار والقيام بأعمال تجارية مشتركة معك في بلدك  2E أنا أتطلع إلى ردك العاجل والإيجابي بالنسبة لنا لمناقشة التفاصيل  2Ehank you  2E Sincerely  2C Malick Diop - الرئيس التنفيذي Credit Mutuel du Senegal - لم يتم العثور على فيروس في هذه الرسالة الصادرة.;Phish Email - 165
166;صديقي العزيز ، لدي مبلغ توصيف يزيد عن 18.2 مليون دولار أمريكي ، وأسعى للحصول على شراكة من أجل استيعابي ، وستحصل على 40٪ من المبلغ الإجمالي لشراكتك. هل يمكنك أن تكون شريكي في هذا؟ مقدمة لنفسي: أنا السيد. كيمايفا ليودميلا ، السكرتير الشخصي لميخائيل خودوركوفسكي ، أحد أغنى رجل في روسيا;Phish Email - 166
167;ï¿½ ما لدي هنا معي هو شهادة الإيداع ، التي حصلت عليها من البنك عند إيداع الأموال التي سأرسلها إليك بمجرد المضي قدمًا. يمكنني أن أؤكد لكم أن هذا المشروع سيجمعنا معًا لعلاقة طويلة الأمد. أدخل رقم هاتفك الخاص حتى أتمكن من التحدث معك. أتوقع ردك وفقًا لذلك. ï¿½ مشكلتي الآن هي أن المحكمة الدولية أعطت الرئيس تشارلز تيلور تفويضًا للمثول أمام المحكمة ، وهو الأمر الذي سلمته حكومة نيجيريا بالفعل إلى المحكمة العالمية للحكم على حكمه السابق للشعب الليبيري. ï¿½ بمجرد تحويل هذه الأموال إلى بلدك ، سآتي على الفور. ï¿½ مع أطيب التحيات ï¿½ ديفيد جونز. (يرجى الرد باستخدام معرف البريد الإلكتروني هذا:;Phish Email - 167
168;مرحبًا ، يسعدني كثيرًا أن أكتب لك هذا البريد الإلكتروني ، وحتى عندما يفاجئك الأمر ، أتمنى أن تجده مثيرًا للاهتمام. دعني أولا أعرفك على نفسي. اسمي ديفيد تيمز. أنا مدقق تنفيذي لدى aBank هنا في أوروبا ، وأود أن استخدم هذه الوسائل لطلب مساعدتك في نقل بعض الأموال إلى بلدك. لقد اتصلت في سياق واجباتي بمبلغ جيد من الصندوق الذي كان غير نشط منذ عدة سنوات حتى الآن ، وأثبت تحقيق دقيق أن المودع الأصلي للصندوق قد توفي منذ خمس سنوات وكل محاولات الوصول إلى المستفيد المفترض من الوديعة كانت بلا جدوى وقبل ذلك خسر للدولة قررت نقله. من المهم أن أبلغكم أيضًا بأنني قمت بالفعل بنقل هذا الصندوق خارج المؤسسة والآن في أمان مع دار التمويل والأمن ، أود نقله إلى الخارج الآن وهذا هو المكان الذي أحتاجه لك. بعد الاستشارة القانونية ، أعددت طرقًا لطريقة آمنة لمعاملة مثالية. ولكن كن على يقين أنه من أجل مساعدتك وشراكتك ستحصل على نسبة جيدة من الصندوق ، من المهم أن تعلم أن خمسين بالمائة من الباقي سيتم استثمارها هناك تحت إدارتك لفترة زمنية قابلة للتفاوض وسنفتح حوارًا مثمرًا قريبًا جدًا لهذا الغرض. إنني أتطلع إلى عملنا عن كثب في رؤية هذه الصفقة عمليا تصل إلى نهاية مثالية. للتواصل الفعال ، يرجى التكرم بتضمين أسماؤك الكاملة ، والعنوان ، والمهنة ، والعمر ، وخاصة رقم هاتفك ، وسأتصل بك بمجرد أن أحصل على ردك. إنني أتطلع إلى الاستماع منك ومن امتناني لصبرك مع احترامك;Phish Email - 168
169;"{تحيات اليوم وإثباتاته} عزيزي سيدي / سيدتي ، لكي أحول من أحد البنوك مبلغًا من المال ، لدي الشجاعة للبحث عن شخص موثوق به وصادق قادر على أداء هذا العمل المهم معتقدًا أنك لن تفعل ذلك أبدًا اسمحوا لي أن أسقط الآن أو في المستقبل. اسمي السيد عيسى جمعة ، وأنا أعمل في قسم العمليات الدولية في Bankhere المحلي في جنوب أفريقيا. في عملية تفتيش روتينية ، اكتشفت حسابًا منزليًا خاملاً مع BAL. بالنسبة إلى 26.000.000 (ستة وعشرون مليون دولار أمريكي) في تحقيق إضافي سري ، اكتشفت أيضًا أن صاحب الحساب قد توفي (ميتًا) منذ فترة طويلة ولم يترك أي مستفيد في الحساب. سيوافق البنك على هذه الأموال لأي أجنبي لأن المشغل السابق للمكيف هو أجنبي ومن العراق على وجه الخصوص وأنا متأكد من أنه مات ولن يأتي أحد مرة أخرى للمطالبة بهذه الأموال. المطالبة بهذه الأموال فقط مع مطالبات قانونية لصاحب الحساب ؛ لذلك أنا بحاجة إلى تعاونكم في هذه الصفقة ، وسأقدم المعلومات اللازمة للمطالبة بهذه الأموال ، لكنكم ستحتاجون إلى فتح حساب حيث يمكن تحويلها. إذا كنت مهتمًا ، أرسل رقم هاتفك الخاص ورقم الفاكس بما في ذلك التفاصيل الكاملة للحساب المراد استخدامه للإيداع ، وأتمنى أن تتحلى بأقصى قدر من السرية في التعامل مع هذه المعاملة حيث إن وظيفتي ومستقبل عائلتي سيتم تحديدها في حالة انتهاكها. ستكون المعلومات على النحو التالي ....... اسم البنك: ......... عنوان البنك: ........ اسم الحساب: ............ رقم الحساب: ............. رقم كود السويفت: ................ رقم التوجيه: ... ....... أريد أن أؤكد لكم أن الصفقة بلا مخاطر إذا كانت الإجراءات القانونية الواجبة";Phish Email - 169
170;لاغوس ، نيجيريا سيدي العزيز / سيدتي أنا الدكتور مارتينز أويلي رئيس لجنة المناقصات لمؤسسة البترول الوطنية النيجيرية (NNPC). تهتم لجنتي بشكل أساسي بدفع جميع العقود الممنوحة من عام 1999 حتى الآن ، بترتيب الأولوية فيما يتعلق بالمشاريع الرأسمالية لشركة NNPC. المعلومات التي جمعناها من وزارة الخارجية لغرف التجارة والصناعات النيجيرية إيجابية للغاية لدرجة إقناعنا بأنك ستقدمها. لدينا حل لصفقة تحويل الأموال بقيمة واحد وثلاثين مليون دولار أمريكي وبالتالي مشروع تجاري مشترك. قيمة بعض الوظائف التي قام بها المقاولون الأجانب لشركة NNPC بما يتناسب مع;Phish Email - 170
171;سيدي العزيز / سيدتي ، لدي عميل يرغب في الاستثمار في بلدك حاليًا ، يتم إيداع الصندوق في خزينة البنك الأمني ​​بمبلغ 9 ملايين دولار أمريكي (تسعة ملايين دولار أمريكي). موكلي هو جنرال في جيش ليبيريا ويريد أن يظل اسمه سراً للغاية ، إذا كان بإمكانك المساعدة ، يرجى إرسال بريد إلكتروني أو الاتصال بي على رقم الهاتف +44 7863369201 0r infomazi08@yahoo.co.uk حتى نتمكن من ترتيب كيفية القيام بذلك لنقل الأموال إلى بلدك. سنقدم لك 15٪ من المبلغ الإجمالي البالغ 9 ملايين دولار أمريكي كرسوم لجهودك ودعمك ، أنا في انتظار ردك العاجل. الرجاء الرد ، شكرًا لك ، تعامل مع الأسف في أسرع وقت.;Phish Email - 171
172;"أوصت السيدة ليزا ويليامز بالصفحة التالية من موقع ""فرق أمريكا"". الرجاء الضغط على الرابط أدناه لعرض الصفحة ""صديقي العزيز ، أنا السيدة ليزا ويليامز من ماليزيا ، أنا متزوجة من الدكتور ويليامز سوزوكي الذي عمل مع بنك ساتندارد في لندن لمدة تسع سنوات قبل وفاته في عام 2003. كنا متزوجين لمدة تسع سنوات بدون طفل ، وتوفي بعد مرض قصير استمر أربعة أيام فقط ، وبعد وفاته في عام 2003 ، كان هناك ارتباك في جميع أفراد الأسرة فيما يتعلق بتقاسم أصول الأسرة وأكثر من ذلك ، هناك حسد وغيرة حيث كان من الواضح أن كنت الزوجة المفضلة لزوجي ، لأن زوجي كان لديه ثلاث زوجات وأنا أصغرهم ، وكان زوجي مسلمًا وهو على قيد الحياة ، بمجرد وفاته ، إلى جانب حقيقة أن ما لدي وما هو واجب لي قد أخذ بعيدًا عني بسبب العلاقات الأسرية الجشعة التي تستند أسبابها إلى التقاليد والأخلاق الأسرية ، لذلك قررت أن أخرج بعناية الأموال التي أودعها زوجي من البنك حيث تم إيداعه في الأصل بمساعدة الدبلوماسيين البريطانيين والإيداع في ر مع منظمة خاصة في الخارج مبلغ الصندوق 18 مليون دولار. في الوقت الحاضر ، لا يزال هذا المال مع المنظمة. أطالب بشراكتك بتحويل الأموال إلى حسابك ، لقد اتخذت هذا القرار لأنني لا أملك أي طفل وأقاربي زوجي ليسوا على علاقة جيدة معي ، ولا أريدهم أن يعرفوا عن هذا التطور ، والله جميعا الأمور ممكنة ، أنا على استعداد لتعويضك بنسبة 20٪ ، كما أنني خصصت 10٪ عن أي مصاريف قد تتكبدها في هذه المعاملة لكلا الطرفين ، وبمجرد تلقي ردك ، سأقوم بإعطائك التفاصيل الكاملة المتعلقة بهذه المعاملة . في انتظار ردكم العاجل من خلال عنوان بريدي الإلكتروني الخاص على النحو التالي (mrslisasuzuki1@yahoo.com) مع أطيب التحيات ، السيدة ليزا ويليامز سوزوك """;Phish Email - 172
173;يرجى التواصل معي على الفور عبر رقم الهاتف / الفاكس + 44-870-135-3147 أو البريد الإلكتروني: emmawuro@o2.pl بأمانة ، إيما وور- إيما وورو;Phish Email - 173
174;اطلب منه أن يرسل إليك المبلغ الإجمالي (1،000،000.00 دولار) مليون دولار في حوالة بنكية معتمدة احتفظت بها لتعويضك ، وكذلك هاتفك وعنوان منزلك. مع أطيب التحيات ، دكتور إيفانز جودلاك;Phish Email - 174
175;سيدي العزيز / سيدتي ، أنا مستشار مالي مقيم في شرق لندن. لدي عميل (أرملة) لديها 12.000.000 دولار أمريكي مع شركة أمن عالمية لحفظها بأمان. وهي على استعداد لتقديم 20٪ من إجمالي الأموال إذا كان بإمكانك مساعدتها في تحويل هذا الصندوق إلى بلدك أو إلى أي بنك ترغب فيه ، وترغب في الاستثمار في اقتصاد مستقر ، وينصب اهتمامها على الشركات التي لديها إمكانات للنمو السريع على المدى الطويل. عميلي مهتم بوضع جزء من أمواله في شركتك ، إذا كانت لوائح بلدك تسمح بالاستثمار الأجنبي. اتصل بي على هاتفي المباشر +447024064728 لمزيد من المعلومات والتوجيهات. تفضلوا بقبول فائق الاحترام ، لورانس موريس 7 طريق كيمرتون. لندن الشرقية. ن: ب خلو الصندوق من الجرائم المتعلقة بالمخدرات والغسيل وتحتاج هذه المعاملة إلى أقصى درجات السرية;Phish Email - 175
176;تنبيه صديقي العزيز ، مطالبة الميراث الخاصة بك ، هذا هو إبلاغك بأن مطالبتك المتعلقة بالتعويض عن الإرث لدى أحد البنوك التجارية سيتم إصدارها ، عبر خدمة التحويل (KTT) التي تم اختبارها من خلال مفتاح التحويل (KTT) إلى أوروبا. لاحظ أنه يجب أن تبدأ قضية من هذا الهيكل باجتماع رسمي ، ولكن بسبب عامل الوقت والحاجة الملحة التي تتطلبها هذه المسألة ، يرجى تحمل معي لإجراء الاتصال الأولي من خلال البريد الإلكتروني السريع. رقم 3028882234 جاء إلى مكتبي قبل أيام قليلة بخطاب ، يطالب بأن يكون الممثل الحقيقي لك.;Phish Email - 176
177;اتصل بي على رقم هاتفي المحمول: 234-80-298-330-21 ، لتمكيننا من المناقشة أكثر ، وأطلب منك إرسال رقم هاتفك / الفاكس وعنوان منزلك ونسخة من رخصة القيادة الخاصة بك كدليل على صدقك في هذا معاملة وأنت حر في الاتصال بي إذا كنت مهتمًا. لا تتردد في الاتصال بي. أتطلع إلى ردكم العاجل. مع أطيب التحيات ، باريستر ساني أدو (ESQ) - المحامي ساني أدو أدو;Phish Email - 177
178;عزيزي  2CI تلقيت اتصالك من مركز معلومات Ecowas في C  F4te d'Ivoire  2E أعطتني مصادر الاتصال الخاصة بي الشجاعة والثقة  2E يسعدني الاتصال بك لمشروع تجاري أنوي تأسيسه في بلدك  2C على الرغم من أنني لم ألتقي بك من قبل ولكن أعتقد أنه يجب على المرء أن يخاطر بالثقة بالنجاح أحيانًا في الحياة  2E أنا يايا ضيوف ابن وزير الدفاع والداخلية السابق  2E هناك هذا الكم الهائل من الولايات المتحدة 15 دولارًا أمريكيًا  2E6 مليون دولار احتفظ بها والدي الراحل لنا في شركة هنا في السنغال داكار قبل اغتياله على يد مجهولين  2 الآن قررت أنا وأختي الصغرى استثمار هذه الأموال في بلدك أو في أي مكان توفير ما يكفي خارج إفريقيا لأسباب أمنية وسياسية  2E نريد منك مساعدتنا في المطالبة واسترداد هذه الأموال من مالكي الأموال الائتمانية وتحويلها إلى حسابك الشخصي في بلدك لأغراض الاستثمار في المشاريع المربحة  2 إذا كان بإمكانك مساعدتنا  2C فسنقوم بذلك مؤجر لنقدم لك 32٪ من إجمالي الصندوق  2E أنتظر ردك الأقرب من خلال بريدنا الخاص  3A يايا  5Fdiouf  40yahoo  2EcomRespect بالكامل لك  2CMr Yaya Diouf  2E;Phish Email - 178
179;قد يكون هذا البريد مفاجئًا لك لأننا لم نلتقي ولم نلتقي ببعضنا البعض ، لقد تلقيت اتصالك من خلال استفسار منفصل ، أنا السيد تشوكس أوهاكانو من البنك الوطني الأول لجنوب إفريقيا ، هنا في جوهانسبرغ. أعمل مع قسم التدقيق كمحاسب تنفيذي ، أنا متزوج ولدي ثلاثة أطفال ، اكتشفت حسابًا خاملًا خلال السنوات السبع الماضية ، أثناء عملي ، قمت بالتحقيق في الحساب ووجدت أن المالك ، السيد آرثر دينيس ، من ألمانيا ، توفي في حادث سيارة في 7 مايو 1998 ، وفي استفسارات لاحقة ، علمت أنه مات دون وريث أو وصية ، وإذا لم يطالب بها أحد ، فستكون هذه الأموال (ستة عشر مليون دولار أمريكي ، 16 مليون دولار) استردتها الحكومة كأموال لم تتم المطالبة بها ، وأنا أعرض القيام بهذا العمل معك بناءً على السجلات التي تمتلكها على أنها صادقة وتخشى الله .. كل ما عليك فعله هو تقديم حساب حيث سيتم نقل هذه الأموال. يمكن أن يخدم الحساب أو تقوم بإعداد حساب جديد لهذا المتوفى سوف يقوم بمعالجة جميع المستندات القانونية المطلوبة لدعم ذلك ، ويقوم البنك بتحرير الأموال لك ، ثم سأأتي إلى بلدك لتقاسم الأموال وإمكانيات الاستثمار اللاحقة. إذا كنت مهتمًا ، فلا تتردد في مراسلتي بالبريد ، حتى أتمكن من إعطائك الخطوة التالية ، فأنا أقدم لك 35٪ من هذا المال ، و 5٪ للأعمال الخيرية ، و 5٪ لتغطية أي نفقات قد تكبدها أي من الطرفين أثناء سير هذه المعاملة ، ثم سأحتفظ بـ 55٪ إلى أنا نفسي لأغراض الاستثمار ، أنتظر بجدية ردك وأعتقد أنك لن تخذلني أثناء أو بعد هذه الصفقة. chuks ohakanu;Phish Email - 179
180;"الاهتمام بالمال وكلفني بالبحث عن أجنبي يساعدني في قبول / استثمار الأموال في الخارج. لذا سأكون ممتنًا للغاية إذا قبلت مساعدتي في تحقيق هذا الهدف العظيم. أعدك بمنحك 20٪ من إجمالي الأموال كتعويض عن مساعدتك. سيتم تخصيص خمسة بالمائة (5٪) جانبًا لتغطية أي نفقات قد نتكبدها أثناء المعاملة. للإشارة إلى اهتمامك ، اتصل بي بشكل عاجل وسري لمزيد من المعلومات والأدوار التي ستلعبها في هذا العمل. سيتم إرسال جميع المستندات القانونية المتعلقة بهذه الأموال إليك بمجرد اتفاقنا معًا. أرسل ردك من خلال هذا المربع من فضلك. بارك الله فيك. تفضلوا بقبول فائق الاحترام السيدة CYNTHIA PEPPLE________________________________________________ احصل على رقم ""800"" الخاص بك عبر البريد الصوتي والفاكس والبريد الإلكتروني وغير ذلك الكثير http://www.ureach.com/reg/tag";Phish Email - 180
181;100 مليون دولار في ماليزيا ، 80 مليون دولار في الإمارات العربية المتحدة والرصيد 170 مليون دولار في هولندا ، لذلك أطلب مساعدتكم الجيدة لاستثمار هذه الأموال في الاستثمار المربح في بلدكم لتسهيل البقاء في المستقبل لعائلتي في الخارج. قررت تقديم 10٪ من هذه الأموال لك كتعويض عن تعاونك القوي ، أرجو أن أعتمد على السرية المطلقة والشفافية والثقة الخاصة بك بينما أتطلع إلى ردك السريع نحو إتمام سريع لهذه الصفقة التجارية ، فأنا لا زلت لك بصدق الأمير فياض. BolkiahBrunei Darussalam. يرجى الرد على عنوان بريدي الإلكتروني الخاص- ROYALMAJESTY@K.RO;Phish Email - 181
182;صديقي القيم أنا السيد  2E مايك أتو  2C مدير فرع إقليمي  2C InternationalCommercial Bank ltd  2C Ghana  2C West Africa  2E أكتب لك هذه الرسالة بحسن نية وثقة وتوقع منك أن تحافظ عليها سرية  2E كما كنت أتمنى لك لن تشعر بالحرج لأنني اتصلت بك  2E لدي هذا الاقتناع بالاتصال بك ، حيث سيكون كل شيء مع تعاونك الكامل  2EI أنا مسيطر على مبلغ مليون  2C ثمانمائة وخمسين ألف دولار أمريكي  28 دولارًا 1  2C850  2C000  29  2 يمكن تحقيق أرباح زائدة عن طريق فرعنا الإقليمي في الربع الأخير من العام 2004  2E لقد وضعت الصندوق بعناية في حساب إيداع CallDeposit ولم أصرح به لمكتبي الرئيسي  2 أثناء المحاسبة عن نهاية العام الأرباح المالية  2 هل أثق بك حقًا في الاحتفاظ بهذه الأموال من أجلي حتى أصل إلى بلدك واستلمها بنفسي وقمت بخصم 30٪ من إجمالي الأموال كأجر لك  3F إذا قبلت عرضي ، يمكنك الاتصال بي على الفور  2E إذا كنت لا تقبل هل نسيت انني اتصلت بك  3 FI أريدك أن تحصل على حساب جاري جيد في بلدك حيث يمكنني نقل هذه الأموال  2E سأقدم لك سرًا جميع المعلومات المتعلقة بالحساب حتى تتمكن من التقدم إلى مكتبنا الرئيسي لتحويل الأموال إلى حسابك  2 يجب عليك ' لا تخافوا  2C لأنها ستكون مجرد تحويل سلس من بنك إلى بنك  2E لا يوجد أي خطر عمليًا بالنسبة لشخصك  2E آمل في فهمك التام لوضعي وموقعي  2 شكرًا جزيلاً;Phish Email - 182
183;صديقي العزيز  2C أنا السيد LEE CHEN  2Cmanaginig مدير شركة China National Arts & Crafts Import  2E  2FExport  2E Corp  2E نحن مجموعة من رجال الأعمال الذين يتعاملون مع الفن والحرف والتصدير إلى كندا  2 أمريكا وأوروبا  2E نحن نبحث عن ممثلين يمكنهم مساعدتنا في إنشاء وسيلة للوصول إلى عملائنا في كندا  2FAmerica وأوروبا بالإضافة إلى إجراء مدفوعات من خلالك إلينا  2E من فضلك إذا كنت مهتمًا بمعاملة الأعمال معنا ، فسنكون سعداء للغاية glad  2E يرجى الاتصال بنا للحصول على مزيد من المعلومات  2E وفقًا لرضاك ، ستتاح لك الفرصة للتفاوض على الوضع الذي سندفع مقابل خدماتك كممثل لنا في كندا  2FAmerica وأوروبا من فضلك إذا كنت مهتمًا  2E نحن انظر للأمام في الاستماع إليك  2E شكرًا مقدمًا المدير العام  2C السيد  2ELEE CHEN;Phish Email - 183
184;لا حظ في نهاية هذا الأسبوع مع التعرق الفاتح أو البني. بحثنا في المركز التجاري والهدف والكحل وفقط بعض العرق الداكن اللون. هناك الكثير من الملابس باللون الكاكي ، فهل يمكننا استخدام السراويل أو السراويل القصيرة بهذا اللون؟ Namita -------------- الرسالة الأصلية -------------- مرحبًا بالجميع ، ما زلت لم يحالفني الحظ مع الملابس البنية لأزياء القرد (التعرق) ، المحملات ، الجينز ، إلخ). في حالة احتياج أي شخص لباد لاصق ، فإن Joann Fabrics at Oak Valley بها صفائح من اللباد اللاصق البني الداكن (8-1 / 2 × 11 بوصة). لديهم أيضًا شعر بني غامض مقابل 4.99 دولارات للفناء. هل واجه أي شخص تعرق أصفر شاحب أو أبيض؟ يمكننا دائمًا صبغ العرق الأبيض باللون البني (مجرد فكرة). لورا;Phish Email - 184
185;"تبعًا لتوصية صالحك من مكتب الشركة التابع لوزارتنا التجارية ، أبدأ الآن في هذه المعاملة معك ، على افتراض أنك لن تزعجنا. جيمس مور ، المدير الإداري ، والمدير ، لجنة منح العقود (C.A. F.M.M.P). نطلب مساعدتك والإذن بتحويل هذا المبلغ إلى حسابك ؛ ستكون عمولتك 30٪ من المبلغ الإجمالي ، و 10٪ للحالات المحتملة ، والرصيد 60٪ لزملائي ، ويرجى إخطاري بقبولك لتنفيذ هذا المشروع بشكل عاجل. وعند استلامك للتدليك ، سوف نوفر لك وسائل لوجستية وطرق أخرى للتطبيق الرسمي لتأمين الموافقات اللازمة للإفراج الفوري للصندوق إلى حسابك.";Phish Email - 185
186;"أنا مسؤول حكومي ، دولة الإمارات العربية المتحدة. أنا مهتم بمنتجات شركتك. لقد كلفتني حكومتنا بالاتصال بشركة لديها منتجات جيدة لتوريدها للمشروع الجديد. قررت الاتصال بشركتك للمشروع. سأرسل لك المنتجات التي يجب توفيرها في شركتك عندما أسمع منك. ومع ذلك ، سأبلغك عندما تكون معرفتك في حاجة إلى توفير المنتجات. أنتظر ردك العاجل في التعامل مع شركتك. اتصل بي من خلال هذا البريد الإلكتروني التالي ؛ ahmendsule@excite.com تفضلوا بقبول فائق الاحترام ، أحمد سولي";Phish Email - 186
187;الاسم: BARR.JAMES BRODERICK (ATTORNEY) هاتف: 44-7040120730FAX: 44-870-1348903 البريد الإلكتروني: barrjbroderick@web-mail.com.arEMAIL: williamspo@pnetmail.co.za يرجى تضمين الاسم الكامل ورقم الهاتف الخاص والفاكس في المكان الذي تريده يمكن دائمًا الوصول إلى عنوان السكن أو الشركة الخاصة بك لتمكينه من إرسال معلومات / مستندات تفصيلية ستمكنك من استلام الأموال دون أي مشكلة سواء الآن أو في المستقبل مثل جميع الطرق كما تم إتقانها ، يرجى الرد العاجل الخاص بك. مع أطيب التحيات ، السيدة سوزانا نوهان VAYE (WIDOW) ___________________________________________________________________________ البريد المرسل من خدمة WebMail على www.zerosurf.net;Phish Email - 187
188;(1) اسمك / اسم الشركة والعنوان الكامل. (2) اسم المصرف الذي تتعامل معه ، ورمز Swift ، والعنوان ، وأرقام الهاتف والفاكس. (3) رقم الهاتف / الفاكس للاتصال بك (4) وظيفتك (5) ID صالح استلام التفاصيل المذكورة أعلاه ، سيتم تنشيط الدفع عن طريق fe  eding لبياناتك في نظام الدفع ، متبوعًا بإشارة تقدم إلى البنك الذي يقوم بالدفع لتحويل الأموال إلى حسابك المصرفي المحدد في غضون 7 أيام عمل رسمية من استلام المعلومات الواردة أعلاه. سيكون استجابتك السريعة موضع تقدير كبير. إدوارد سميث مسؤول البروتوكول إدوارد سميث مسؤول البروتوكول Elstree WayBorehamwood HertfordshireWD6 1GA ، لندن ، المملكة المتحدة;Phish Email - 188
189;نظرًا لأن بعض المسؤولين الحكوميين أنشأوا شركات ومنحوا أنفسهم  عقودًا تم إصدار فواتير بها بشكل كبير في وزارات مختلفة ، فقد حددنا أيضًا الكثير من صناديق العقود المتضخمة المودعة حاليًا في  بنك هنا في داكار ومع ذلك ، بحكم موقعنا بصفتنا موظفين مدنيين وأعضاء في اللجنة ، لا يمكننا الحصول على هذه الأموال باسمنا. لذلك ، تم تفويضنا من قبل زملائي في اللجنة على سبيل الثقة للبحث عن مستفيد من الخارج سنقوم بتحويل المبلغ الإجمالي إلى حسابه مبلغ  25.500.000.00 دولارًا أمريكيًا [خمسة وعشرون مليون دولار أمريكي ، وخمسمائة ألف دولار أمريكي].;Phish Email - 189
190;"الإرسالية 23 مليون دولار نقدا لكن شركة الأمن لا تعرف المحتوى الفعلي للإرسالية لأنها أودعها والدي مع إقرار بأن محتواها من معادن ثمينة وألماس بقيمة 23 مليون دولار أمريكي ، وتم ذلك بحصانة دبلوماسية. ولأسباب أمنية ، في ذلك الوقت ، كان والدي لا يزال في الحكومة في بلدي زيمبابوي. هذه المعاملة في الأساس خالية من المخاطر بالنسبة لك ؛ لذلك ، اتصل بي ، ويفضل أن يكون ذلك من خلال رقم الهاتف أو الفاكس المذكور أعلاه لضمان أمان هذه المعاملة. لاحظ أنه بسبب الطبيعة السرية لهذه المعاملة ، أقدم لك معلومات الاتصال هذه. التي يمكنك استخدامها";Phish Email - 190
191;"تحويل هذه الأموال ، سيكون لديك الحق في 25٪ من الأموال بالكامل ، و 70٪ بالنسبة لي وللشركاء ، بينما تم تخصيص 5٪ لتغطية أي نفقات قد يتكبدها الطرفان خلال هذه المعاملة ، المحلية والدولية. من فضلك ، أوصيك بالتعامل مع هذه الصفقة بأقصى درجات النضج والسرية لأنني ما زلت غير نشط في الخدمة الحكومية مع ""NIGERIAN NATIONAL PETROLEUMCORPORATION"". إذا تلقيت ردك في الوقت المحدد ، يمكن أن تتم هذه المعاملة بأكملها في أقصر وقت ممكن بناءً على اهتمامك وقرارك ، نظرًا لأن الأموال قيد النقل بالفعل. في انتظار ردك العاجل وشكرًا على تعاونك المتوقع ، رد الدكتور جيري أحمد على ( jerrymahmed@regards.net)";Phish Email - 191
192;سيدي العزيز ، أنا مارك ميلر  2C الابن الوحيد للمدير المالي السابق الراحل الدكتور جوناثان ميلر  2C من شركة الماس والتعدين في سيراليون  2C أتمنى أن تكون بخير  2E أنا أتصل بك على أمل أن سوف تكون عونا كبيرا لي حاليا في متناول يدي المبلغ  28 $ 10 Million  29 Ten Million Dollar  2 Ewed by my الراحل في شركة الأمن في داكار السنغال  2C يظهر اسمي كأقرب أقرباء  2E تم تحقيق هذه الأموال من تصدير الماس  2C الآن أنا ألتمس اللجوء في داكار - السنغال تحت  28UNHCR  29  2E لقد اتصلت بك بسبب الحاجة  2C التي أنوي استخدامها لأغراض الاستثمار  2E لذلك أناشدك شخصيًا بجدية و دينيًا لمساعدتكم العاجلة في نقل هذه الأموال إلى بلدك  2C أنا أغادر بلدي بسبب الحرب الأهلية الكارثية في بلدي  2C يرجى التكرم بالرد علي عبر هذا البريد وتضمين أرقام الهاتف المباشرة الخاصة بك حيث يمكنني الوصول إليك بسهولة  2E بشكل قاطع  2C 20٪ لأي مصاريف s قد تتكبدها أثناء سبب هذه المعاملة  2C بينما 80٪ ستحتفظ بها على الثقة بواسطتك حتى نتمكن من اتخاذ قرار بشأن الاستثمار التجاري المناسب في بلدك  2C سأكون ممتنًا للغاية إذا قبلت اقتراحي بحسن نية و من المتوقع استجابة عاجلة منك قريبًا  2 يرجى الاتصال بي بهذه العلامة  5F2006miller  40yahoo  2EcomRegards وبارك الله من  2EMark miller  2E;Phish Email - 192
193;"بركاته لكم ، أنا الشخص المذكور أعلاه ولكني الآن أخضع للعلاج الطبي. أنا متزوج من الدكتور والتنر دي ماتينيز الذي عمل في السفارة الأنغولية في المكسيك لأكثر من تسع سنوات قبل وفاته في عام 2002 ، وتزوجنا لمدة 11 عامًا بدون طفل. توفي بعد مرض قصير استمر أربعة أيام فقط. قبل وفاته ، ولدنا مسيحيين من جديد. ومنذ وفاته ، قررت عدم الزواج مرة أخرى أو الحصول على طفل خارج منزل الزوجية الذي يعارضه الكتاب المقدس. وعندما كان زوجي الراحل على قيد الحياة ، أودع مبلغ 27.6 مليون دولار (عشرين- سبعة ملايين وستمائة ألف دولار أمريكي) مع شركة تمويل / تأمين واحدة في أوروبا ، ولا تزال هذه الأموال في الوقت الحالي مع شركة الأمن. أخبرني طبيبي مؤخرًا أنني لن أستمر خلال الأشهر الثلاثة القادمة بسبب مشكلة السرطان. على الرغم من أن أكثر ما يزعجني هو السكتة الدماغية. بعد أن عرفت حالتي ، قررت التبرع بهذا الصندوق للكنيسة أو أفضل من ذلك لشخص مسيحي يستخدم هذه الأموال بالطريقة التي سأقوم بتوجيهها هنا. أريد كنيسة أو فردًا يستخدم هذا لتمويل الكنائس ودور الأيتام و الأرامل يروجون لكلمة الله ويحرصون على صيانة بيت الرب. لقد جعلنا الكتاب المقدس نفهم أن الطوباوية هي اليد التي تعطي هذا القرار ، فقد اتخذت هذا القرار لأنني ليس لدي أي طفل يرث هذا المال وأقارب زوجي ليسوا مسيحيين ولا أريد أن يكسب أزواجي المال بشق الأنفس. يساء استعمالها من قبل الكافرين. لا أريد موقفًا يتم فيه استخدام هذه الأموال بطريقة شريرة ، ومن هنا سبب اتخاذ هذا القرار الجريء. أنا لا أخاف من الموت ومن ثم أعرف إلى أين أنا ذاهب. أعلم أنني سأكون في رئيس الرب. يقول خروج 14 ضد 14 أن الرب سيحارب قضيتي وسأحافظ على سلامتي. ولست بحاجة إلى أي اتصال هاتفي بهذا الصدد بسبب صحتي ووجود أقارب أزواجي حولي دائمًا. لا أريدهم أن يعرفوا عن هذا التطور. مع الله كل شيء ممكن. بمجرد أن أتلقى ردك ، سأعطيك جهة الاتصال بشركة المالية / الأمن في أوروبا. سأصدر لك أيضًا خطاب تفويض من شأنه تمكينك بصفتك المستفيد الأصلي من هذا الصندوق. أريدك أنت والكنيسة أن تصلي دائمًا من أجلي لأن الرب هو راعي. سعادتي هي أنني عشت حياة مسيحية جديرة. من يريد أن يخدم الرب فعليه أن يخدمه بالروح والحق. يرجى دائمًا أن تكون مصليًا طوال حياتك ، فأي تأخير في ردك سيعطيني مساحة في البحث عن كنيسة أو فرد مسيحي لهذا الغرض نفسه. أرجو أن تؤكد لي أنك ستتصرف وفقًا لذلك كما ذكرت هنا. آمل أن أسمع منك ، يرجى الرد على بريدي الإلكتروني الخاص ؛ <martinez4charity@yahoo.com> ابق مباركًا باسم الرب. السيدة روثان روبي مارتينيز. /yoursite.com";Phish Email - 193
194;"DOLLARS) محفوظة في شركة أمنية في غانا.  كما قال إن الشركة الأمنية لا تعرف محتوى الخزينة. لقد أودع المال في شركة أمن آمنة بسبب المبلغ الكبير ، وقد سمم من قبل شركائه في العمل ، وأخبرنا أنه يجب علي البحث عن شريك أجنبي في بلد من اختيارنا حيث يمكننا تحويل هذه الأموال واستخدامها من أجل أغراض استثمارية ، أريد منك مساعدتي في تصفية هذا الصندوق من شركة الأمن واستثماره لنا هناك في الخارج بصفتنا المستفيد الأجنبي من الصندوق ، واستخدامه أيضًا لغرض الاستثمار ، ومجالات الاستثمار المهتمة لدينا هي ؛ العقارات والفنادق وصناعة البترول. نسعى بشرف إلى مساعدتك بالطرق التالية ؛  (1) لمساعدتنا في تصفية هذا الصندوق من شركة الأمن  وتحويله إلى بلدك بنجاح.  (2) لتكون بمثابة الوصي على هذا الصندوق لأنني  فتاة تبلغ من العمر (22) عامًا ، بينما أخي (20) عامًا.  (3) لجعل الهدف  _blank> http://www.excite.com </ a> </b>  البوابة الأكثر تخصيصًا على الويب! </ font> --EXCITEBOUNDARY_000__45d2b4f92536b6c7f80c7cd307ee2b63--";Phish Email - 194
195;من مكتب الدكتور إبراهيم كواتارا مدقق ، الوزارة الاتحادية للصحة والخدمات الاجتماعية ، داكار السنغال. صديقي العزيز. خطاب للحصول على مساعدة عاجلة بشأن تحويل الأموال أولاً ، يجب أن ألتمس ثقتك التامة في هذه المعاملة عن طريق الحفاظ على طبيعتها باعتبارها سرية تمامًا وسرية تامة. لقد حصلت على جهة الاتصال الخاصة بك في بحثنا عن شريك أجنبي لديه القدرة والموثوقية لمقاضاة صفقة كبيرة الحجم تنطوي على معاملة تجارية معلقة تتطلب أقصى قدر من الثقة. نحن كبار المسؤولين في وزارة الصحة والخدمات الاجتماعية الفيدرالية  داكار السنغال ، نحن مهتمون بالاستثمارات في بلدك بأموال محاصرة حاليًا هنا السنغال في بلدان أخرى لبدء هذا العمل ، نطلب مساعدتك لتمكيننا من التحويل إلى حسابك  الأموال المحتجزة المذكورة.;Phish Email - 195
196;عناية: سيدي / maa ، يرجى ملاحظة أنني أقوم بتقديم مقدمة الأعمال هذه بناءً على تقديري لمصداقيتك وملف شركتك الشخصي الذي مررت به عبر الإنترنت. نظرًا لخبرتك الطويلة في مجال الأعمال ، أرغب في الدخول في شراكة معك. مدير العمليات الأوروبية لـ NPA-STP (الوكالة الوطنية للبترول في ساو تومي وبرينسيبي) ، على وجه الدقة ، أشرف على عمليات أوروبا للوكالة. يخولني منصبي في الوكالة أن أوصي بتخصيص النفط وتفعيل تراخيص توزيع النفط واستكشافه للمرشحين بناءً على اهتماماتي. في عام 2003 ، سهّلت وحققت ترخيص رجل أعمال من العراق ، وكان الترخيص لمدة 5 سنوات بسعر 24 مليون BBLS / 12 شهرًا لأسباب غير معروفة بالنسبة لي ، لم أسمع من الرجل منذ عام 2005 ، لقد سمعت مؤخرًا من مصدر موثوق أن الرجل قد تأخر ، وتوفي بسبب الهجمات الأخيرة في العراق. الترخيص ساري المفعول حتى تاريخه لأنني أضمن دائمًا أنني سألتزم بجانبي في الصفقة ، لقد قررت أن أبدأ في استخدام الترخيص من هذا الشهر. أسعى للحصول على مشاركتك كشريك بسبب خبرتك في الأعمال التجارية ، وسأحزمك بصفتك المستفيد من ترخيص التخصيص ، وبسبب منصبي في الوكالة (NPA-STP) ، لا يمكنني التعامل مع هذا المشروع ، ولهذا السبب أحتاج إلى مساعدتك. مع الأحداث الجارية في ساو تومي وبرينسيبي ، سنتمكن من رفع 1.5 مليون برميل شهريًا على الأقل.;Phish Email - 196
197;لقد ساعدنا في تأمين عقد التنقيب عن النفط قبل بضع سنوات. بسبب مصلحتنا ، تمت فوترة العقد بشكل مبالغ فيه إلى المبلغ المذكور أعلاه وبعد العقد ، استلمت الشركة مبلغ العقد الفعلي وعادت إلى بلدهم تاركة وراءها هذا المبلغ المتضخم لي ولزملائي للمطالبة به. بالنسبة لي لمعالجة ونقل الصندوق للاستثمار ، لكن لا يمكنني القيام بذلك بمفردي لأنني ما زلت أعمل مع Global Security & Finanace Ltd. ولهذا السبب أحتاج إلى مساعدتك حتى أتمكن من استخدامك أنت أو شركتك لمعالجة الإفراج عن الصندوق كما لو كنت تتلقى دفعة لعقد تم تنفيذه. يرجى إعلامي عن نفسك / الشركة وإعلامي أيضًا إذا كان بإمكانك استلام الأموال نيابة عني واستثمارها في شركتك أو في أي سلعة ومربحة الأعمال التجارية في بلدك دون تعريفي ، حتى نتمكن من البدء في عملية التحويل. كل ما تحتاج إلى إرساله على الفور هو الأسماء الكاملة أو اسم الشركة وأرقام الهاتف / الفاكس الخاص بك ستكون حصتك 40٪ لمساعدتك ، بينما سأحصل على 55٪ و 5٪ سوف أتولى أي نفقات سيتم تكبدها في القضية يرجى إعادة الكتابة إذا كنت تعرف فقط أنك قادر بما يكفي لتنفيذ هذا المشروع معي. من فضلك هذه الصفقة تتطلب أقصى قدر من السرية. عنوان بريدي الإلكتروني الخاص البديل هو: markluke@bareed.com أتطلع إلى تعاونكم.;Phish Email - 197
198;سيدي العزيز  2FMadam  2CI أنا Muyiwa Ige مدير بنك Zenith  2C Lagos  2C Nigeria  2E لدي عرض عمل سريع وسري للغاية بالنسبة لك  2E في 28 فبراير  2C 1998  2C مستشار نفط أجنبي  2 مقاول مع شركة البترول الوطنية النيجيرية Corporation  2C Mr  2EBarry Kelly صنع وقتًا مرقمًا  28 ثابت  29 إيداع لمدة اثني عشر شهرًا تقويميًا بقيمة 20 دولارًا أمريكيًا  2C000  2C000  2E00  28 TwentyMillion Dollars  29 في فرعي  2E عند الاستحقاق  2C لقد أرسلت إشعارًا روتينيًا إلى عنوان الشحن الخاص به لكن لم أتلق أي رد  2EA بعد شهر  2C لقد أرسلت تذكيرًا وأخيراً اكتشفت من أصحاب العمل المتعاقد معهم  2C شركة البترول الوطنية النيجيرية أن السيد  2E Barry Kellyd مات من حادث سيارة  2E في تحقيق إضافي  2C اكتشفت أنه مات بدون جعل WILL  2C وجميع المحاولات لتتبع أقرب أقربائه كانت غير مثمرة  2EI لذلك أجرت مزيدًا من التحقيق واكتشف أن السيد  2E Barry Kelly لم يعلن عن أي قريب أو أقارب في جميع مستنداته الرسمية  2 بما في ذلك الأوراق المالية للإيداع المصرفي في بنكي  2 هذا المبلغ 20 دولارًا أمريكيًا  2C000  2C000  2E00 تم نقله بعناية من البنك الخاص بي إلى شركة أمان للحفظ  2 لن يتقدم أي شخص للمطالبة بـ  2E وفقًا للقانون النيجيري  2C في انتهاء الصلاحية 5  28 خمسة  29 عامًا  2C ، سيعود المال إلى ملكية الحكومة النيجيرية إذا لم يطالب أحد بالمطالبة بالصندوق  2 وبالتالي  2C اقتراحي هو أنني أريدك كأجنبي أن تكون من الدرجة التالية من الأقارب  2E أنا أكتب إليك لأنني كموظف عام  28 مديرًا مع البنك  29  2C لا يمكنني تشغيل حساب أجنبي أو أمتلك حسابًا يزيد عن 1 مليون دولار  2E ، لذلك أريد أن أقدم لك كأقرب أقرباء  28 مالكًا قويًا للصندوق  29 حتى تتمكن من المطالبة بها بمساعدة محامي معتمد  2 أخيرًا  2C أحثك ​​على تقديم الأسماء الكاملة على الفور  2C phone  2Faxnumbers وعنوانك البريدي الحالي حتى نتمكن من بدء العمل الورقي الذي سيقدم أنت بصفتك المستفيد الشرعي  28 التالي kin  29 ofthe Fund  2EAs بمجرد تحويل الأموال إليك 70٪ بالنسبة لي بينما 20٪ لك و 10٪ لأية مصاريف تم إجراؤها  2E يرجى الرد على الفور عنوان البريد الإلكتروني viamy  2E عند ردك  2C I ستوفر لك بعد ذلك المزيد من التفاصيل التي ستساعدك على فهم هذا العائق مجانًا  28 بدون مخاطر  29 معاملة  2 شكرًا وبارك الله  2EMuyiwa Ige;Phish Email - 198
199;مدير خدمة البتروكيماويات هنا في لندن ، مهندس كيميائي حسب المهنة ، وبعد ذلك ، لا أحد يعرف عن هذا الحساب أو أي شيء يتعلق به ، أنا فقط أتصل بك كأجنبي لأن هذه الأموال لا يمكن الموافقة عليها لأي بنك محلي هنا في لندن ، ولكن هل يمكن الموافقة على أي حساب أجنبي فقط لأن الأموال بالدولار الأمريكي؟ والمالك السابق للحساب هو السيد رفيق الحريري وهو أجنبي أيضا. أخيرًا ، في ختام هذا العمل ، سيتم منحك 35٪ من المبلغ الإجمالي ، و 60٪ ستكون بالنسبة لي ، بينما ستكون 5٪ للنفقات التي قد تكبدها الطرفان أثناء عملية هذه الصفقة. مع خالص التقدير ، د. كينجسلي وليام مارك.;Phish Email - 199
200;تحية باسم سيدنا يسوع المسيح ، أنا السيدة كاثرين تشارلز ، أرملة الشيخ تشارلز الراحل. أبلغ من العمر 61 عامًا ، وأنا الآن مسيحي جديد ، وأعاني من سرطان الثدي لفترة طويلة ، ومن كل الدلائل على أن حالتي تتدهور حقًا. من الواضح تمامًا أنني لن أعيش أكثر من ستة أشهر ، وفقًا لأطبائي. هذا لأن مرحلة السرطان قد وصلت إلى مرحلة معينة ، فقد قُتل زوجي الراحل خلال الغارة الأمريكية ضد الإرهاب في أفغانستان ، وخلال فترة زواجنا لم نتمكن من إنجاب أي طفل ، وكان زوجي الراحل ثريًا للغاية ، بعد وفاته ورثت كل أعماله وثروته. نصحني الأطباء بأني قد لا أعيش أكثر من ستة أشهر ، لذلك قررت الآن تقسيم جزء من هذه الثروة للمساهمة في تطوير الكنيسة في إفريقيا وأمريكا وآسيا وأوروبا. صليت عليه. أنا على استعداد للتبرع بمبلغ 5000.000.00 دولار أمريكي لمن هم أقل تخصصًا. من فضلك ، أريدك أن تلاحظ أن Fundis الكذب في البنك المركزي لنيجيريا وبناءً على تعليماتي ، فإن محامي موجود حاليًا في إفريقيا يوزع مواد إغاثة على بومباست في سليرا ليون ، وسوف يقدم طلبًا لتحويل الأموال في اسمك ، أخيرًا ، أدعو بصدق أن يكون هذا المال عند تحويله مؤكدًا للغرض المذكور ، لأنني اكتشفت أن اكتساب الثروة بدون المسيح هو باطل. نرجو أن تكون نعمة سيدنا يسوع محبة الله وشركة الله معك ومع أسرتك ، أنتظر الرد العاجل. لك في المسيح. السيدة كاثرين تشارلز;Phish Email - 200
201;1) اسمك الكامل. 2) رقم الهاتف والفاكس والجوال. 3) اسم الشركة والوظيفة والعنوان. 4) المهنة والسن والحالة الاجتماعية. 5) نسخة ممسوحة ضوئيًا من جواز السفر الدولي. أنت على علم ونصائح باتباع التعليمات فيما يتعلق بصندوقك. ما ورد أعلاه هو دفعتك (المرجع #. (000999 / CBN / 7535/2003.) أي بريد إلكتروني أو فاكسات مع أرقام الدفع الخاصة بك ، يجب أن تتجاهلها بأمانة. الخط المباشر 234-80-348-53467- بروفيسور تشارلز سولودو;Phish Email - 201
202;عزيزي يوم سعيد ،  20 من فضلك عاجل ATTN.  20 لا تقبل اعتذاري الصادق إذا كان بريدي لا يفي بأخلاقياتك الشخصية ، أنا السيد آدامز كابورا ، مدير الفاتورة والصرف في قسم التحويلات الخارجية في المصرف الذي أتعامل معه. اكتشفت في إدارتي مبلغًا مهجورًا  8.5 مليون دولار أمريكي ، (ثمانية ملايين وخمسمائة ألف دولار أمريكي) مع acco  unt number 14-2558-5976 الذي ينتمي إلى أحد عملائنا الأجانب الذين يختلفون مع زوجته والابنة الوحيدة في حادث تحطم طائرة لشركة طيران ألاسكا ;Phish Email - 202
203;السرية والسرية بينما نتعهد أيضًا بفعل الشيء نفسه. أؤكد لكم أن هذه المعاملة خالية تمامًا من المخاطر بنسبة 100٪ ، فالوقت ضروري ، وستكون استجابتكم العاجلة محل تقدير كبير.;Phish Email - 203
204;الاسم: السيدة. سوزانا نوهان فاي٪ بار جيمس بروديريك (المحامي) هاتف / فاكس: 44-70-40120730 البريد الإلكتروني: jamesbroderick009@yahoo.frEMAIL: jbroderick@kaixo.com البريد الإلكتروني: barrbroderick009@excite.com;Phish Email - 204
205;مساعدة الاستثمار صديقي العزيز  2C أنا مدقق حسابات على استعداد لوضع أموال في فرص الاستثمار المتاحة  2E لدي مبلغ معين من المال أرغب في الاستثمار فيه في الشركات الخاصة والمبتدئة مع إمكانات النمو السريع في المدى القصير  2E أنا مهتم بوضع جزء من الصندوق في شركتك  28 إذا كان أي منها  29  2C إذا كانت اللوائح تسمح بالاستثمار الأجنبي  2E إذا لم يكن لديك شركة  2C ، فسيسعدني الاستماع إلى أي منها مقترحات الأعمال التي قد تكون لديك  2E أود منك الاتصال بي من خلال هذا البريد الإلكتروني  3Ajohnsonkema  40netscape  2Enet  2E بالإضافة إلى إرسال ملف تعريف شركتك  28 إذا كان أي  29 أو أي معلومات ضرورية أخرى  2E في هذه الأثناء  2C سأكون ممتنًا إذا كان بإمكانك تقديم بعض التفاصيل عن نفسك  2E  28 الاسم الكامل  2C العمر  2C العنوان والمهن e  2Et  2Ec  29 يرجى الإقرار باستلام هذا البريد  2E شكرًا وبارك الله  2E إخلاصك  2C Johnson Kema  2E;Phish Email - 205
206;"ه. إذا قبلت  مساعدتي أنا وعائلتي. ستساعدنا في تحويل الأموال إلى أي حساب  سترشحه في الخارج. هذه الأموال التي أنا  لا أميل إلى استخدامها في الاستثمار. لدي خياران لك ، أولاً يمكنك ch  oose للحصول على نسبة معينة من المال لترشيح حسابك  لهذه الصفقة. أو يمكنك الدخول في شراكة  معي من أجل الاستثمار المربح للمال pr  oper في بلدك. أيًا كان الخيار  الذي تريده ، لا تتردد في إخطاري لأنني قد حددت أيضًا 5٪ o  f هذه الأموال لجميع أنواع النفقات المتكبدة في عملية  لهذه  المعاملة. إذا كنت لا تفضل شراكة فأنا على استعداد لمنحك 20 ٪ من المال بينما 75٪ المتبقية ستكون لاستثماري في شريكك  untry. اتصل بي برقم الهاتف أعلاه أثناء <؟ xml: namespace p  refix  3D o ns  3D ""urn: schemas-microsoft-com: office: office"" /> <o: p> </ o: p> < ";Phish Email - 206
207;"ستمكنني المعلومات الواردة أعلاه من تقديم طلبات ومطالبات للوزارات المعنية لصالح شركتك أو اسمك ومن المناسب أن أذكر هنا أن هذه الصفقة مبنية بالكامل على الثقة وخوف الله. سيدي العزيز ، إذا كنت قادرًا على التعامل مع هذه الصفقة ، تواصل معي من خلال رقم هاتفي الرسمي 234 2810 8124 لفهم هذه الصفقة بشكل مثالي. بعد إغلاق العمل كل أسبوع ، سأقوم بموازاة هذا الخط الهاتفي مع مقر إقامتي الرسمي ، الذي لا يبعد كثيراً عن مجمع الأمانة العامة الفيدرالي ، حتى تتمكن من الوصول إلي في أي وقت. تفضلوا بقبول فائق الاحترام ، إبراهيم عبى د. --------------------------------- حمل ياهو! Messenger الآن للحصول على فرصة للفوز بـ Robbie Williams ""Live At Knebworth DVD""";Phish Email - 207
208;من مكتب السيد هيثم شرف مدير فرع البنك الوطني لأبو ظبي الإمارات العربية المتحدة (الإمارات العربية المتحدة) أبو ظبي ، البريد الإلكتروني: haithamharaff @ arabtop.netDEAR ، أنا السيد هيثم شرف مدير فرع بنك أبو ظبي الوطني) ، لدي أمر عاجل و عرض عمل سري للغاية بالنسبة لك مستشار النفط البريطاني والمقاول مع شركة كروجر جولد ، السيد. قام ريموند بيك بعمل وديعة زمنية (ثابتة) لمدة اثني عشر شهرًا ، بقيمة 12،000،000.00 دولار أمريكي (اثني عشر مليون دولار) في فرعي ، وعند الاستحقاق ، أرسلت إخطارًا روتينيًا إلى عنوان إعادة التوجيه الخاص به ولكن لم أحصل على أي رد ، وبعد شهر أرسلنا تذكيرًا. وأخيراً اكتشفنا من أصحاب العمل المتعاقدين معه شركة كروجر جولد أن السيد. توفي ريموند بيك في حادث تحطم طائرة مع زوجته السيد والسيدة ريموند ودورين بيكين ، رحلة مصر للطيران رقم 990 ، تحطم طائرة عام 1999;Phish Email - 208
209;تحتوي هذه الرسالة على معلومات سرية وهي مخصصة فقط للمرسل إليه المحدد. إذا لم تكن المرسل إليه المسمى ، فلا يجب عليك توزيع هذا البريد الإلكتروني أو نسخه. لذلك لا يقبل المرسل liab  ility عن أي أخطاء أو سهو في محتويات هذه الرسالة ، والذي ينشأ نتيجة إرسال البريد الإلكتروني. يرجى ملاحظة أننا نحتفظ بالحق  في مراقبة وقراءة أي رسائل بريد إلكتروني يتم إرسالها واستلامها بموجب لوائح Telecommunicat  أيونات (الممارسات التجارية القانونية) (اعتراض الاتصالات) لعام 2000.;Phish Email - 209
210;Good Day  2CI يجب ألا تتردد في أن تثق فيك بهذا الطلب البسيط والصادق لمصلحتنا المتبادلة  2E أنا جيمس نيملي  2C ابن السيد الراحل  2ESteven Nimely من جمهورية ليبيريا  2 كان والدي من الذهب والألماس المزدهر تاجر في مونروفيا  2 كابيتال من جمهورية ليبيريا  2 عائلتي تعرضت للهجوم من قبل قتلة مجهولين  2 ماتت والدتي وشقيقتي على الفور لكن والدي توفي بعد خمسة أيام في مستشفى خاص  2E لم أكن أعرف أن والدي كان على وشك المغادرة أنا بعد أن فقدت والدتي وأختي  2E قبل أن يتخلى والدي عن الشبح  2CH أخبرني سراً أنه أودع مبلغ 7 ملايين دولار أمريكي في مؤسسة مالية في داكار عاصمة السنغال  2E أنا حاليًا في السنغال ولكن نظرًا لعدم وجود خبرة أو اهتمام بهذا النوع من الأعمال ، فقد نصحني بالبحث عن شريك تجاري موثوق به وجدير بالثقة والذي سيساعدني في تأمين وتحويل هذه الأموال إلى الخارج بشكل صارم لأغراض الاستثمار وللإرشاد  2 الآن أنا مطالب لمساعدتك في تأمين وتحويل هذا الصندوق إلى حسابك نيابة عني ومساعدتي في مغادرة إفريقيا واستثمار هذا الصندوق في أي عمل تجاري مربح ذي مغزى في بلدك  2E يحق لك الحصول على جزء كبير من Fund  2E  2 ننتظر بفارغ الصبر أن نسمع منك حتى نتمكن من مناقشة أساليب هذه الصفقة  2E شكرًا لاهتمامك الكريم والاستجابة الإيجابية المتوقعة  2EYours Sincerely  2CJames Nimely  2E;Phish Email - 210
211;من MISS MARIA DENISEADDRESS / AVE 11 RUE 45ABIDJAN COTE D IVOIREDearest BelovedBase في ملفك الشخصي يسعدني أن أطلب مساعدتك والدخول في شراكة تجارية معك ، وأعتقد أنك لن تخون ثقتي التي سأضعها عليك . أنا ملكة جمال ماريا دينيس ، تبلغ من العمر 20 عامًا ، والابنة الوحيدة لوالدي الراحلين السيد والسيدة دينيس كان والدي من محبي الأعمال المشهورة جدًا - (تاجر الكاكاو) الذي عمل في عاصمة ساحل العاج خلال أيامه. من المحزن أن نقول إنه توفي في ظروف غامضة في فرنسا خلال إحدى رحلاته التجارية إلى الخارج في العام الثاني عشر من شهر فبراير 2003 ، على الرغم من أن موته المفاجئ كان مرتبطًا أو يشتبه في أنه تم التخطيط له من قبل عمه الذي سافر معه في ذلك الوقت . لكن الله يعلم الحق! توفيت والدتي عندما كان عمري 4 سنوات فقط ، ومنذ ذلك الحين أخذني والدي بشكل مميز ، وقبل وفاته في 12 فبراير 2003 اتصل بالسكرتير الذي رافقه إلى المستشفى وأخبره أن لديه مبلغ عشرة ملايين يونايتد دولارات الولاية. (10000000 دولار أمريكي) تركت في شركة أمنية في صندوق صندوق معدني ، لكن شركة الأمن لم تكن تعرف المحتوى لأنه تم استبعاده من الأشياء الثمينة العائلية لأسباب أمنية. عمري 20 عامًا فقط وأنا طالب جامعي ولا أعرف حقًا ماذا أفعل. هذا لأنني عانيت الكثير من النكسات نتيجة الأزمة السياسية المستمرة هنا في ساحل العاج. لقد جلبت وفاة والدي الحزن إلى حياتي. سيدي ، لدي رغبة صادقة في مساعدتكم المتواضعة في هذا الصدد ، وسوف تحظى اقتراحاتكم وأفكاركم بتقدير كبير. الآن اسمح لي أن أطرح عليك هذا السؤال: - (1.) هل يمكنني أن أثق بك تمامًا ، فكر في هذا وارجع إلي في أقرب وقت ممكن ، شكرًا جزيلاً لك ، تحياتي الصادقة ، السيدة ماريا دينيس. - ماريا دينيس;Phish Email - 211
212;"(17:02 بتوقيت جرينتش) ، كان من بين ضحايا انفجار لندن الذين تم تحديدهم. يمكنك الانتقال إلى موقع WWW.CNN.COM / LONDONTERRORS منذ ذلك الحين ، لم يفعل أي شخص أي شيء فيما يتعلق بالمطالبة بهذه الأموال ، لأنه ليس لديه أي فرد من أفراد أسرته لديه أي فرد. معرفة بوجود الحساب أو الأموال ؛ وكذلك المعلومات الواردة من NationalImmigration تشير أيضًا إلى أنه كان أعزب عند الدخول إلى المملكة المتحدة. هذه المعاملة خالية تمامًا من المخاطر والمشاكل لأن الصندوق مشروع ولا ينشأ من المخدرات أو غسيل الأموال أو الإرهاب أو أي عمل غير قانوني آخر وأنا أيضًا سأذهب لتأمين جميع المستندات القانونية التي ستنشأ عن الصندوق في حسابك لإثبات أن الصندوق هو صندوق ميراث ، يجب أن تعلم أيضًا أن صندوق الميراث غير محظور في أي دولة بمجرد حصول المستفيد على جميع المستندات القانونية لإثبات شرعية الصندوق. اهتمامك ، دعني أسمع منك على وجه السرعة. ديفيس بيري ----------------------------------------- ابق في صدارة منحنى المعلومات .تلقي أخبار ووظائف EDA على سطح مكتبك يوميًا. اشترك اليوم في النشرة الإخبارية EDA CafeNews.";Phish Email - 212
213;(miobod@hotmail.com.) سيخبرك بطرق المطالبة بالأموال  ويعطيك أيضًا رقم هاتفه عند الاتصال به. سوف تساعدني  في استثمار هذه الأموال ، لكنني لن أريد الكشف عن هويتي. أنا  أرغب أيضًا في شراء عقارات وأسهم في شركات متعددة الجنسيات و  الانخراط في استثمارات أخرى آمنة وغير مضاربة بمساعدتك.  في هذه المرحلة ، أود التأكيد على المستوى العالي من السرية ، والذي  يتطلب هذا العمل وأتمنى ألا تخون الثقة  التي أضعها عليك. بمجرد أن أتلقى ردك ، سنناقش الطرائق الأخرى ;Phish Email - 213
214;معارفي العزيز ، اسمحوا لي أن أقدم نفسي. أنا إيان سمول سميث ، محامٍ وشريك أول في David H. Botha ، Du Plessis and Kruger inc. تم تعييني مؤخرًا لتقديم خدمات قانونية لرئيس سابق لدولة كاريبية مقيم في اللجوء السياسي في جنوب إفريقيا. بناءً على طلب من موكلي ، تم تكليفي بالاتصال بك بخصوص  أحد معارف العمل الذي يتطلب منك التصرف بصفتي فائدة قانونية  r لموكلي في نقل جزء من تركته. سيتم تسليم جميع الوثائق القانونية في سياق هذا التعارف على النحو الواجب ، لتسهيل وضعك قانونيًا ، أثناء التصرف في صفة صفة المستفيد أثناء هذا النقل . يجب على مكتبي أن يوقع من قبل كل من موكلي وشخصيتك المتواضعة التي تضمن لك نسبتك كشكل من أشكال الامتنان لجهودك. تواصل معي عبر البريد لمزيد من التفاصيل. إذا لم تتمكن من التعاون مع موكلي ، فيرجى إبلاغي بذلك أيضًا. أنتظر كلمات منك ، كلماتك بأمانة أنا. Small-smith .__________________________________________________________________ احصل على Tiscali Broadband من  A315: 99http: //www.tiscali.co.uk/products/broadband;Phish Email - 214
215;اسمي السيد نيلسون براون ، أحد كبار المراجعين رئيس قسم الحوسبة هنا في مصرفنا. من خلال التفتيش الروتيني الذي أجريته ، اكتشفت حسابًا محليًا خاملاً برصيد (خمسة وثلاثون مليون جنيهًا فقط) لقد كتبت فقط للحصول على تساهلك ومساعدتك في تحويل هذا الصندوق ، أقترح إجراء هذا التحويل إلى حساب مصرفي معين من اختيارك ، وبالتالي ، فأنا بحاجة إلى التساهل والدعم ، حيث ستكون حصتك 25٪ من إجمالي مبلغ التحويل بعد إتمام التحويل بنجاح ، سيتم تخصيص 5٪ لأي نفقات قد يتكبدها كل منا أثناء النقل و 5٪ سيتم تخصيصها للأعمال الخيرية. دعني أعرف ما إذا كان بإمكانك التعامل معها. مع أطيب التحيات ، السيد نيلسون براون.;Phish Email - 215
216;عزيزي ، اسمي الأمير جورج السنوسي ، الابن الأول للراحل زين العابدين السنوسي وزير الخارجية السابق لبلدي (غينيا كوناكري) ، كشف لي والدي عن إيداع صندوق صندوق. محتوى صندوق الأمتعة هذا هو مبلغ (ثمانية عشر مليون دولار أمريكي) الذي كان نصيبه من بيع الماس السري عندما كان في المكتب ، أطلب بصدق مساعدتك للحصول على هذه الأموال وحصتك. لمساعدتي ستكون 15٪. أريد أن أؤكد لكم أن هذه الصفقة خالية من المخاطر بنسبة 100٪. مع أطيب التحيات الأمير جورج السنوسي;Phish Email - 216
217;من السيدة سوزانا نوهان فايليبيريا - غرب إفريقيا صديقي العزيز ، عائلة نائب وزير الأشغال العامة السابق ، السيد إيزاك نوهان فاي من ليبيريا في غرب إفريقيا لديها فائض في الأموال للاستثمار بثقة تامة من ميراثنا. يرجى الاتصال بنا لمزيد من المعلومات التفصيلية حول طبيعة / سبب المساعدة ، وأمن المعاملة ونسبة المشاركة. قم بتضمين رقم الهاتف / الفاكس الخاص بك للحصول على سرية أفضل ، إذا كنت مهتمًا بعلاقة العمل العاجلة هذه ، فيرجى الرد علي من خلال عنوان بريدي الإلكتروني الآمن ( snuhanvaye@aim.com) لمزيد من التفاصيل ، أنتظر ردك العاجل ، مخلصًا لك السيدة سوزانا نوهان فاي (أرملة) السيد كريستوفر نوهان فاي (الابن);Phish Email - 217
218;"ity في هذا الأمر  حتى يتم إنجاز المهمة ، لأنني لا أريد أي شيء من شأنه أن  يعرض أمنيتي الأخيرة </ DIV> <DIV> للخطر ، لأنني لا أريد أقارب أو أفراد الأسرة < BR> يقفون في طريق أمنيتي الأخيرة.  حب  جنيفر ويلسون  </ DI  V>   <a href  3D ""http : //www.terra.es/correo ""> <b> <strong> Prueba el Nuevo Correo Te  rra؛ Seguro، r & aacute؛ pido، fiable. </strong> </b> </a>  ------  _ Part_67176_8244924.1151708911298--";Phish Email - 218
219;من مكتب الدكتور آدامو مدير التدقيق والمحاسبة ، بنك إفريقيا (B.O.A) موقع OUAGADOUGOU-BURKINA FASO.BANK: www.bkofafrica.net صديقي العزيز ، أنا مدير قسم التدقيق والمحاسبة في بنك إفريقيا (ب. في واغادوغو ، بوركينا فاسو. اكتشفنا في إدارتي مبلغًا مهجورًا قدره 20.5 مليون دولار أمريكي (عشرون مليونًا وخمسمائة ألف دولار أمريكي) في حساب يخص أحد عملائنا الأجانب (السيد ريتشارد بيرسون من فلوريدا ، الولايات المتحدة الأمريكية) الذي توفي مع عائلته بالكامل على;Phish Email - 219
220;سيدي العزيز / سيدتي ، أنا السيد أيو أديو أحتاج إلى خدماتك في مسألة سرية بخصوص  تحويل الأموال. يتطلب هذا ترتيبًا خاصًا على الرغم من أن تفاصيل المعاملة  n سيتم تزويدك بها إذا أشرت إلى اهتمامك بهذا الاقتراح. لدينا جميع المستندات القانونية لدعم المعاملة ، إلى جانب أننا توصلنا إلى طرق لضمان تحويل سلس وخالي من المخاطر ، ونحن على استعداد لنقدم لك 40٪ من الأموال ، والصندوق المعني كبير جدًا . ستكون جميع المراسلات عبر البريد الإلكتروني والهاتف في الوقت الحالي ، وأتوقع أن أسمع منك ، إذا كنت على استعداد للقيام بالأعمال التجارية معنا ، فستكون هناك حاجة إلى رقم هاتفك الخاص.;Phish Email - 220
221;عزيزتي ، أنا الآنسة باميلا إريكين الابنة الوحيدة للراحل السيد والسيدة ديفيد إريكين ، كان والدي تاجر كاكاو ثريًا جدًا في أبيدجان ، العاصمة الاقتصادية لساحل العاج ، وقد قُتل والدي حتى الموت على يد شركائه في العمل في واحدة من نزهاتهم في رحلة عمل. توفيت والدتي عندما كنت طفلة ومنذ ذلك الحين أخذني والدي بشكل مميز. قبل وفاة والدي في مستشفى خاص هنا في أبيدجان ، اتصل بي سراً على جانب سريره وأخبرني أن لديه مبلغ (عشرة ملايين دولار أمريكي) من دولارات الولايات المتحدة. دولار أمريكي (10،000،000.00 دولار أمريكي) متبقي في حساب ثابت / معلق في أحد البنوك الرئيسية هنا في أبيدجان ، أنه استخدم اسمي كابنته الوحيدة لأقارب أقرب في إيداع الصندوق. كما أوضح لي أنه بسبب هذه الثروة تسممه شركاء أعماله. يجب أن أبحث عن شريك أجنبي في بلد من اختياري حيث سأقوم بتحويل هذه الأموال واستخدامها لأغراض الاستثمار مثل إدارة العقارات أو إدارة الفنادق.;Phish Email - 221
222;عزيزي مساعدتك مطلوبة بشدة ، أنا متأكد من أن هذا البريد سيجلب لك الكثير من المفاجآت والفضول لأنه لم تكن هناك مراسلات سابقة بيننا من قبل ، أنا أرملة أحد كبار الحكام في الشيشان. توفي زوجي جنبًا إلى جنب مع رئيس تشنتشان الذي قُتل في هجوم بالقنابل في وقت مبكر من العام الماضي في ساحة عرض. أخبرني زوجي قبل وفاته أن لديه ائتمانًا بقيمة 45 مليون دولار أمريكي أودعها في الخارج وسلمني كل المبلغ المستندات التي أكدها محامي لدى السلطة المعنية ، والآن أبحث عن مستثمر يساعدني في استثمار المبلغ الإجمالي في الغرب وبعد ذلك سأنتقل إلى بلدك ، الوضع الأمني ​​في الشيشان لا يبررني للقيام بالكثير من هنا ، لذلك قمت بتعيين محامي عائلتي لندن الذي سينسق كل جانب من جوانب تحويل الأموال والاستثمار بمساعدتك. سوف يساعدني في سحب الأموال واستثمارها في بلدك الذي يتمتع باقتصاد مستقر. عند استلام خطاب القبول الخاص بك إلى صندوق البريد الخاص بي المقتبس أدناه ، سأقدم لك محامي عائلتي للحصول على تفاصيل حول كيفية إجراء التحويل في ال في أقصر وقت ممكن ، يرجى تزويدني بالمعلومات التالية: 1) اسمك الكامل 2) جنسيتك 3) عمرك 4) حالتك الاجتماعية 5) رقم هاتفك والفاكس الخاص 6) عنوان الاتصال الخاص بك 7) وظيفتك;Phish Email - 222
223;سيدي ، آسف لاستدعاء انتباهك. أعلم أنك لا تعرفني. لكني أريد أن أعرف ما إذا كان يمكنك القيام بهذا العمل معي. حصلت على عنوانك من خلال البحث الشخصي الخاص بي على الإنترنت. اسمي السيد. أدرايل كوفيل من ليبيريا. خدمت تحت رئاسة تشارلز تايلور كمفوض. تمكنت من إزالة ثلاث صناديق جذعية تحتوي على ستين مليون دولار أمريكي فقط ومودعة لدى شركة أمنية ، بصفتها كنزًا للشركة. حدث هذا عندما جاء تشارلز تايلور من المنفى إلى نيجيريا. الآن ، أنا بحاجة إلى شخص موثوق به وصادق سيساعدني في إزالة هذا الملف الموجود في حسابه الخارجي. إذا كنت مهتمًا ، فيرجى الرد علي وسأطلعك على التفاصيل. كوفيل;Phish Email - 223
224;السيد Ben AniFiniacial Trust bank Lagos Nigeria هل يمكنك استثمار 20،500،000 دولار أمريكي (عشرون مليون وخمسمائة ألف دولار أمريكي) ستكون تحت سيطرتك في بلدك؟ سيتم تحويل هذا المبلغ إلى حسابك الشخصي بمجرد أن أتلقى ردك الذي يشير إلى اهتمامك وقدرتك على التعامل مع هذا. سأخبرك بالتفاصيل الكاملة لهذا فورًا ، ستشير إلى اهتمامك وأيضًا سيتم إرسال المستندات اللازمة المتعلقة بالصندوق إليك على الفور. هذا أصلي وخالي من المخاطر. ستخضع نسبة المشاركة لدينا للتفاوض ، شكرًا لك. العاني;Phish Email - 224
225;مطلوب من حكومتك ، لأننا لسنا بحاجة إلى أي شيء سيؤخر المبلغ المالي عند وصوله إلى حسابك المصرفي. لاحظ أن هذه المعاملة خالية تمامًا من جميع أنواع المخاطر ومن ثم  تم التخطيط للعمل بعناية قبل تنفيذه بنجاح وقد وضع المسؤولون المشاركون في الصفقة سنوات عديدة في الخدمة لـ o  dwe. لقد دأبنا على التحلي بالصبر على هذا الامتياز لفترة طويلة  ليس حتى الإعلان الرئاسي الأسبوع الماضي ، بأن جميع الجهات الأجنبية المتعهدة ستدفع على الفور ، وهذا سيمكن الرئاسة من التوفيق بين منطقتنا والعالم الخارجي ومع معظمنا ، هذه هدية مدى الحياة  لا يمكننا تحمل تفويتها. عند الإشارة إلى اهتمامك بالتعاون الكامل معنا ، سيتم إرسال دفعة  نموذج / معلومات إليك عبر البريد الإلكتروني لإكمالها. لاحظ أن Followi ;Phish Email - 225
226;"سيدي العزيز / دكتور الطب ، يوم سعيد وكيف حالك ، أنا الدكتور ريموند دينيس ، الرئيس التنفيذي للميزانية رحلة دولية ، هل يمكنك التحقق من هذه الطلبات الجماعية والعودة إليّ بأفضل طريقة لمساعدتك فيها ؛ 1. ريموند / دينيس DRJFK-ADD-ACC-ADD-JFK";Phish Email - 226
227;من مكتب د. أمير جاسمبيل ومدير التبادل ، AFRICAN DEVELOPME  NT BANK OUAGADOUGOU ، BURKINA FASO. هاتف: 00226-78-81-04-32 يوم جيد ، أنا  مدير الفواتير والصرف في قسم التحويلات الخارجية في African  Development Bank (ADB). لقد تعرفت عليك في بحثي الخاص عن شخص موثوق  قادر وذو سمعة طيبة للتعامل مع هذه المعاملة السرية ، والتي تتضمن تحويل مبلغ ضخم من المال إلى حساب أجنبي يتطلب ma  ximum الثقة. مستثمر (عميلنا) توفي دون أن يسمي أحد أقربائه  قريبًا لصندوقه في بنكي ، المبلغ المعني هو حوالي 30 مليون دولار (ثلاثة  مليون دولار أمريكي) ولوائح / تشريعات مصرفية في بوركينا فاسو de  إلزامي بإخطار السلطات المالية بعد فترة زمنية قانونية. تؤكد مجموعة الحقائق أعلاه  سبب كتابتي وجعل الدعامة التالية ;Phish Email - 227
228;"عزيزي ، اسمي القس الأب فيليكس ؛ عمري 76 سنة الآن. لقد كنت أعاني في سرير المريض منذ 7 سنوات. الآن أعتقد أن وقتي قد حان للانضمام إلى أسلافي في الجنة. حصلت على عنوان بريدك الإلكتروني من الإنترنت ، فروح الله تعالى وجهني للاتصال بك من أجل هذا العمل الخيري. لدي مبلغ 18،000،000.00 دولار تم إيداعه في مكان آمن ، وأريد منك المطالبة نيابة عني لمشروع خيري مهم. هل يمكنك فعل هذا من أجلي بصدق؟ ابق بارك في الرب. ريف فيلكس.";Phish Email - 228
229;أنا البروفيسور فرانك موريس ، المدقق العام لبنك ستانبك في غانا. بموجب هذا أتصل بك شخصيًا بخصوص الوضع في البنك الذي أتعامل معه. من أجل تحويل {us $ 22.4، 000،000} اثنان وعشرون مليونًا وأربعمائة ألف دولار أمريكي ، لدي الشجاعة للبحث عن شخص موثوق به وصادق سيكون قادرًا على هذه الصفقة ، فأنا بحاجة إلى شخص جيد يثق به نقف كمستفيد من هذا المبلغ البالغ 22.4 مليون دولار ، معتقدًا أنه لن يخذلني أبدًا سواء الآن أو في المستقبل ، هناك حساب {Mr.william kim} تم فتحه في بنك ستانبيك هذا في عام 1985 ومنذ عام 1990 لم يعمل أحد على هذا الحساب مرة أخرى وهو المدير العام لشركة Fidelity international company ltd ، وهي مؤسسات الاستثمار وإدارة الأموال الرائدة عالميًا التي لديها أكثر من 5.2 تريليون دولار أمريكي من صناديق الاستثمار الرأسمالية هنا في غانا {www.fidelity-international.com} وتوفي منذ عام 1995 ، أحتاج الشريك الأجنبي الذي سيقدم كقريب لهذا الرجل الراحل. لقد انتهيت من تحويل هذا الصندوق إلى الخارج للاستثمار المناسب الذي سيفيدني وأنت. ستكون نسبة المشاركة لدينا 30-70 بينما ستكون 0.5٪ للنفقات أثناء عملية المعاملة. إذا كنت مهتماً بصدق ، البروفيسور فرانك موريس;Phish Email - 229
230;عزيزي ، اسمي الأمير جورج السنوسي ، الابن الأول للراحل زين العابدين السنوسي وزير خارجية بلدي السابق (غينيا كوناكري) ، كشف لي والدي عن وديعة صندوق صندوق. محتوى صندوق الأمتعة هذا هو مبلغ (ثمانية عشر مليون دولار أمريكي) الذي كان نصيبه من بيع الماس السري عندما كان في المكتب ، أطلب بصدق مساعدتك للحصول على هذه الأموال وحصتك. لمساعدتي ستكون 15٪. أريد أن أؤكد لكم أن هذه الصفقة خالية من المخاطر بنسبة 100٪. مع أطيب التحيات الأمير جورج السنوسي;Phish Email - 230
231;"لي سرية لأسباب أمنية كما تعلم أن البنك لا  يعرف أنني الشخص الذي اتصل بك للوقوف على هذه المطالبة. </ P> <P> في نهاية هذه المعاملة والتي ستكون عندما يكون المال ستضرب y  حسابنا بأمان ، وسأحضر بعد ذلك إلى بلدك لمشاركة الصندوق  وفقًا للنسبة المئوية المتفق عليها سابقًا ، وقد تضطر حتى إلى تقديم المشورة لي بشأن إمكانيات الاستثمار في بلدك. </ P> <P> على & nbsp؛ </P> <P> أتوقع & nbsp؛ ردك العاجل حتى أرسل لك & n  bsp؛ استمارة التقديم التي ستملأها وترسلها & nbsp؛ مباشرة إلى البنك . </P> <P> مع أطيب التحيات ،  السيد Henry Kabore </P> <P>  & nbsp؛ </P> </DIV> </DIV> --_  __  _ XaM3_.1160240021.2A.557835.42.18505.52.42.007.49741737--";Phish Email - 231
232;الزملاء وأنا ، بعد ذلك 25٪ بالنسبة لك مالك الحساب و 5٪ لجميع المصروفات المحلية والدولية التي قد تنشأ في سياق هذه المعاملة ، وسوف يتم تقديم مزيد من التفاصيل حول هذه المعاملة في المقابل المالي المقابل. حر. لاحظ أيضًا أن الطبيعة الخاصة لشركتك غير ملائمة لهذه المعاملة ومن المتوقع أن يتم الانتهاء من هذه المعاملة في غضون 15 يومًا من العمل منذ أن تم إجراء جميع الاتصالات والترتيبات المحلية بشكل صحيح بشكل صحيح. إذا كان هذا العرض مقبولاً من جانبك ، فيرجى تأكيد اهتمامك.;Phish Email - 232
233;مرحباً عزيزي ، قبل أن أقدم نفسي ، أود إخبارك أن هذه الرسالة ليست خدعة وأحثك على التعامل معها بجدية. أنا مدير في قسم المشتريات بوزارة البترول هنا في الولايات المتحدة الأمريكية. لقد تلقيت بريدك الإلكتروني أثناء البحث عن شخص موثوق به ، يمكنه مساعدتي في تلقي الأموال المحولة للعقد المفترض. جاء هذا الصندوق نتيجة لمبالغ تزيد عن العقود المقدرة التي تم ترسيتها من قبل مقاولين أجانب في وزارة البترول. وقد وافقت الوزارة المعنية على هذه الأموال على المبالغ التي تم إصدار فواتير بها للدفع. تم تنفيذ العقود التي تم إنشاء المبالغ الفواتير منها وتفويضها. ما أنا على وشك استلامه الآن هو المبالغ الزائدة التي تمت إضافتها أثناء عملية الحصول على العقود لمصلحتي. هذه صفقة عادية يتم إجراؤها في وزارتي من قبل كبار المسؤولين ، ومن جانبي ، تم وضع جميع الطرائق لضمان إبرام سلس لدفع العقد إلى حسابك المصرفي في غضون الأيام القليلة المقبلة. يوافق إدارتي على المدفوعات للمقاولين ، وأنا أترأس القسم. كل ما أريده منك هو تلقي هذه الأموال نيابة عني كشركة من الباطن ، لأنني بصفتي مسؤولًا حكوميًا لا يمكنني تحصيل الأموال مباشرة من وزارتي ، ولا يُسمح لي بموجب القانون بتشغيل / إدارة حسابات بنكية أجنبية. إذا كنت جديرًا بالثقة ويمكنك مساعدتي في تلقي الأموال ، فلا تتردد في الرد على الفور. يرجى ملاحظة أنه لا توجد مخاطر في تلقي أموال العقد المقدرة في حسابك. أريدك أن تحدد بالنسبة المئوية ما يجب أن يكون لديك للمشاركة في استخدام حسابك المصرفي لتأمين الأموال. بمجرد إبداء اهتمامك ، سيتم تقديم مزيد من التفاصيل والمبلغ المعني إليك بمجرد تلقي رد منك. أتمنى أن أثق بك في التعامل مع هذا الاقتراح بمنتهى السرية ، وأتطلع إلى الاستماع منك في أقرب وقت. مع أطيب التحيات المهندس وحيد كمال.;Phish Email - 233
234;"سيدي العزيز ... طلب ​​المساعدة في التحويل ، أنا عضو في لجنة منح العقد ومراجعة العقد ، وقد تم تجاوز فاتورة العقد الذي تم تنفيذه بالفعل من قبل شركة أجنبية في أفريقيا في عام 1999 من قبلنا بقيمة 15،600،000.00 دولار أمريكي (خمسة عشر مليون وستمائة ألف دولار أمريكي) في ضوء ما سبق ، أطلب مساعدتكم في تحويل هذه الأموال الزائدة العائمة في الحساب المؤقت إلى حساب أجنبي قد ترغب في توفيره ، لأنه كان عقدًا من الفئة ""أ"" ، (محجوز بشكل صارم لـ المقاولون الأجانب) أبلغوني بهذا طلبي وأيضًا أن حكومتي ممنوعة من إدارة حساب أجنبي. بعد التحويل الناجح ، سيتم الحصول على 20 ٪ من المبلغ لمساعدتك. 5٪ من المبلغ للتعويض عن أي نفقات عرضية يتكبدها كلا الطرفين ، سيتم تقديم مزيد من التفاصيل في سياق المراسلات ، السرية مطلوبة للغاية لأنني لا زلت في الخدمة الفعلية ، شكرًا لك على تعاونك ، تحياتي ، دكتور كانو شيجوكا  20 خدمة مجانية في أي وقت - نصف السعر لأول 3 أشهر - وفر  A37.50 للمونت  الساعة  20www.freeserve.com / في أي وقت";Phish Email - 234
235;صديقي العزيز ، أنا السيدة لاريسا سوسنيتسكايا وأنا أمثل السيد ميخائيل خوردوكوفسكي فورمر الرئيس التنفيذي لشركة يوكوس للنفط في روسيا. لدي موجز حساس وسري للغاية من كبار المسؤولين (الأوليغارشية) لأطلب شراكتكم في صناديق إعادة تحديد السمات 46 مليون دولار أمريكي. سأقدم التفاصيل ، لكن باختصار ، الأموال تأتي عبر بنك في أوروبا. هذه معاملة شرعية. سيتم دفع 20 ٪ كعمولة / تعويض عن جهودك النشطة ومساهمتك في نجاح هذه المعاملة ، إذا كنت مهتمًا ، فيرجى مراسلتنا عبر البريد الإلكتروني: larisasnky@yahoo.com يرجى تقديم رقم هاتف مفصل وسري ورقم الفاكس وعنوان البريد الإلكتروني ستكون هناك حاجة وسأقدم مزيدًا من التفاصيل والتعليمات فيما يتعلق بالمعاملة. يرجى الحفاظ على سرية هذا الأمر ، فنحن لا نستطيع تحمل المزيد من المشاكل السياسية ، ويمكنك قراءة المزيد من القصة على هذا الموقع أدناه حول رئيسي. http://www.mbktrial.com /http:/ews.bbc.co.uk/1/hi/business/3213505.stm من فضلك ، نصحني بشأن منصبك عبر البريد الإلكتروني على الفور عبر: larisasnky@yahoo.comi أتطلع إلى رؤية بريدك. لاريسا سوسنيتسكايا;Phish Email - 235
236;من  3A DR  2E MCHENRY DOUGLASNNPC أبراج IKOYI LAGOS  2CTEL  3A234-80330-46615Lagos  2C نيجيريا  2EHello  2C سنة جديدة سعيدة! أنا رئيس لجنة إرساء العقود  2 وزارة الموارد البترولية الفيدرالية  2C نيجيريا أنا أبحث عن وكيل لمساعدتنا في تحويل  28 دولارًا أمريكيًا 50  2C4m  29 خمسون مليون  2C أربعة مائة ألف دولار أمريكي  2E وما يليها الاستثمار في العقارات في بلدك  2 سيُطلب منك  3A  281  29 المساعدة في تحويل المبلغ المذكور  282  29 تقديم المشورة بشأن المناطق المربحة للاستثمار  283  29 مساعدتنا في شراء العقارات  2E إذا قررت لتقديم خدمتك إلينا في هذا الصدد  2C 20٪ من المبلغ الإجمالي سيتم تقديمه لك  2 يرجى الرد على عنوان بريدي الإلكتروني البديل  3A mchenry912  40yahoo  2Ede احترامًا  2C Dr  2E MCHENRY DOUGLAS رئيس لجنة منح العقود {CCAC } رقم الهاتف المباشر  3A 234-80330-46615;Phish Email - 236
237;سيدي العزيز / سيدتي ، أنا المهندس مامود تاكار ، رئيس لجنة المناقصات في شركة البترول الوطنية النيجيرية (NNPC) ، وتختص لجنتي بشكل أساسي بدفع جميع العقود الممنوحة من عام 2003 حتى الآن ، حسب الأولوية فيما يتعلق بالمشاريع الرأسمالية. أنا إيجابي وأقنع بأنك ستزودنا بالحل لصفقة تحويل الأموال بقيمة 31 مليون دولار أمريكي (واحد وثلاثون مليون دولار أمريكي) وبالتالي مشروع تجاري مشترك. الأموال موجودة حاليًا في بنك تابع لـ CBN في أوروبا وأحتاج إلى تقديمك كواحد من المقاولين الذين أبرموا عقدًا رئيسيًا مع NNPC قبل أن يتمكنوا من تحويل الأموال من بنك أوروبا إلى حسابك المصرفي. ترغب في استثمار الأموال في تصنيع منتجات مثل المنتجات المنزلية أو السلع الإلكترونية أو الملابس والمنسوجات أو العقارات أو الممتلكات أو الاتصالات السلكية واللاسلكية في بلدك. إذا كانت لديك أي فكرة أخرى عن الاستثمار ، فسيتم الترحيب بذلك من قبلي. الوظائف التي قام بها متعاقدون أجانب لصالح شركة NNPC بقيمة 31 مليون دولار أمريكي.;Phish Email - 237
238;مرحبًا ، قد يأتي إليك كمفاجأة ، ولكن على وجه الدقة حصلت على بياناتك من دليل عضو البريد الإلكتروني الخاص بك في بحثي عن مدير أعمال مختص / شخص يعمل بجد ومستعد وقادر على أن يكون صديقي وشريكي ، للتواصل معي من أجل تنفيذ مشروع وأنا مقتنع بأنك قادر وموثوق به للقيام بهذا العمل معي ، أنا مارك لوك ، 32 عامًا ورجل حسن المظهر ، وأنا من ولاية ريفر في نيجيريا. لدي بكالوريوس في الإدارة العامة وأعمل مع شركة GLOBAL SECURITY & FINANCE LTD. لقد طورت الآن مصلحة في امتلاك استثمار تجاري خارج نيجيريا دون علم أصحاب العمل بذلك. ومن ثم اتصلت بك من أجل الصداقة وعلاقة العمل. الصندوق المعني المقترح لهذا المشروع هو 14.8 مليون دولار أمريكي (أربعة عشر مليون وثمانمائة ألف دولار فقط) ، والتي سأحب أن تستلمها نيابة عني وتستثمرها في عملك أو في أي عمل تجاري. التي تعتقد أنها ستكون قابلة للتخصيص في بلدك.;Phish Email - 238
239;من: السيد. Martin J. WaghornAlpha Bank London Ltd66 كانون ستريت ، لندن EC4N 6EP. صديقي العزيز ، اسمي السيد مارتن جيه واغورن ، العضو المنتدب لشركة Alpha Bank London Ltd. أرغب في إجراء تحويل يتضمن مبلغًا ضخمًا قدره 20،000،000.00 دولارًا أمريكيًا {عشرون مليون دولار}. أقترح إجراء هذا التحويل إلى حساب مصرفي من اختيارك. وبالتالي ، من أجل تساهلك ودعمك ، أقترح عرضًا بنسبة 25 ٪ من المبلغ الإجمالي ليكون لك بعد إتمام التحويل بنجاح. يرجى الرد على إبداء اهتمامك ، وسأزودك بالتفاصيل والإجراءات اللازمة لجعل النقل آمنًا لكلينا. سيكون اسمك الكامل وعنوان الاتصال ورقم الهاتف / الفاكس ضروريًا لهذا التأثير. أنتظر ردك حتى نتمكن من المضي قدمًا في المعاملة. إذا كنت مهتمًا ، فيرجى الرد على الفور على عنواني الخاص [m_waghorn22 @ yahoo .co.uk] أتطلع إلى الاستماع منك. مع خالص التقدير لك السيد مارتن جيه واغورن.;Phish Email - 239
240;"صديقي العزيز ، اسمي إدوارد مور ك. توفي خبير العقارات مؤخرًا ، تاركًا ثروة كبيرة باسمك باسم ""قريب من أقربائه"". اتصل بي على الفور عبر هاتفي المباشر: + 44-7045705184 أو من الأفضل أن ترسل لي بريدًا إلكترونيًا إلى عنوان بريدي الإلكتروني المباشر كما هو مذكور أدناه لاتخاذ إجراء فوري بشأن هذا موضوع.";Phish Email - 240
241;هذا لإعلامك رسميًا بأننا قد تحققنا من ملف العقد / الوراثة الخاص بك ووجدنا سبب عدم استلامك لمدفوعاتك لأنك لم تقم بتنفيذ الالتزامات التي تم منحها لك فيما يتعلق بملكيتك. بطاقة صراف آلي ستستخدمها لسحب أموالك من أي ماكينة صراف آلي في أي جزء من العالم ، ولكن الحد الأقصى هو ألف وخمسمائة دولار أمريكي في اليوم. تعرف الولايات المتحدة عن طريق الاتصال بقسم الدفع في أجهزة الصراف الآلي وإرسال المعلومات التالية على النحو الوارد أدناه. 1. الاسم الكامل 2. رقم الهاتف والفاكس 3. العنوان الذي تريد منهم إرسال بطاقة الصراف الآلي (صندوق البريد غير مقبول) 4. عمرك ومهنتك الحالية 5. أرفق نسخة من هويتك ومع ذلك ، يرجى العثور أدناه على الشخص المسؤول:;Phish Email - 241
242;أخيرًا بعد ذلك سأزودك بمزيد من التفاصيل حول هذه العملية ، وسأكون ممتنًا لردك المبكر على هذه الرسالة.;Phish Email - 242
243;مع خطاب القبول الخاص بك ورغبتك في مساعدتي في r  eceive الصندوق ، قم أيضًا بتضمين عنوانك الفعلي وهاتفك الشخصي وأرقام فاكس d  20 هناك حاجة إلى ردك العاجل. السيدة مريم عباشا: مريم عباشا;Phish Email - 243
244;لقد كان محسنًا معروفًا قبل وفاته ، فقد قدم وصية تفيد بأن 4.5 مليون دولار (أربعة ملايين وخمسمائة ألف دولار أمريكي فقط) يجب أن يتم التبرع بها لأي فاعل خير من اختيارنا في الخارج. حيث تم اختيار اسمك وعنوان بريدك الإلكتروني على أنه المستفيد  لهذه الوصية ، أنا مهتم بشكل خاص بتأمين هذه الأموال من البنك ، لأنهم  أصدروا إشعارًا يطلب منا تقديم المستفيد من t  وصيته في غضون اثنين أسابيع وإلا ستتم إضافة الأموال إلى خزانة الحكومة  nment وفقًا للقانون هنا.  20 إنني أرغب في تنفيذ وصية عميلنا الراحل (السيد فيليب)  لصالحك ، وبالتالي ، يتعين عليك الاتصال أنا على الفور  لبدء عملية إرسال هذه الأموال إلى أي حساب أو حساب رسمي خاص بك.  20 يرجى التصرف بسرعة والاتصال بي عبر عنوان بريدي الإلكتروني الخاص (gregfriggs1965@yahoo.com.cn) مع تحياتي ، المحامي جريج فريغز;Phish Email - 244
245;مرحبًا ، بسبب الوفاة المفاجئة لوالدي الجنرال عباشا ، رئيس الدولة السابق لنيجيريا في يونيو 1998 ، ألقيت بي في حالة من اليأس من قبل الإدارة الحالية ، ولدي ثقة مع أي شخص داخل بلدي. ، واضطررت إلى الوصول إليك من خلال هذه الوسيلة ، وسأقدم لك المزيد من التفاصيل عند الرد ، وبسبب الشبكة الأمنية الموضوعة على عملي اليومي ، لا يمكنني زيارة السفارة ، ولهذا السبب اتصلت بك ، فقد أودع والدي 12.6 مليون دولار مع شركة أمنية في الخارج الذي تم حجب اسمه حتى الآن حتى نتواصل ، سأكون سعيدًا إذا كان بإمكانك تلقي هذه الأموال والاحتفاظ بها بأمان ، أؤكد لك 20٪ من هذا الصندوق ، سأحتاج إلى رقم هاتفك / جوالك حتى نتمكن من بدء الاتصال ، أنتظر عاجلاً. استجابتك حقاً يا مصطفى;Phish Email - 245
246;يرجى تقديم المشورة في البريد الإلكتروني الخاص بالعودة إذا كان أي وقت سريًا بما يكفي للاتصال بك ، ونتطلع إلى الاستماع إليك ، مع أطيب التحيات ، السيدة إليزابيث أوجالي (سكرتيرة اللجنة);Phish Email - 246
247;في الأنظمة العسكرية السابقة في بلادنا ، أنشأ المسؤولون الحكوميون شركات ومنحوا لأنفسهم عقودًا تمت فواتيرها بشكل كبير في الوزارات المختلفة. أنشأت الحكومة المدنية الجديدة الآن لجنة مراجعة العقود التي أنا وزملائي أعضاء فيها وقد حددنا الكثير من المبالغ المتضخمة ، نظرًا لموقعنا كموظفين مدنيين وأعضاء في هذه اللجنة ، لا يمكننا الحصول على هذه الأموال بأسمائنا. لذلك ، تم تفويضي على سبيل الثقة من قبل زملائي في اللجنة للبحث عن شريك خارجي يتم دفع مبلغ 31،000،000،00 دولار أمريكي في حسابه (واحد وثلاثون مليون دولار أمريكي) عن طريق التحويل البرقي. ومن ثم نكتب لك هذه الرسالة.;Phish Email - 247
248;"لكي نجعل الشركة توجه الأموال إلى بنك آخر معك صاحب حساب. بهذه الطريقة لن تكون هناك حاجة للتفكير في  تلقي الأموال من الشركة. يمكننا ضبط هذا مع حياتي ولكن لا تدمري. أنا رجل أسرة وهذه فرصة  الوحدة لتزويدهم بفرص جديدة. هناك مكافأة على مشروعه t  وهي مهمة تستحق القيام بها. لقد قمت بتقييم  المخاطر والمخاطرة الوحيدة التي أواجهها هنا هي رفضك للعمل  معي وتنبيه البنك الذي أتعامل معه. أنا الوحيد الذي يعرف هذا الوضع ، لقد أنعم الحظ السعيد لك باسم غرس yo  u في مركز الأهمية في حياتي. دعونا نشارك البركة.  إذا وجدت نفسك قادرًا على العمل معي ، فاتصل بي من خلال حساب em  ail: jamesalfred@i12.com. إذا أعطيتني إشارات إيجابية ، فأنا أبدأ هذه العملية نحو الاستنتاج. أود إخطاركم  يجب عليك الاتصال بي عبر القنوات الرسمية ؛ سوف أنكر معرفتي  أنت وحول هذا المشروع. أكرر ، لا أريدك أن تتواصل مع m  e عبر خطوط الهاتف الرسمية ولا أريدك أن تتصل بي من خلال حساب بريدي الإلكتروني الرسمي. اتصل بي فقط من خلال هذا البريد الإلكتروني ad  dress: jamesalfred@i12.com.&nbsp؛ لا اريد اي ديريك";Phish Email - 248
249;يوم سعيد ، أنا السيد إريك سميث ، من Serve Trust Securitas S.A ، مدريد ، إسبانيا. من فضلك ، أود أن تساعدني في مسح صندوق يحتوي على كنوز / 16.5 مليون دولار أمريكي [ستة عشر مليونًا ، خمسمائة ألف دولار] التي كانت سائدة في خزنتنا من أجل خلال السنوات الأربع الماضية الآن ، أنت حر في التفاوض بشأن مشاركتك في النسبة المئوية كتعويض عن قبولك للشراكة معي في هذا الاتجاه وما فوق ، أعتزم استثمار حصتي في العقارات التي ستكون تحت إشرافك المباشر في بلدك انتظارًا لتقاعدي من الخدمة العمر في خدمة الثقة Inc. بموجب الآثار القانونية ، سيتم تسليم الصندوق إلى السلطات الحكومية في إسبانيا إذا لم تتم خدمته خلال الشهرين المقبلين. لدي كل التفاصيل حول كيفية القيام بذلك وسأشرح لك بالتفصيل شكراً لقبولك المتوقع. السيد إريك سميث;Phish Email - 249
250;سيدي العزيز ، شكرًا لك على طلب إعادة التمويل الأخير عبر الإنترنت مع E-Loan Inc. أي إزعاج. يتم إرفاق نسخ ممسوحة ضوئيًا من قيمة المنزل وسندات المنحة وملفك الائتماني الحالي من 3 مكاتب ائتمان رئيسية. ألق نظرة فاحصة عليه ، حيث ستتلقى نسخًا ورقية عبر بريد usps في غضون أيام قليلة. ------  _ NextPart_2BJ_30A3LL25LL323L310279 _--;Phish Email - 250
251;لا أعتقد أنه يذهب إلى usf ، فهو يعيش هنا على الرغم من ذلك;Legal Email - 1
252;حتى أخي لا يحب التحدث معي. يعاملونني مثل براءات الاختراع.;Legal Email - 2
253;سأعود إلى المنزل قريبًا ولا أريد التحدث عن هذه الأشياء بعد الآن ، حسنًا؟ لقد بكيت بما فيه الكفاية اليوم.;Legal Email - 3
254;لقد كنت أبحث عن الكلمات المناسبة لأشكرك على هذا الاستراحة. أعدك بأنني لن آخذ مساعدتك كأمر مسلم به وسأفي بوعدي. لقد كنت رائعًا ونعمة في جميع الأوقات.;Legal Email - 4
255;هل ركبت الحافلة؟ هل تقلى بيضة؟ هل صنعت شاي؟ هل تأكل ما تبقى من والدتك على العشاء؟ هل تشعر بحبي;Legal Email - 5
256;لقد عدت ، ونحن نقوم بتعبئة السيارة الآن ، وسأخبرك إذا كان هناك مكان;Legal Email - 6
257;أهه. عمل. أتذكر ذلك بشكل غامض! ما هو شعورك مثل؟;Legal Email - 7
258;انتظر ، هذا ليس واضحًا تمامًا ، هل لم تكن متأكدًا من أني ساخر أو لهذا السبب لا يريد صديقي العيش معنا;Legal Email - 8
259;خوفًا من الإغماء من كل تلك الأعمال المنزلية التي قمت بها للتو؟ سريع الحصول على فنجان;Legal Email - 9
260;مرحبًا! كيف حالك وكيف ذهب يوم السبت؟ كنت أكتب فقط لمعرفة ما إذا كنت قد قررت فعل أي شيء. لا يعني ذلك أنني أحاول دعوة نفسي أو أي شيء!;Legal Email - 10
261;يرجى المضي قدما مع واط. أردت فقط للتأكد. أتمنى لك عطلة نهاية أسبوع رائعة. أبيولا;Legal Email - 11
262;نعم ، آمل ، إذا لم يستطع تايلر فعل ذلك ، ربما يمكنني أن أسأل قليلاً;Legal Email - 12
263;أنت لا تعرف كم أنا عنيد. لم أرغب حتى في الذهاب إلى المستشفى. ظللت أخبر مارك أنني لست ضعيفًا. المستشفيات للمصابين الضعفاء.;Legal Email - 13
264;"رائع. لم أدرك أبدًا أنك شعرت بالحرج الشديد من أماكن إقامتك. اعتقدت أنك أحببت ذلك ، لأنني كنت أبذل قصارى جهدي وكنت دائمًا تبدو سعيدًا جدًا بشأن ""الكهف"". أنا آسف لأنني لم أفعل وليس لدي المزيد لأعطيه. أنا آسف لأنني عرضت. أنا آسف أن غرفتك كانت محرجة للغاية.";Legal Email - 14
265;سوف تضطر إلى شراء برجر 1 دولار لنفسك في طريقك إلى المنزل. لا أستطيع حتى التحرك. الألم يقتلني.;Legal Email - 15
266;آسف رفاقي في السكن استغرق الأمر إلى الأبد ، لا بأس إذا جئت الآن؟;Legal Email - 16
267;"اليوم هو ""يوم مخصص للأغنية .."" ما هي الأغنية التي ستخصصها لي؟ أرسل هذا إلى جميع أصدقائك القيّمين ، لكن أولاً rply لي ...";Legal Email - 17
268;هذا بارد. أنا رجل وسأعاملك بكرامة واحترام.;Legal Email - 18
269;اتصل بك لاحقا ، ليس لدي شبكة. إذا كان عاجلاً ، أرسل لي رسالة نصية.;Legal Email - 19
270;حقا عندما تحصل على يو؟ أحتاج فقط تذكرتين وسترة أخرى وقد انتهيت. لقد استخدمت بالفعل كل ما عندي من multis.;Legal Email - 20
271;نعم ، لقد بدأت في إرسال طلبات للقيام بذلك ولكن الألم عاد لذلك عدت إلى السرير. عملات مزدوجة في المصنع أيضًا. لدي نقود في كل ما عندي من نيتروس.;Legal Email - 21
272;ابتسم بسرور ابتسم في ألم ابتسم عندما تصب المشاكل مثل Rain Smile عندما يضر Sum1 U Smile يصبح شخصًا ما لا يزال يحب رؤيتك مبتسمًا !!;Legal Email - 22
273;لم تخطط للشراء في وقت لاحق. أتحقق بالفعل من lido حصلت فقط على عرض 530 في e بعد الظهر. U الانتهاء من العمل بالفعل؟;Legal Email - 23
274;"أهلاً. كان الأسبوع على ما يرام - في هولز الآن! نعم على قليلا من الجري. نسيت أن لدي موعدًا لتصفيف الشعر في الرابعة ، لذا أحتاج إلى الاستحمام في المنزل مسبقًا. هل هذا يسبب مشكلة بالنسبة لك؟ """;Legal Email - 24
275;من فضلك لا تراسلني بعد الآن. ليس لدي أي شيء آخر لأقوله.;Legal Email - 25
276;رائع. أنت على حق! لم أقصد أن أفعل ذلك. أعتقد أنه بمجرد أن تخليت عن رجال بوسطن وغيرت موقع البحث الخاص بي إلى مدينة نيويورك ، فقد تغير شيء ما. لأنه لا يزال مكتوبًا على صفحة تسجيل الدخول الخاصة بي ، بوسطن.;Legal Email - 26
277;شكرا جزيلا على رغباتك في عيد ميلادي. شكرا لك لجعل عيد ميلادي حقا لا تنسى.;Legal Email - 27
278;أنا أعرف! كبار السن غاضبين. كانت أمي مثلك من الأفضل ألا تكذب. ثم مرة أخرى ، أنا دائمًا الشخص الذي يلعب النكات ...;Legal Email - 28
279;أنا بخير إذا كان ذلك لأنني أحب 2 جرب أشياء جديدة. لكنني أخافك مثل ماه. لأنك قال ليس بصوت عال جدا.;Legal Email - 29
280;"عندما دخلت مقصورتي ، قال لي PA ، ""سعيد B'day Boss !!"". شعرت بأنني مميز. طلبت مني 4 غداء. بعد الغداء دعتني إلى شقتها. ذهبنا إلى هناك.";Legal Email - 30
281;جودو! نعم يجب أن نتحدث يوم الجمعة - نسبة البيض إلى البطاطس للتورتيلا المطلوبة!;Legal Email - 31
282;حسنًا ... أخبرني عمي للتو أنه يدفع للمدرسة مباشرةً. لذا يرجى شراء الطعام.;Legal Email - 32
283;انا ذاهب الى ساو مو اليوم. سيتم إجراؤه فقط في الساعة 12;Legal Email - 33
284;إنك متسخة في كل مكان ، على الأرض ، وعلى النوافذ ، وحتى على قميصي. وأحيانًا عندما أفتح فمي ، فأنت كل ما يخرج. أحلم بعالمي بدونك ، ثم نصف الأعمال المنزلية أيضًا. وقت الفرح بالنسبة لي ، الكثير من البرامج التلفزيونية سأشاهدها. لكني أعتقد أنه مثل كل الأشياء التي يجب أن تكون موجودة ، مثل المطر والبرد والضباب ، وعندما ينتهي وقتي هنا ، تصبح أنت وأنا واحدًا.;Legal Email - 34
285;أهلاً يا حبيبي. ماذا تفعل؟ هل وصلت إلى تلك المقابلة اليوم؟ هل انت سعيده هل أنت ولد جيد؟ هل تفكر بي هل تفتقدني؟;Legal Email - 35
286;حافظ على نفسك آمنًا بالنسبة لي لأنني بحاجة إليك وأفتقدك بالفعل وأنا أحسد كل من يراك في الحياة الحقيقية;Legal Email - 36
287;سيارة ومنزل جديدان لوالدي: :) لديّ وظيفة جديدة فقط في متناول اليد :);Legal Email - 37
288;أنا أحبك كثيرا. أنا متحمس كل يوم أقضيه معك. انت تجعلني فرحا جدا.;Legal Email - 38
289;مرحبًا يا صديقي ، ما أفضل طريقة لتجنب سوء الفهم مع أحبائنا؟;Legal Email - 39
290;هروب رائع. أنا أتخيل الجسر لكنني بحاجة إلى الجعة. اراك تومو;Legal Email - 40
291;نعم :) هو خارج شكله بالكامل :) كلارك ينطق أيضًا بالهدر.;Legal Email - 41
292;سيدي ، أريد رقم حساب AXIS BANK وعنوان البنك.;Legal Email - 42
293;هممم .. بالتأكيد حصلت على وقت للقفز ... يا ، يمكنك الذهاب مجانًا 4 أبت ... Muz call u لمناقشة لياو ...;Legal Email - 43
294;الجحيم الدموي ، لا أستطيع تصديق أنك نسيت لقبي السيد. سأعطيك فكرة ، إنها الإسبانية وتبدأ بحرف م ...;Legal Email - 44
295;حسنًا ، سأنهي حمامي الآن. أتمنى لك ليلة سعيدة .. ليلة سعيدة.;Legal Email - 45
296;اسمحوا لي أن أعرف عندما يكون لديك المال حتى يتمكن كارلوس من إجراء المكالمة;Legal Email - 46
297;اتضح أن أصدقائي سيبقون طوال العرض ولن يعودوا حتى ، لذلك لا تتردد في المضي قدمًا وتدخين ذلك  يستحق;Legal Email - 47
298;أرسل لها رسالة نصية. إذا لم ترد ، فأعلمني بذلك حتى أتمكن من تسجيل دخولها;Legal Email - 48
299;أهلاً! لقد تحدثت للتو إلى MANEESHA V. نود أن نعرف ما إذا كنت راضيًا عن هذه التجربة. الرد على الرقم المجاني بنعم أو لا.;Legal Email - 49
300;لقد رفعت آمالي بعرض المال. انا محتاج. خاصة مع اقتراب نهاية الشهر وهذا يضر بدراستي. على أي حال لديك عطلة نهاية الأسبوع GR8;Legal Email - 50
301;نعم. أنا رجل وسأعاملك بكرامة واحترام.;Legal Email - 51
302;مرحبا أيها الوسيم ! هل تجد هذه الوظيفة؟ ألا تكون كسولاً؟ العمل من أجل استعادة تلك الشبكة للأم؟ أين لعبتي الآن؟ هل يشتاق لي؟;Legal Email - 52
303;هل لديك أوقات راديو عيد الميلاد. إذا لم أحصل عليه الآن;Legal Email - 53
304;لقد وصلت إلى المنزل. أذهب لأستحم أولا. لكن أختي التي تستخدم الشبكة تقول لك عندما تنتهي من ك ...;Legal Email - 54
305;أنا آسف. لقد انضممت إلى رابطة الأشخاص الذين لا يبقون على اتصال. تقصد الكثير بالنسبة لي. لقد كنت صديقًا في جميع الأوقات حتى بتكلفة شخصية كبيرة. أتمنى لك أسبوعًا رائعًا. |;Legal Email - 55
306;سوف تتوقف على نفسها. ومع ذلك ، أقترح أن تبقى مع شخص يمكنه إعطاء أمهات مقابل كل كرسي.;Legal Email - 56
307;كيف حالك؟ أتمنى أن تكون قد استقرت في العام الدراسي الجديد. فقط أتمنى لكم يوم gr8;Legal Email - 57
308;هل الهامستر الخاص بك ميت؟ مرحبًا ، أنا ألتقي بك في الساعة 1 ظهرًا بتوقيت أورشارد؟;Legal Email - 58
309;مرحبا يا كيت كيف هي أمسيتك؟ آمل أن أراك غدا قليلا ولكن لا بد لي من babyjontet الدموية! TXT مرة أخرى إذا كنت تستطيع. :) xxx;Legal Email - 59
310;ما الأمر يا صديقي ، أتمنى أن تكون قد حظيت باستراحة رائعة. هل لديك فصل دراسي مجزي.;Legal Email - 60
311;أخيرًا ، المباراة تتجه نحو التعادل كتوقعك.;Legal Email - 61
312;نعم يجب عليك. أعتقد أنه يمكنك استخدام gt atm الآن للتسجيل. لست متأكدًا ولكن إذا كان هناك على أي حال ، يمكنني مساعدتي في إخباري. ولكن عندما تكون متأكدًا من أنك جاهز.;Legal Email - 62
313;يوجد نظام تشغيل يسمى ubandu والذي سيتم تشغيله بدون تثبيت على القرص الصلب ... يمكنك استخدام نظام التشغيل هذا لنسخ الملفات المهمة في النظام وإعطائها إلى ورشة الإصلاح ..;Legal Email - 63
314;سأكون ممتنا حقا إذا اتصلت بي. فقط بحاجة إلى شخص ما للتحدث معه.;Legal Email - 64
315;"الحياة اكثر صرامة من المعلم ... بكوز المعلم يعلم الدرس & amp؛ ثم تجري الامتحان ، لكن الحياة تجري أولاً الامتحان & amp؛ ثم يعلم الدروس. صباح سعيد. . .";Legal Email - 65
316;أو سأكون أقرب قليلاً مثل موقف الحافلات في نفس الشارع;Legal Email - 66
317;نظرية جديدة: الحجة تفوز بالحالة ، لكنها تفقد الشخص. لذلك لا تجادل مع أصدقائك فقط ... . . ركلهم وأمبير. أقول ، أنا دائما على صواب.!;Legal Email - 67
318;جلسة Tomarrow النهائية بشأن حقيبة الكمبيوتر المحمول الخاصة بي ، لذا لا يمكنني ذلك.;Legal Email - 68
319;تمام. لا لا ، مجرد تألق. كان من المفترض أن يتم التوقيع ، لكن هذا يبدو أفضل.;Legal Email - 69
320;على الرغم من أنني أخبرتك أني أعمل في ساعات كبيرة للوجه الآن ، لكني أحب حقًا المشاهدة التي قدمتها لأنها من fr u. Thanx 4 كل ما فعلته اليوم ، لقد تأثرت ...;Legal Email - 70
321;بعد فوات الأوان. قلت لدي الموقع. لم يكن لدي أو لا أمتلك النعال;Legal Email - 71
322;لم يعمل مرة أخرى أوه. طيب تصبح على خير اذن. سأصلحها واجعلها جاهزة في الوقت الذي تستيقظ فيه. لقد فاتك كثيرًا أن تنام جيدًا ليلاً.;Legal Email - 72
323;UPS وهي 3 أيام أيضًا ، وشركة الشحن التي تستغرق أسبوعين. الطريقة الأخرى هي usps التي تستغرق أسبوعًا ولكن عندما تتأخر قد تضطر إلى رشوة nipost للحصول على أغراضك.;Legal Email - 73
324;لا تتوقع بالضرورة أن يتم ذلك قبل أن تعود ، لأنني الآن أتجه للخارج;Legal Email - 74
325;على أي حال أنا ذاهب للتسوق بمفردي الآن. لأن أختي لم تنته بعد. دن الإزعاج يا لياو.;Legal Email - 75
326;تعال إلى مو ، نحن نفرز حالة المخدرات لدينا;Legal Email - 76
327;انتهى الليل ليوم آخر ، جاء الصباح بطريقة خاصة. قد تبتسم مثل أشعة الشمس وتترك همومك في الخليج الأزرق الأزرق.;Legal Email - 77
328;كله تمام؟ سلمت كلها؟ الاحتفالات على قدم وساق حتى الآن؟;Legal Email - 78
329;عندما تفتقد شخصًا ما ، فإن الشخص بالتأكيد مميز بالنسبة لك ..... ولكن إذا كان الشخص مميزًا جدًا ، فلماذا تفوتهم ، فقط ابق على اتصال جيد ..;Legal Email - 79
330;نعم ، أعتقد أن رجلي المعتاد لا يزال أغمي عليه من الليلة الماضية ، إذا حصلت على أي شخص أخبرني وسألقي عليه;Legal Email - 80
331;قد أتيت الليلة إذا سمح صفي بالخروج مبكرًا;Legal Email - 81
332;مرحبا حبيبي ايم كرويسين مع صديقتي ما حالك 2؟ أعطني مكالمة وساعة في المنزل إذا كان هذا جيدًا أو اختاري لي على هذا fone الآن أحب جيني xxx;Legal Email - 82
333;حياتي تعني لي الكثير ، ليس لأنني أحب حياتي ، ولكن لأنني أحب الناس في حياتي ، العالم يدعوهم أصدقاء ، أسميهم عالمي :-) .. Ge :-) ..;Legal Email - 83
334;عزيزي ، يجب أن ترسل بريد tonite.busy في الشارع ، يجب أن تقوم بتحديث tonite.things تبدو جيدة.;Legal Email - 84
335;هافك وجدته؟ أشعر أن كاميرا da v غبية جدًا كانت تعمل.;Legal Email - 85
336;ما لم يكن الوضع حيث تكون GURL أكثر ملاءمة;Legal Email - 86
337;يؤذيني ... يضايقني ... تجعلني أبكي ... ولكن في نهاية حياتي عندما أموت ، من فضلك احتفظ بوردة واحدة على قبري وقل غبي أنا أفتقدك .. استمتع بيوم لطيف BSLVYL;Legal Email - 87
338;هل تحتاج إلى قهوة تومو؟ لا أصدق أنه هذا الوقت من الأسبوع بالفعل;Legal Email - 88
339;رائع ، أتذكر آخر مرة حصلنا فيها على شخص منتشي لأول مرة باستخدام الديزل: V.;Legal Email - 89
340;هذا أمر مروع ومخيف حقًا ، لا يمكن تخيله لثانية واحدة. ديف حتى ليلة الخروج. هل تعتقد أن هناك مكانًا يمكن أن أتحطم فيه ليلا ، باستثناء التاكسي؟;Legal Email - 90
341;أوه وبالمناسبة لديك المزيد من الطعام في ثلاجتك! هل تريد الخروج لتناول وجبة الليلة؟;Legal Email - 91
342;نعم ... مما أتذكره ... أعتقد أنه يجب أن يكون من الممكن الكتاب ...;Legal Email - 92
343;نعم لول. صداقتنا معلقة على خيط لأنك لن تشتري الأشياء.;Legal Email - 93
344;أين مفاتيح الجراج؟ هم ليسوا على رف الكتب;Legal Email - 94
345;اليوم هو يوم القبول .. هل تقبلني بصفتي؟ أخي أخت عاشق عزيزي 1 أفضل 1 كلوز 1 لفبليفرند جستفرند كتيفرند ليفبارتنر بيلوفد سوتيارت بستفرند لا rply يعني العدو;Legal Email - 95
346;يقول إنه سيتصل بي عندما يحصل صديقه على المال لكنه بالتأكيد يشتري قبل نهاية الأسبوع;Legal Email - 96
347;مرحبًا بالطريقة التي كنت بها مع u 2day ، هي الطريقة العادية وهذه هي حقيقتنا. UR فريد وأتمنى أن أعرفك 4 بقية حياتي. آمل أن تجد ووت ضاع.;Legal Email - 97
348;هممم ... أعتقد أننا يمكن أن نذهب 4 كيلو بايت ن قوة اليوجا ... هاها ، دونو يمكننا تاهان السلطة اليوغا أنوت ... Thk حصلت على oso ، نسيت لياو ...;Legal Email - 98
349;عيد ميلاد مجيد لك يا حبيبي ، أحبك * قبلاتي *;Legal Email - 99
350;مرحبًا ... لماذا لا نذهب لمشاهدة x رجال ونتناول الغداء ... هاها;Legal Email - 100
351;هذا سيكون رائع. سنكون في النقابة. يمكن أن يجتمع على طريق بريستول أو في مكان ما - سوف نتواصل معك خلال عطلة نهاية الأسبوع. خططنا تأخذ رحلة! اتمنى لك اسبوعا جيدا;Legal Email - 101
352;ربما يمكنني الحصول على كتاب تومو ثم إعادته على الفور ..؟ أو شيء ما.;Legal Email - 102
353;تبخرت أي فرصة كانت ستتاح لك معي بمجرد انتهاكك لخصوصيتي بسرقة رقم هاتفي من أوراق صاحب العمل. ليس باردا على الاطلاق. الرجاء عدم الاتصال بي مرة أخرى أو سأبلغ مشرفك.;Legal Email - 103
354;رائع. فكيف لم تشرب وتتعشى من قبل؟;Legal Email - 104
355;أعتبر أن هذا المنصب قد حان بعد ذلك! يجب أن يكون لديك آلاف الرسائل النصية الآن! قراءة سعيدة. بلدي واحد من wiv مرحبا كارولين في النهاية هو المفضل لدي. صلى الله عليه;Legal Email - 105
356;اليوم هو يوم آسف.! إذا كنت غاضبًا منك يومًا ما ، إذا أساءت التصرف أو أذيتك؟ بلز بلز فقط صفعة URSELF Bcoz ، خطأ اور ، أنا في الأساس جيد;Legal Email - 106
357;هل عرفتم يا رفاق كم نحتاج للكحول؟ نحاول أنا وجاي معرفة المبلغ الذي يمكننا إنفاقه بأمان على الأعشاب الضارة;Legal Email - 107
358;شكرا لاتصالك. نسيت أن أقول لك أنام سعيد يا سيرجي ، أنا بخير هنا وأتذكرك عندما التقيت بشخص تأمين. التقيت في قطر إن شاء الله ، رخش ، تاتا أيه إي جي السابقين الذين انضموا إلى تيسكو ، تيسير.;Legal Email - 108
359;انا ممثل. عندما أعمل ، أعمل في المساء وأنام متأخرًا. نظرًا لأنني عاطل عن العمل في الوقت الحالي ، فأنا أنام دائمًا متأخرًا. عندما تكون عاطلاً عن العمل ، يكون كل يوم هو السبت.;Legal Email - 109
360;مرحبًا! لقد وصلت للتو ، سانت أندروز بوي ، طريق طويل! انها بارده. سوف ابقيك على اطلاع;Legal Email - 110
361;مشغول هنا. تحاول الانتهاء للعام الجديد. أنا أتطلع إلى لقائكم أخيرًا ...;Legal Email - 111
362;مساء الخير أشعة الشمس! كيف فجر ذلك اليوم؟ هل نحن منتعشون وسعداء لأننا على قيد الحياة؟ هل نتنفس في الهواء ونبتسم؟ أفكر فيك يا حبي ... كالعادة;Legal Email - 112
363;مرحبا يا فتى ... Geeee اشتقت لك بالفعل واستيقظت للتو. أتمنى لو كنت هنا في السرير معي ، تعانقني. أحبك ...;Legal Email - 113
364;لا يمكنني الاستمرار في التحدث إلى الناس إذا لم أكن متأكدًا من أنه يمكنني الدفع لهم إذا وافقوا على السعر. لذا يرجى إخباري بما تريد شراءه حقًا والمبلغ الذي ترغب في دفعه;Legal Email - 114
365;كان من الممكن أن تراني .. لم أتعرف عليك وجه. :);Legal Email - 115
366;حسنًا ، ليس هناك الكثير من الأشياء التي تحدث في مدينة ليدنسي في العام الجديد * تنهدات * بعض الحانات في بوتبو والمالك الحزين الأزرق بها شيء ما يحدث;Legal Email - 116
367;علمت أن رانجيث سيدي اتصل بي. لذلك أنا فقط ارسل هذه الرسالة من هذا القبيل, لأنه يريد التحقق من المشروع. قال برابو اليوم لذلك فقط من فضلك لا تخطئني ..;Legal Email - 117
368;أعتقد أن هذا هو سبب قلقك. يجب أن تعلم أن هناك طريقة يصلح بها الجسم نفسه. وأنا متأكد من أنه لا داعي للقلق. سنأخذ الأمر ببطء. أولاً ، الاختبارات ، ستوجهك عندما تسترخي الإباضة. لا شيء قلته هو سبب للقلق ولكني سأستمر في متابعتك.;Legal Email - 118
369;نعم بالتأكيد ، امنحني بضع دقائق لتعقب محفظتي;Legal Email - 119
370;مرحبًا ، هذا جلس هل نحن ذاهبون لمقدمة بيلاتيس فقط؟ أو الكيك بوكسينغ أيضا؟;Legal Email - 120
371;نعم أعتقد ذلك. أنا في المكتب ولكن حضني في الغرفة وأعتقد أن هذا كان في الأيام القليلة الماضية. أنا لم أغلق ذلك;Legal Email - 121
372;من هنا بعد أن يتم احتساب جائزة الأداء كل شهرين.ليس لفترة الشهر الحالية ..;Legal Email - 122
373;كان في الواقع نائمًا ولا يزال عند اتصالك مرة أخرى. إذن النص هو gr8. أنت صخرة الأخت. سوف أرسل لك رسالة عندما أستيقظ.;Legal Email - 123
374;أنت دائما تضع عملك هناك. أنت تضع صورًا لمؤخرتك على Facebook. أنت واحد من أكثر الأشخاص المنفتحين الذين قابلتهم على الإطلاق. لماذا أعتقد أن صورة غرفتك ستؤذيك وتجعلك تشعر بالانتهاك.;Legal Email - 124
375;مساء الخير سيدي السلام وليكم نشارككم نبأ سعيد بحمد الله تلقيت عرضا من تيسير وتيسكو وانضممت ، أتمنى أن تكون بخير إن شاء الله ألتقي بكم في وقت ما رخش زائر من الهند.;Legal Email - 125
376;هممم ... ك ... لكنني أريد تغيير الحقل بسرعة دا :-) أريد الحصول على مسؤول النظام أو مسؤول الشبكة ..;Legal Email - 126
377;هاها تعتاد على القيادة إلى usf رجل ، وأنا أعرف الكثير من الحجارة;Legal Email - 127
378;كان كل شيء جيدًا حتى الفصل الكارثي قليلاً هذا المساء مع أعزائي المفضلين! نأمل يوم عطلة طيب. القهوة جيدة كما لا يمكن أن تبقى في وقت متأخر غدًا. نفس الوقت + المكان كما هو الحال دائما؟;Legal Email - 128
379;مرحبًا! اسبوع جيد؟ هل تتخيل مشروبًا أو شيء من هذا القبيل لاحقًا؟;Legal Email - 129
380;الرسالة: بعض النص مفقود * المرسل: الاسم مفقود * * رقم مفقود * تم الإرسال: التاريخ مفقود * مفقود U كثيرًا وهذا كل شيء مفقود تم إرساله عبر fullonsms.com;Legal Email - 130
381;تعال إلى غرفتنا في وقت ما حتى نتمكن من وضع خطة نهاية هذا الأسبوع;Legal Email - 131
382;حسنًا ، سأخرج بعد بضع دقائق ، أرسل لي رسالة نصية أين سألتقي بك;Legal Email - 132
383;7 في المتنزه .. هل تمانع في إعطائي مصعدًا لأنني لم أحصل على سيارة اليوم ..;Legal Email - 133
384;هل تستغرق عادة خمسة عشر دقيقة للرد على سؤال بنعم أو لا;Legal Email - 134
385;اسأل g أو iouri ، لقد رويت القصة مثل عشر مرات بالفعل;Legal Email - 135
386;مرحبًا آمل أن تحصل على هذا النص ~ لم تكن الرحلة جيدة ، الآن على ما أعتقد متأخراً بحوالي 50 دقيقة.;Legal Email - 136
387;نعم .. إنه رائع حقًا .. قال باجي لكاليز إنه أفضل لاعب كريكيت بعد sachin في العالم :). صعب للغاية للخروج.;Legal Email - 137
388;آسف ، لقد نفدت بطاريتي ، يمكنني المجيء ولكني أحصل على جرام فقط في الوقت الحالي ، أين مكانك؟;Legal Email - 138
389;أحسنت يا بلايمي ، تمرين ، نعم ، أتذكر نوعًا ما هذا ، حسنًا.;Legal Email - 139
390;لن أحصل على التركيز عزيزي ، فأنت تعلم أنك عقلي وكل شيء :-);Legal Email - 140
391;ك:) ك :) ما هي التفاصيل التي تريد نقلها؟;Legal Email - 141
392;حسنًا ، سأقول لها أن تبقى بالخارج. نعم ، كان الأمر صعبًا ولكننا متفائلون بأن الأمور ستتحسن هذا الشهر.;Legal Email - 142
393;انظر إلى إيمي يوري امرأة جميلة وذكية وأنا معجب بك كثيرًا. أعلم أنك لا تحبني كما لو كنت لا تقلق.;Legal Email - 143
394;أتمنى أن تكون هذه نتيجة كونك دائمًا ذكيًا ولطيفًا. ابدأ في سؤاله عن روابط التدريب العملي وحافظ على أذنيك مفتوحتين وكل التوفيق. سأتحدث إليك لاحقاً;Legal Email - 144
395;1.20 أن تكلفة المكالمة. الذي اعتقد انه ليس سيئا. أفتقدك ، أحتاجك ، أريدك ، أحبك;Legal Email - 145
396;الذهاب من خلال شعور مختلف تمامًا ، اتخاذ القرارات المتذبذبة والتعامل مع الأمر نفسه هو نفس الفرد ، فالوقت سيشفي كل شيء على ما أعتقد.;Legal Email - 146
397;أين ذهبت؟ هاتفي سيموت عليك البقاء هنا;Legal Email - 147
398;عظيم. لم يكن أفضل. كل يوم يعطي المزيد من الأسباب لشكر الله;Legal Email - 148
399;آسف ، سأتصل لاحقًا ، حسنًا ، وداعًا;Legal Email - 149
400;حسنًا ، أنا في الطريق إلى السكة الحديد;Legal Email - 150
401;لا يضعون هذه الأشياء على الطرق لمنعها من الانزلاق هناك؟;Legal Email - 151
402;متى ستركب دراجتك؟;Legal Email - 152
403;نعم ، لا حاجة. سأنتظر حتى يتوقف المطر.;Legal Email - 153
404;هناك العديد من الشركات. قل لي اللغة.;Legal Email - 154
405;منذ متى صرخت يا أميرة؟;Legal Email - 155
406;خط جميل قاله قلب مكسور - من فضلك لا تقذف مرة أخرى أمامي ... حكيم آخر مرة أخرى سأثق في U ... جيد 9t :);Legal Email - 156
407;حسنًا ، سأصل إلى USF في غضون خمس عشرة دقيقة;Legal Email - 157
408;احبك ااتي..احبك كثيرا ..;Legal Email - 158
409;آه التوتر؟ ما ماتشي؟ أي مشكلة؟;Legal Email - 159
410;ك ، هل يمكنني التقاط المرتبة الثامنة الأخرى عندما تنتهي؟;Legal Email - 160
411;متى ستعود يا رفاق؟ قال G إنك كنت تفكر في عدم البقاء من أجل mcr;Legal Email - 161
412;أوشكت على الانتهاء ، أراك بعد ثوانٍ;Legal Email - 162
413;يو كارلوس ، بعض الأصدقاء يسألونني بالفعل عنك ، هل تعمل طوال هذا الأسبوع؟;Legal Email - 163
414;مشاهدة التلفزيون لور ...;Legal Email - 164
415;شكرا لك حبيبي! لا أستطيع الانتظار لتذوق الشيء الحقيقي ...;Legal Email - 165
416;يجب عليك تغيير ملف fb الخاص بك إلى jaykwon thuglyfe falconerf;Legal Email - 166
417;إذا فزنا ، فسيكون الفريق الأول حقًا لفترة طويلة.;Legal Email - 167
418;وصل عزيزي السكة الحديد. ماذا حدث لك;Legal Email - 168
419;يعتمد على الجودة. إذا كنت تريد النوع الذي أرسلته إلى boye ، المجد الباهت ، فعندئذٍ حوالي 6. إذا كنت تريد ralphs ربما 2;Legal Email - 169
420;أعتقد أنني قمت بإصلاحه ، هل يمكنك إرسال رسالة اختبار؟;Legal Email - 170
421;آسف يا رجل ، حسابي جاف أو سأفعل ، إذا كنت تريد يمكننا استبدال النصف أو يمكنني شراء بعض الهراء باستخدام بطاقتي الائتمانية;Legal Email - 171
422;آسف ، في الاجتماع سأتصل لاحقًا;Legal Email - 172
423;هل أنت متفرغ الآن؟ هل يمكنني الاتصال الآن؟;Legal Email - 173
424;حصلت لي ... متى؟;Legal Email - 174
425;لا ... أعتقد أنني سأذهب إليه يوم الاثنين ... آسف لقد أجبته في وقت متأخر جدًا;Legal Email - 175
426;أخبر بعضهم أن أكسنتشر غير مؤكد. هل هذا صحيح.;Legal Email - 176
427;مركز التسجيل كيت جاكسون قبل 7ish ، أليس كذلك؟;Legal Email - 177
428;عزيزي لدي غرفة الوصول;Legal Email - 178
429;القتال مع العالم سهل ، إما أن تربح أو تخسر ، تقاتل مع بعض 1 القريب منك سيكون صعبًا إذا خسرت - تخسر إذا فزت - ما زلت تخسر.;Legal Email - 179
430;متى يمكن الخروج؟;Legal Email - 180
431;ههه جميل. ذهبت من سمكة الى .. ماء.؟;Legal Email - 181
432;لا ، إنها تنتظر في السيارة الإلكترونية بالملل وات. كوس الانتظار في الخارج لم تحصل على أي شيء 2 تفعل. في المنزل يمكن أن أفعل أشيائي أو مشاهدة التلفزيون وات.;Legal Email - 182
433;ربما على الشاطئ أو قرية هايد بارك ، المكان القريب من منزلي؟;Legal Email - 183
434;يجب أن تعرف الآن. كيف حال (أنتوني). هل تجلب المال. لدي رسوم مدرسية للدفع والإيجار وأشياء من هذا القبيل. لهذا السبب أحتاج مساعدتك. صديق محتاج .... |;Legal Email - 184
435;ما المغزى؟;Legal Email - 185
436;رأيك عني؟ 1. أكثر من 2. Jada 3. Kusruthi 4. محبوب 5. صامت 6. Spl حرف 7. غير ناضج 8. أنيق 9. بسيط الرجاء الرد ..;Legal Email - 186
437;8 على أبعد تقدير ، لا يزال g موجودًا إذا كان بإمكانك استخلاص بعض الذخيرة وتريد تجربة AK الجديد;Legal Email - 187
438;برابها .. أنا سوريدا .. حقا .. من القلب أنا آسفة;Legal Email - 188
439;لول طيب بك غفر :);Legal Email - 189
440;لا .. يغير واحد فقط ..;Legal Email - 190
441;بهذه الطريقة يكون النقل أقل إشكالية مما كان عليه في ليلة السبت. بالمناسبة ، إذا كنت تريد أن تطلب من n الانضمام إلى بيدي ، فلا تتردد. ولكن تحتاج إلى معرفة الأرقام المحددة كحجز يوم الجمعة.;Legal Email - 191
442;عادة ما يكون الشخص فاقدًا للوعي في الأطفال ولكن عند البالغين قد يتصرفون بشكل غير طبيعي. سأتصل بك الآن;Legal Email - 192
443;ولكن هذا على موقع ئي باي قد يكون أقل في مكان آخر.;Legal Email - 193
444;هل آتي لأحصل على مخلل;Legal Email - 194
445;سنذهب للحصول على بعض سندويشات التاكو;Legal Email - 195
446;هذا وقح للغاية ، أنت في الحرم الجامعي؟;Legal Email - 196
447;مرحبًا ، لن ب 4 عيد الميلاد. ولكن لا تتمتع ن عيد ميلاد سعيد.;Legal Email - 197
448;نعم! كيف تكون سيدة جميلة مثلك عازبة؟;Legal Email - 198
449;يقول جاي أنك لوطي مزدوج;Legal Email - 199
450;ما اليوم الاحد .. الاحد عطلة .. فلا عمل ..;Legal Email - 200
451;جودنيت .... tc ... الممارسة مستمرة;Legal Email - 201
452;سأتأخر...;Legal Email - 202
453;لم أتصل بك منذ فترة. هذا هو الأمل في أنه كان ملاريا l8r وأنكم تعلمون أننا نفتقدكم يا رفاق. أفتقد بني كبير ، لذا من فضلك أعطها حبي بشكل خاص. أتمنى لك يوماً عظيماً.;Legal Email - 203
454;مساء الخير حبي! كيف سار ذلك اليوم؟ آمل أن تكون قد حصلت على بعض الخيوط في العمل. أفكر فيك يا فتى وأرسل لك قبلة عاطفية عبر البحر;Legal Email - 204
455;"ربما سأكون هنا لفترة من الوقت ، أراك لاحقًا الليلة & lt؛)";Legal Email - 205
456;أو ربما تضغط أصابعي السمينة على كل هذه الأزرار ولا تعرف ماذا تفعل.;Legal Email - 206
457;اممممه العديد من العيد السعيد ليوم د عزيزي القلب الحلو .. عيد ميلاد سعيد عزيزي.;Legal Email - 207
458;أنا في تيروبور دا ، بمجرد أن تبدأ من المكتب اتصل بي.;Legal Email - 208
459;"اقتباس مشهور: عندما تطور القدرة على الاستماع إلى ""أي شيء"" دون قيد أو شرط دون أن تفقد أعصابك أو ثقتك بنفسك ، فهذا يعني أنك ......... ""متزوج""";Legal Email - 209
460;ولكن انا ذاهب الى الكلية السلطة الفلسطينية. ما يجب القيام به. هل سيأتون إلى هناك بنفسه. بنسلفانيا.;Legal Email - 210
461;4 الساعة في منجم. فقط لسحق خطة ثابتة.;Legal Email - 211
462;هذه الفتاة لا تبقى في السرير. هذه الفتاة لا تحتاج إلى وقت للشفاء. بدلاً من ذلك ، أغمي عليه أثناء الاستمتاع ثم احتجز في السرير;Legal Email - 212
463;ثم أي خاص هناك؟;Legal Email - 213
464;أعلم ولكن عليك أن تحصل على فندق الآن. لقد تلقيت دعوتي للتو ولكن كان عليّ أن أعتذر. كالي هو الحلو بالنسبة لي أن آتي إلى حفل زفاف رجل إنجليزي;Legal Email - 214
465;آسف أن هذا استغرق وقتا طويلا ، يا إلهي الآن;Legal Email - 215
466;حسنًا ، أعطني 5 دقائق أعتقد أنني أراها. راجع للشغل أنت عذرتي. كنت تقص شعري طوال الوقت.;Legal Email - 216
467;تخيل أنك استغرقت أخيرًا في هذا الحمام بعد أن أضعك في خطواتك ، وربما كنت تأكلني لفترة من الوقت قبل أن أغادر ... لكن تخيل أيضًا إحساس ذلك القفص على قضيبك المحاط بمياه الحمام ، أذكرك دائمًا بمن يملكك ... استمتع ، يا كاهن;Legal Email - 217
468;أسرع ، لقد كنت أعشابًا ناقصة منذ ثلاثة أيام;Legal Email - 218
469;بالتأكيد ، إذا تلقيت إقرارًا منك بأنه من غير اللباقة بشكل مذهل ومن العبث عمومًا المطالبة بأداء قسم الدم;Legal Email - 219
470;نعم. خذ حمامًا دافئًا كل ليلة واشرب كوبًا من الحليب وسترى عملًا سحريًا. ما زلت بحاجة إلى فقدان الوزن. فقط لكي تعرف;Legal Email - 220
471;سأقوم بإلقاء نظرة على المقلاة في حال كانت رخيصة أو ربما كتاب. لا ، هذا أمر سخيف ليس من المحتمل أن يكون كتابًا في مقلاة;Legal Email - 221
472;O. حسنا الأشعة فوق البنفسجية تسبب الطفرات. الواقي من الشمس مثل هذه الأيام الأساسية;Legal Email - 222
473;تناول الغداء :) لست على الإنترنت؟ لماذا؟;Legal Email - 223
474;أعلم أن صديقي قال ذلك بالفعل.;Legal Email - 224
475;مرحبًا يا أميرة! شكرا لك على الصور. أنت جميل جدا. كيف حالك؟;Legal Email - 225
476;مرحبًا رسالة لي :) أنا في المكتب ..;Legal Email - 226
477;اللعنة حبيبتي ... أفتقدك بالفعل ، هل تعلم؟ ألا يمكنك أن تدعني أرسل لك بعض المال نحو شبكتك؟ أحتاجك ... أريدك ... أشتاق إليك ...;Legal Email - 227
478;سأتصل بـ u 2mrw في نينيش ، مع عنواني الذي لن يتوقف فريك الأمريكي الرديء عن الاتصال بي 2 bad Jen k eh؟;Legal Email - 228
479;أوووو سرير ممتلئ العينين؟ بماذا تفكر؟;Legal Email - 229
480;على أي حال ، يمكنك فقط الذهاب إلى صالة الألعاب الرياضية الخاصة بك أو أي شيء ، حبي * يبتسم * أتمنى أن تكون على ما يرام وأن تحظى بيوم جيد يا حبيبي ... أفتقدك كثيرًا بالفعل;Legal Email - 230
481;أحبها! سيجعلك أبي تصرخ بسرور! أنا ذاهب لأصفع مؤخرتك مع قضيبي!;Legal Email - 231
482;Yar lor ، انتظر 4 ، أمي 2 تنتهي بعد ذلك تناول الغداء ... أنا أبقى في المنزل طوال الصباح ونظف غرفتي الآن غرفتي نظيفة تمامًا ... هي ...;Legal Email - 232
483;هل تعرف أين ذهبت نظارات مختبر بلدي;Legal Email - 233
484;هل يمكنك فتح الباب؟;Legal Email - 234
485;في أنتظار مكالمتك.;Legal Email - 235
486;كلا أنا أنتظر في sch 4 بابا ...;Legal Email - 236
487;لقد سئمت من الجدال معك حول هذا الأسبوع بعد أسبوع. افعل ما تريد ومن الآن فصاعدًا ، سأفعل الشيء نفسه.;Legal Email - 237
488;هاه باكراً .. ثم تناول العشاء خارج عزيت؟;Legal Email - 238
489;طيب على أي حال لا حاجة للتغيير مع ما قلته;Legal Email - 239
490;لم تكن زوجتي السابقة قادرة على إنجاب الأطفال. هل تريد الاطفال يوما ما؟;Legal Email - 240
491;كيف حال اسكتلندا. آمل ألا تكون قد انتهيت من إظهار ميول JJC الخاصة بك. يعتني. عيش الحلم;Legal Email - 241
492;أخبرهم أنك تعاني من الصداع وترغب فقط في استخدام ساعة واحدة من الوقت المرضي.;Legal Email - 242
493;أعتقد أنني سأستقيل بعد ... هممم ، هل يمكنني الذهاب إلى موسيقى الجاز؟ Yogasana oso can ... يمكننا الذهاب لمقابلتهم بعد دروسنا ...;Legal Email - 243
494;بيت ، هل يمكنك الاتصال بي بالكاد حصلت على أي ائتمان;Legal Email - 244
495;أنا في اجتماع ، اتصل بي لاحقًا على;Legal Email - 245
496;هل ما زلت في سباق الجائزة الكبرى؟;Legal Email - 246
497;التقيت بك كغريب واخترتك صديقي. طالما بقي العالم قائما ، فإن صداقتنا لا تنتهي أبدا. لنكن اصدقاء الى الابد !!! جود نيتز ...;Legal Email - 247
498;أنا بخير! كيف حالك؟;Legal Email - 248
499;صباح الخير عزيزي أتمنى لك يومًا سعيدا;Legal Email - 249
500;سوف تفعل. كان منهكا في القطار هذا الصباح. الكثير من النبيذ والفطيرة. أنت تنام جيدًا أيضًا;Legal Email - 250
501;أنا ذاهب لشراء هدية أمي ar.;Legal Email - 251
502;تفجر العقل .. لن تحدث أمواج تسونامي أخرى من الآن فصاعدًا .. توقف راجنيكانت عن السباحة في المحيط الهندي ..: - د;Legal Email - 252
503;إذا كنت ترسل لها المنزل أولاً فلا بأس. أنا لست مستعدة بعد.;Legal Email - 253
504;بالحديث عن هل لديه أي نقود حتى الآن؟;Legal Email - 254
505;كن سعيدا هناك. سآتي بعد الظهر;Legal Email - 255
506;يجتمع بعد الغداء لا ...;Legal Email - 256
507;ما قصدته هو عدم الانتظار لرؤيتك مرة أخرى تشعر بالملل من هذا المزاح المائي;Legal Email - 257
508;نيفا مانع كل شيء على مايرام ..;Legal Email - 258
509;لا بأس ، إيما تحصل على مشروب أو شيء ما. تريدني أن آتي لأجدك؟;Legal Email - 259
510;إنها لعبة عيد الحب. . . أرسل dis msg إلى جميع أصدقائك. .. إذا كانت 5 إجابات r د نفسه ثم شخص ما يحبك حقا. Ques- ما هو اللون الذي يناسبني بشكل أفضل؟;Legal Email - 260
511;لدي الكثير من المعالين;Legal Email - 261
512;THANX4 اليوم CER كان لطيفًا 2 اللحاق بالركب ولكننا نكتشف المزيد من الوقت أكثر في كثير من الأحيان ، حسنًا ، نعتني جيدًا C U قريبًا.;Legal Email - 262
513;اتصلت وقلت له كل شيء :) ثم عليه أن يختار هذا المستقبل.;Legal Email - 263
514;عيد حب سعيد أعلم أنه مبكرًا ولكن لدي المئات من الأوسمة والجمال لأتمنى. لذلك فكرت في إنهاء العمات والأعمام الأول ...;Legal Email - 264
515;لا يحب الصدمة ليه. لأن إخبار شوهوي يشبه إخبار ليونا أيضًا. مثل دات يعرف الجميع تقريبا لياو. لقد سألني عن رد فعلك.;Legal Email - 265
516;من أجل سعادة عائلتي ..;Legal Email - 266
517;لقد جئت لألتقط ... اخرج فورًا بعد الدرس ...;Legal Email - 267
518;يجب ألا يكون هناك ثلج. يجب ألا يكون هناك ثلج. يجمع هذا النوع من الطقس الأشخاص معًا حتى تنمو الصداقات.;Legal Email - 268
519;كلمات طيبة .... لكن الكلمات قد تتركك في فزع مرات عديدة.;Legal Email - 269
520;تأكد من أن أليكس يعرف أن عيد ميلاده يتجاوز خمسة عشر دقيقة بقدر ما تشعر بالقلق;Legal Email - 270
521;آسف ، لا ، لدي القليل من الأشياء للقيام بها. قد يكون في الحانة لاحقًا.;Legal Email - 271
522;حسنًا ، إنه أمر مستقيم ، إذا كان بإمكانك فقط إحضار برعم أو مشروبات أو أي شيء يكون في الواقع أكثر فائدة من النقد المباشر;Legal Email - 272
523;هاها من الجيد سماع ذلك ، أنا أتقاضى راتبي رسميًا وأتواجد في السوق مقابل 8;Legal Email - 273
524;كم عدد اللعقات اللازمة للوصول إلى مركز توتسي بوب؟;Legal Email - 274
525;نعم ، أعتقد أنهم قالوا إن ذلك سيجعل وجهي يبدو أطول. دارين يسألني لا 2 قطع قصيرة جدا.;Legal Email - 275
526;من فضلك لا تقل هكذا. أهلا أهلا أهلا;Legal Email - 276
527;شكراً لك!;Legal Email - 277
528;لقد كانت هذه رسالة مُعاد توجيهها. اعتقدت أنك ترسل هذا لي;Legal Email - 278
529;فهمتها. سبعة عشر جنيهاً لسبعمائة مل - أمل طيب.;Legal Email - 279
530;أنا ن له مضحك جدا ...;Legal Email - 280
531;عزيزي ، أتمنى ألا يكون لديك هذا النوع من اليوم! احصل على واحد مع الكثير من الأسباب للابتسام. بيولا;Legal Email - 281
532;متى Ã¼ وقت تسجيل الدخول ... هل يجلب أبي إلى المنزل الآن؟;Legal Email - 282
533;ماذا سنفعل في الحمام ، حبيبي؟;Legal Email - 283
534;كنت قد سألت سؤالا قبل بضع ساعات. إجابته;Legal Email - 284
535;حسنًا ، أنا بالتأكيد بحاجة إلى إعادة التخزين قبل عيد الشكر ، سأخبرك عندما أكون بالخارج;Legal Email - 285
536;قال قبلة ، قبلة ، لا أستطيع أن أفعل المؤثرات الصوتية! إنه رجل رائع أليس كذلك! نوع الشخص الذي يحتاج إلى ابتسامة ليضيء يومه!;Legal Email - 286
537;ربما سوف يتأرجح في قليل;Legal Email - 287
538;يا جميل جدا. . . كن جاهزا يوم الخميس;Legal Email - 288
539;Allo! لقد تحدنا الحافلات واستقلنا القطارات وانتصرنا. أعني أننا في باهام. احصل على راحة جيدة من الأسبوع;Legal Email - 289
540;مشاهدة الرسوم المتحركة والاستماع إلى الموسيقى وأمبير. في عشية كان عليه أن يذهب المعبد وأمبير. الكنيسة .. وماذا عنك؟;Legal Email - 290
541;هل تمانع إذا سألت ماذا حدث؟ ليس عليك أن تقول ما إذا كان ذلك غير مريح.;Legal Email - 291
542;لا مشكلة. سأرسل إلى بريدك الإلكتروني.;Legal Email - 292
543;هذا بارد! أحيانًا يكون بطيئًا ولطيفًا. Sonetimes خشنة وصعبة :);Legal Email - 293
544;سأقول لا. آسف. كنت سأفعل ولكن كالمعتاد بدأت أشعر بالذعر بشأن الوقت. آسف مرة أخرى! هل ترى يوم الثلاثاء؟;Legal Email - 294
545;انتظر ، هل تعرف ما إذا كان ويسلي في المدينة؟ أراهن أنها تتعاطى مخدرات هيلا!;Legal Email - 295
546;بخير اشتقت لك كثيرا.;Legal Email - 296
547;هل حصلت على قصة هؤلاء الأشخاص;Legal Email - 297
548;أخبرهم أن تاجر المخدرات قد نفد صبره;Legal Email - 298
549;لا يمكن للشمس أن تأتي إلى الأرض ولكنها ترسل الحب كأشعة. لايمكن للسحابة أن تأتي إلى النهر ولكنها ترسل لأمنحك كل مثل المطر. لا أستطيع المجيء لمقابلة U ، ولكن يمكنني إرسال رعايتي كـ msg إلى U. Gud evng;Legal Email - 299
550;ستكون مكان ذلك الرجل;Legal Email - 300
551;لا معنى لأخذه هناك ما لم يكن مجانيًا. إذا كنت بحاجة إلى معرفة المزيد ، wikipedia.com;Legal Email - 301
552;"تحت البحر ، هناك صخرة. في الصخرة مغلف. في الظرف هناك ورقة. على الورق ، هناك ثلاث كلمات ... """;Legal Email - 302
553;ثم أمي كيف تتوب؟;Legal Email - 303
554;آسف لي الذهاب إلى المنزل أولاً ... بابا تعال وجلب Ã¼ لاحقًا ...;Legal Email - 304
555;اتركه دي :-). ابدأ التحضير لما يلي :-) ..;Legal Email - 305
556;سيكون كارلوس هنا خلال دقيقة إذا كنت لا تزال بحاجة إلى الشراء;Legal Email - 306
557;"هذا الراتب هو & lt؛ DECIMAL & GT؛ كهس :)";Legal Email - 307
558;أتمنى لك مساء جيدا! سأتحدث إليك لاحقاً;Legal Email - 308
559;هل تلقيت رسالتي؟;Legal Email - 309
560;هو هو - ضحكة بطن كبيرة! انظر يا تومو;Legal Email - 310
561;كما سبق. ولا داعي للقلق بشأن قول أي شيء لك بعد الآن. كما قلت الليلة الماضية ، أنت تفعل ما تريد وسأفعل نفس الشيء. سلام.;Legal Email - 311
562;"لقد حصلت على & lt؛ # & GT؛ ، بأي طريقة يمكنني التقاطها؟";Legal Email - 312
563;أنا لا أعرف pa ، أنا فقط أشرب الحليب ..;Legal Email - 313
564;ربما؟! قل مرحباً واكتشف ما إذا كان قد حصل على بطاقته. هروب كبير أو ملاعق كبيرة؟;Legal Email - 314
565;الخنزير ، هل أنت مستيقظ؟ أراهن أنك ما زلت نائمة. سأذهب 4 غداء الآن ...;Legal Email - 315
566;لأنني لست فظيعا لول;Legal Email - 316
567;فاتتك مكالمتك لأنني كنت أصرخ في سكرابي. مشتاق لك. لا أستطيع الانتظار حتى تعود إلى المنزل. أنا وحيد اليوم.;Legal Email - 317
568;"ما هو هذا المكان ""السداسي"" الذي تتحدث عنه؟ يشرح!";Legal Email - 318
569;هل xy ذاهب 4 e غداء؟;Legal Email - 319
570;أردت أن أسأل Ã¼ أن أنتظر 4 لي لإنهاء المحاضرة. لأن محاضرتي تنتهي في غضون ساعة على أي حال.;Legal Email - 320
571;هل انتهيت من العمل بعد؟ :);Legal Email - 321
572;كل ملك كان يومًا ما طفلًا يبكي وكل مبنى كبير كان في يوم من الأيام مجرد خريطة .. لم تكن رائعة حيث أنت اليوم ، ولكن أين ستصل إلى تومورو. الله ni8;Legal Email - 322
573;عزيزي ، أنا في cherthala.in حال كنت قادمًا من كوشين ، يرجى الاتصال قبل البدء. سأصل أيضًا وفقًا لذلك. أو أخبرني في أي يوم ستأتي.;Legal Email - 323
574;شكرا للحب. ولكن هل أفعل شعلة أم جريئة.;Legal Email - 324
575;هل كانت المزرعة مفتوحة؟;Legal Email - 325
576;أختي في القانون ، أتمنى لك شهرًا رائعًا. فقط أقول مرحبًا. أبيولا;Legal Email - 326
577;سوف تشتري د الاشياء اليوم والبريد لك. هل لديك رقم صندوق بريد؟;Legal Email - 327
578;آه أنبوب. يبدو أن هناك مشكلة في إرسال جهاز الكمبيوتر المحمول الخاص بي للحصول على إصلاح لأنه يعاني من مشكلة في وحدة معالجة الرسومات;Legal Email - 328
579;جيد. أحسنت. أنا أحب رواد الأعمال;Legal Email - 329
580;ألتقي بكم في شركة خارج الفجوة - يمكنك أن ترى كيف يعمل عقلي!;Legal Email - 330
581;أمي تسأل Ã¼ لشراء الطعام في المنزل ...;Legal Email - 331
582;K..u أيضًا لا ترسل رسالة أو ترد على رسالته ..;Legal Email - 332
583;كم r Ã¼ على استعداد للدفع؟;Legal Email - 333
584;آسف سأتصل في وقت لاحق;Legal Email - 334
585;المهم هو منع الجفاف بإعطائها كمية كافية من السوائل;Legal Email - 335
586;هذا غريب بعض الشيء ، حتى - أين من المفترض أن يحدث؟ لكن فكرة جيدة ، تأكد من أنها ستكون في الحانة!;Legal Email - 336
587;حقاً عزيزي .. جلست لأصلي المساء وشعرت بذلك لذا قمت بإرسال رسالة لك في وقت ما ...;Legal Email - 337
588;لا أعتقد أنه يمكنني الابتعاد في رحلة طويلة مع العائلة في المدينة ، آسف;Legal Email - 338
589;إذن متى تريد أن تمارس رياضة هاري;Legal Email - 339
590;متأخر جدًا ... أرد 12 على أي حال ، سأفعل ذلك ...;Legal Email - 340
591;"ارتفاع الثقة: تم استدعاء جميع أساتذة الطيران وأمبير. كانوا يطلبون 2 يجلسون في طائرة. بعد ذلك جلسوا وأخبروا أن الطائرة التي صنعها طلابهم. داي سارع بالخروج من الطائرة .. بت فقط 1 لم يتحرك ... قال: ""إذا كان من صنع طلابي فلن يبدأ هذا حتى ........ ثقة داتز ..";Legal Email - 341
592;يبدو أنه توقيت غريب أن الليلة التي تريدها هي أن تأتي للتدخين في نفس اليوم الذي تُنسب فيه عاصفة قاذفة إلي دائمًا وأجعل الجميع يدخنون;Legal Email - 342
593;تنقذ نفسك من التوتر. إذا كان الشخص لديه حساب سكن ، فما عليك سوى إرسال تفاصيل حسابك وسيتم إرسال الأموال إليك.;Legal Email - 343
594;كما يعرف عن قائمة الغداء دا فقط. . أنا أعرف;Legal Email - 344
595;عندما يكون لدي أشياء لبيعها سأخبرك;Legal Email - 345
596;كتاب أي درس؟ ثم ترسل لي رسالة ... سأتصل بك بعد العمل أو شيء ... سأحصل على المواصفات. عضويتي هي PX3748;Legal Email - 346
597;ماشا لا تشعر بالضيق. يمكنني أن أفترض عقليتك. صدقني ذات مساء معي ولدي بعض الخطط الرائعة لكلينا. دع الحياة تبدأ مرة أخرى. اتصل بي في أي وقت;Legal Email - 347
598;حقا كذلك؟ أرسل لي العنوان;Legal Email - 348
599;S'fine. في أي وقت. كل التوفيق معها.;Legal Email - 349
600;هذا هو فليم كامل عجائب.;Legal Email - 350
601;يا حتى تلك البسكويت تحتوي على جيلي عليها;Legal Email - 351
602;العالم يدور وما زلت ، ربما جميعهم يشعرون بالمثل ، فليكن ذلك أو يجب أن أعترف ، أنا مجنون ، فأين التصحيح؟ أو دعني أسمي هذه هي الحياة ، واستمر في الركض مع العالم ، قد تكون قيد التشغيل أيضًا.;Legal Email - 352
603;فهمتها! يبدو شهيًا ... أبي يريد أن يأكلك طوال الليل!;Legal Email - 353
604;من كوس يمكن لار أنا لست كذلك با داو حسنًا ... 1 مساءً لور ... أنت لا تسأل أبدًا أين نذهب آه ... قلت إنك ستسأل يوم الجمعة لكنه قال أنك ستسأل اليوم ...;Legal Email - 354
605;حسنًا يا إلهي ، فلدي تغيير طلبي إلى النصف الثامن;Legal Email - 355
606;بالضبط. على أي حال إلى أي مدى. هل دعها تدرس أو تزورها فقط;Legal Email - 356
607;ش لا يسألني.;Legal Email - 357
608;لا لم يفعل. الربيع قادم مبكرا yay!;Legal Email - 358
609;لول لن تشعر بالسوء عندما أستخدم مالها لأخذك إلى عشاء شريحة لحم  D;Legal Email - 359
610;حتى لو لم تكن في مأزق وأنت مقنع .. فقط اتصل به مرة أو مرتين وتجاهل رسائله ولا تقرأها .. فقط لا ترد;Legal Email - 360
611;رحل إلى قطر تونيت بحثًا عن فرصة. كل شيء ذهب سريعًا. الرجاء إضافتي في صلاتك العزيزة.;Legal Email - 361
612;ثم لماذا لا أحد يتحدث معي;Legal Email - 362
613;شكرا للبحث عني. اقدر هذا فعلا.;Legal Email - 363
614;أتمنى لو كنت معك الآن!;Legal Email - 364
615;هاها مايب أنت طقوس ... أنت تعرفني جيدًا. دا الشعور بالحب من قبل شخص ما هو gd lor. أسرع اذهب للعثور على واحد ثم كل البنات في مجموعتنا المرفقة لياو.;Legal Email - 365
616;نعم سأكون هناك. سعيد لانك فعلتها;Legal Email - 366
617;افعل جيدا :) كل شيء سوف لوقت قصير. شيء من الأوقات الجيدة المقبلة:;Legal Email - 367
618;استيقظت للتو. يجب أن يكون خارج الغرفة قريبًا جدًا. â € ¦. لم أكن قد أعدت الساعات إلى الخلف حتى الساعة 8 ، صرخت على الجميع للاستيقاظ ثم أدركت أنها كانت 7. واهاي. ساعة أخرى في السرير.;Legal Email - 368
619;نعم. قد يكون هناك صالة ألعاب رياضية مجانية عنه.;Legal Email - 369
620;يحب الرجال السيدات الأقصر. انظر في عينيه.;Legal Email - 370
621;دونو يقول الآمر اذهب ليدو. نفس الوقت 930.;Legal Email - 371
622;أعدك أن أعتني بك يا أميرة. لا بد لي من الركض الآن. يرجى إرسال الصور عندما تحصل على فرصة. سأتحدث إليك لاحقاً!;Legal Email - 372
623;هل هناك سبب لم نتحدث عنه هذا العام؟ على أي حال ، استمتع بأسبوع رائع وكل التوفيق في امتحانك;Legal Email - 373
624;بحلول الاثنين الأسبوع المقبل. أعطني الفكرة الكاملة;Legal Email - 374
625;لا تعطيني تلك الشفاه المتعرجة;Legal Email - 375
626;متى وصلت الى المكتبة;Legal Email - 376
627;آسف حقًا - لم أتعرف على هذا الرقم وأنا الآن مرتبك :) من أنت من فضلك ؟!;Legal Email - 377
628;فلماذا لم تفعل ذلك؟;Legal Email - 378
629;لا أستطيع التفكير في أي شخص لديه * غرفة احتياطية * فوق رأسي;Legal Email - 379
630;الإيمان يجعل الأشياء ممكنة ، الأمل يجعل الأشياء تعمل ، الحب يجعل الأشياء جميلة ، أتمنى أن يكون لديك الثلاثة عيد الميلاد! عيد ميلاد سعيد!;Legal Email - 380
631;كان يجب أن يكون لديك موعد;Legal Email - 381
632;اتصل بي عندما تكون أنت / كارلوس / هنا ، اهتزاز هاتفي يعمل وقد لا أسمع نصوصًا;Legal Email - 382
633;نحن في الجدات. أوه عزيزي ، ما زلت مريضة؟ شعرت بالقرف هذا الصباح ولكني أعتقد أنني مجرد مخمور! ثم ليلة أخرى. نغادر يوم السبت.;Legal Email - 383
634;لا شيء غير أننا سنطلب من cos u ba gua ... لكننا ذهبنا إلى ما لا نهاية ... نعم ذهب الآمر بالفعل ، لذا اليوم لا يخرج ... Jus call lor ...;Legal Email - 384
635;"أتمنى لك ولعائلتك عيد ميلاد سعيد ""X"" وسنة جديدة سعيدة مقدما ..";Legal Email - 385
636;أنا ذاهب ، حصلت على شيء ما ، ما لم يجتمعوا في 4 عشاء ... هاها ، أتساءل من سيذهب هذا الوقت ...;Legal Email - 386
637;آسف سأتصل في وقت لاحق;Legal Email - 387
638;لا أستطيع اختيار الهاتف الآن. الرجاء إرسال رسالة;Legal Email - 388
639;اضحك بصوت عالى انا اعرف! إنها مثيرة للغاية. المدارس مغلقة بالفعل ليوم غد. يبدو أننا لا نستطيع القيادة في بوصة من الثلج كان من المفترض أن نحصل عليها.;Legal Email - 389
640;لا تحصل على أي مكان مع هذه الوظيفة اللعينة هنا!;Legal Email - 390
641;مضحك جداً! يو سكير! فقط أقوم بتصفيف شعري في اللحظة د. نعم لا يزال مستيقظا 4 الليلة. ما الخطة؟;Legal Email - 391
642;idc تعال إلى هنا ، فأنت لا تبتعد عن هذا الهراء مرتين على التوالي;Legal Email - 392
643;مجرد النوم .. وركوب الأمواج;Legal Email - 393
644;شكرا لجمع القمامة.;Legal Email - 394
645;لماذا لا تذهب وأخبر صديقك أنك لست متأكدًا من رغبتك في العيش معه لأنه يدخن كثيرًا ثم يقضي ساعات في التسول له لكي يدخن;Legal Email - 395
646;مرحبًا يا كيت ، كان من الرائع رؤيتك الليلة وسأتصل بك غدًا. يجب أن أغني وأعطاني رجل بطاقته! xxx;Legal Email - 396
647;عام جديد سعيد أخي العزيز. اشتاق اليك حقا. لقد حصلت للتو على رقم هاتفك وقررت أن أرسل لك هذا النص متمنياً لك السعادة فقط. أبيولا;Legal Email - 397
648;هذا يعني الحصول على الباب;Legal Email - 398
649;هممم ... ظننت أننا قلنا 2 ساعة عبدا وليس 3 .. أنت متأخر .. كيف أعاقبك؟;Legal Email - 399
650;البيرة؟;Legal Email - 400
651;لا أعتقد ذلك. يتم إيقاف تشغيله بشكل عشوائي في غضون 5 دقائق من الافتتاح;Legal Email - 401
652;كان من المفترض أن تكون كذلك ولكن لم تستطع فعل ذلك ، فهي لا تزال في المدينة رغم ذلك;Legal Email - 402
653;يفعل ذلك من تلقاء نفسه. معظم الوقت يصلح تهجئتي. لكن في بعض الأحيان تحصل على كلمة مختلفة تمامًا. إذهب واستنتج;Legal Email - 403
654;الله مرنغ عزيزي أتمنى لك نهارا سعيدا;Legal Email - 404
655;هذا نأمل أن تكون قد استمتعت بلعبتك أمس. آسف لم أكن على اتصال ولكن الثابتة والمتنقلة تعرف أنك باعتزاز أن تكون خارج. أحضى بأسبوع ممتع. أبيولا;Legal Email - 405
656;كل e أفضل 4 ur driving tmr :-);Legal Email - 406
657;نعم ، أين أنت في دجبراث؟ صوتها فقط مثل JAN C هذا أيضًا !!!!!!!!!;Legal Email - 407
658;يا إلهي أريد أن أصرخ. وزنت نفسي وفقدت المزيد من الوزن! رائع!;Legal Email - 408
659;عموما لا يوجد واحد. إنه اسم غير معدود - u في القاموس. قطع من البحث؟;Legal Email - 409
660;إنه حقًا يحبطني بمجرد التسكع.;Legal Email - 410
661;فتى صغير ، أينما كنت أنا وجميع أصدقائك في رأس الملك ، انزل إذا كنت تحب نيك;Legal Email - 411
662;طيب أنا msg u b4 أترك منزلي.;Legal Email - 412
663;"Appt موجود في & lt؛ TIME & gt؛ أكون. ليس خطأي أنت لا تستمع. قلت لك مرتين";Legal Email - 413
664;K سأكون هناك قبل 4.;Legal Email - 414
665;بالتأكيد ، ولكن تأكد من أنه يعلم أننا لم ندخن بعد;Legal Email - 415
666;بووو أنت دائما تعمل. فقط اصمت.;Legal Email - 416
667;أنا آخذ إجازة لمدة نصف يوم لأنني لست على ما يرام;Legal Email - 417
668;آه ، لا أريد النهوض من السرير. كان حارا جدا.;Legal Email - 418
669;لذلك هناك خاتم يأتي مع أزياء الرجال. إنه هناك حتى يتمكنوا من تقديم هدايا لهم في المستقبل. تلميح تلميح;Legal Email - 419
670;أنا استعير حقيبتك حسنا.;Legal Email - 420
671;أين طفلتي؟ اشتقت لك ... ماذا حدث؟;Legal Email - 421
672;لديه الكثير من تلك المستعملة فاتنة ، لكن النموذج لا يساعد. يجب عليك إحضارها وسيتطابق معها;Legal Email - 422
673;كما أنك ستحضر جاليليو أو دوبي;Legal Email - 423
674;ثم لماذا لا تستجيب;Legal Email - 424
675;مساء الخير بريق النجوم! كيف حال فتى؟ هل يتوق لي بعد؟ ألم يمارس الجنس معي؟ * رشفات كابتشينو * أفتقدك حبيبي * قبلة إغاظة *;Legal Email - 425
676;على الطريق حتى لايمكن txt;Legal Email - 426
677;أتمنى لك مساء جيدا! سأتحدث إليك لاحقاً;Legal Email - 427
678;هم .. بتات وقطع لول ... * تنهدات * ...;Legal Email - 428
679;هاهاها .. استخدم عقلك عزيزي;Legal Email - 429
680;يا. هل حصلت على أي بريد؟;Legal Email - 430
681;شكرا لأمس سيدي. لقد كنت رائعا. أتمنى أن تكون قد استمتعت بالدفن. موجيبيولا;Legal Email - 431
682;مرحبًا يا صديقي ، عربة سكن متنقلة ، هل كان لديك شيء جميل فقط رسالة 3 قل مرحبًا لأنك لم ترسل شخصًا واحدًا في الأعمار ، لذا ابق بعيدًا عن الطرق! RVx;Legal Email - 432
683;شكراً جزيلاً. عندما كتبنا سكايب مع kz و sura ، لم نكن سعداء بشركتك. أتمنى أن تكون بخير. لقد قدمنا ​​لك إنذارًا أخيرًا! نحن في العد التنازلي لأبورو. يتمتع! هذه هي الرسالة التي أرسلتها منذ أيام;Legal Email - 433
684;بالتأكيد ستقدم النتيجة :);Legal Email - 434
685;"صباح الخير عزيزي ........... يكون رائع & amp؛ يوم ناجح.";Legal Email - 435
686;"سيدي ، لقد تأخرت في دفع الإيجار خلال الأشهر القليلة الماضية واضطررت إلى دفع $ & lt؛ # & gt؛ تكلفة. شعرت أنه سيكون من اللامبالاة مني أن أتذمر بشأن شيء تقدمه مقابل تكلفة كبيرة لنفسك وهذا هو السبب في أنني لم أتحدث. ومع ذلك ، فأنا في حالة ركود ولن أكون قادرًا على دفع الرسوم هذا الشهر ، ومن ثم فإن طلبي قبل نهاية الشهر بفترة طويلة. يمكنك الرجاء المساعدة. شكرًا";Legal Email - 436
687;أنا أحبك كثيرًا لا أفهم كم أنت مميز 2 لي رنين u 2morrow luv u xxx;Legal Email - 437
688;الرجاء إرسال بريد إلكتروني شامل حول من سأدفع ومتى وكم.;Legal Email - 438
689;توفيت والدة براشانتيتان الليلة الماضية. نصلي لها ولعائلتها.;Legal Email - 439
690;ك .:) متى أنت ذاهب؟;Legal Email - 440
691;"في هذه الأثناء في جناح القرف: قرر كزافييه إعطائنا & lt؛ # & gt؛ ثوانٍ من التحذير من أن سامانثا قادمة وهي تعزف على جيتار جاي لإثارة إعجابها أو بعض الهراء. كما أنني لا أعتقد أن دوج يدرك أنني لم أعد أعيش هنا";Legal Email - 441
692;لقد عانت معدتي من الكثير من الصدمات أقسم أنني لا أستطيع تناول الطعام. من الأفضل أن أفقد الوزن.;Legal Email - 442
693;أنا في المكتب :) ما الأمر .. msg لي الآن. سأتصل بك عند الاستراحة :).;Legal Email - 443
694;نعم ، بالكاد توجد مساحة كافية لنا نحن الاثنين ، لدى x الكثير من الأحذية اللعينة. آسف يا رجل ، أراك لاحقًا;Legal Email - 444
695;ش تصل بستان بالفعل؟ U wan 2 اذهب لشراء التذاكر أولا؟;Legal Email - 445
696;أنا حقيقي حبيبي! أريد أن أخرج النمرة بداخلك ...;Legal Email - 446
697;لا دا إذا قمت بتشغيل أنه تنشيط النسخة الكاملة دا.;Legal Email - 447
698;أوقفوا القصة. لقد أخبرته أنني قد أعدتها وهو يقول أنه لا ينبغي أن أعيد طلبها.;Legal Email - 448
699;سوف تأخذ طفلك للخارج؟;Legal Email - 449
700;"هاي آنا تومارو أنا قادم في الصباح. العلامة & lt ؛ عشري & GT. سأكون هناك في ساثي ثم سنذهب إلى مكتب RTO. أجبني بعد أن أتيت إلى المنزل.";Legal Email - 450
701;الملاعق ثم بخير؟;Legal Email - 451
702;هل قال للتو شخص ما اسمه تامبا;Legal Email - 452
703;في العمل الآن. الذهاب في غضون دقائق قليلة.;Legal Email - 453
704;أخوك عبقري;Legal Email - 454
705;عذرًا ، أعتقد أنه متى يمكنني الحصول على اتصالاتي ، ربما ساعة أو ساعتين؟ سوف أرسل لك رسالة;Legal Email - 455
706;هل اكتشفت ما هو الوقت الذي تكون فيه الحافلة في Coz ، فأنا بحاجة إلى فرز بعض الأشياء.;Legal Email - 456
707;المتأنق لقد شاهدت طرادات كبيرة مؤخرًا;Legal Email - 457
708;نفس الشيء هنا ، لكنني أعتبر الجدران والمخابئ والقذارة مهمة فقط لأنني لم ألعب مطلقًا بطريقة سلمية ولكني أعتقد أن مكانك مرتفع بما يكفي بحيث لا يهم;Legal Email - 458
709;حسنًا ، أنا رسميًا في حفرة فلسفية ، لذلك إذا كنت تريد الاتصال فأنا في المنزل جاهزًا للنجاة!;Legal Email - 459
710;تسير الأمور على ما يرام ... لا توجد مشكلة .. ولكن ما زلت بحاجة إلى القليل من الخبرة لفهم صوت العملاء الأمريكيين ...;Legal Email - 460
711;سأرسل لك رسالة نصية عندما أنزل x;Legal Email - 461
712;آه لقد كان يوم طويل. أنا مرهق. فقط أريد أن أحضن وأخذ قيلولة;Legal Email - 462
713;هل أنت في كاستور؟ أنت بحاجة لرؤية شيء ما;Legal Email - 463
714;أعلم أنني أعطيك استراحة عدة مرات يؤدي إلى رغبتك دائمًا في تفويت حظر التجول. كنت سأحضر لك واحدًا ، لكن فيلم MIDNIGHT لن يخرج حتى بعد 2. أنت بحاجة للعودة إلى المنزل. تحتاج إلى النوم ، وإذا كان هناك أي شيء ، فأنت بحاجة إلى تدريب على الأذن.;Legal Email - 464
715;أنا أحب أن أعطي التدليك. أستخدم الكثير من زيت الأطفال ... ما هو وضعك المفضل؟;Legal Email - 465
716;يا صاح يجب أن نذهب سوب مرة أخرى;Legal Email - 466
717;أنت تعرف كيفية تغيير أذونات محرك الأقراص في نظام التشغيل mac. محرك أقراص فلاش USB الخاص بي;Legal Email - 467
718;جيبس غير مباع.ميك هسي;Legal Email - 468
719;احب ان اتحدث با ولكن لست قادرا على ذلك. أنا لا أعرف ذ.;Legal Email - 469
720;Y dun قطع ليه قصيرة جدا. يو دون مثل آه؟ انها فشلت. إنها حزينة جدا.;Legal Email - 470
721;أنت قذر لا يصدق;Legal Email - 471
722;الزوجة ، كيف عرفت وقت القتل بالضبط;Legal Email - 472
723;لماذا تسأل الأميرة؟;Legal Email - 473
724;أنا أميرة عظيمة! ما كنت أفكر عني؟ :);Legal Email - 474
725;مجنون. القاطع. Ctter. كتيرج. كتارج. كتارج. كتاج. أي أنت;Legal Email - 475
726;لا بأس ، أنا لست مشغولًا ، لكنني أشعر بالملل حقًا ، لذا فأنا رسالة لك. أنا أوسو dunno وات اللون اختارت 4 لي واحد.;Legal Email - 476
727;"فكرة رائعة - ""كن ممتنًا لأنك لا تملك كل ما تريد. هذا يعني أنه لا يزال لديك فرصة لتكون أكثر سعادة غدًا مما أنت عليه اليوم."" :-)";Legal Email - 477
728;أتمنى أن تحظى بأسبوع جيد. مجرد التدقيق في;Legal Email - 478
729;أنا معتاد على ذلك. أتمنى ألا يقوم وكلاؤنا بإسقاطي لأنني لم أحجز سوى عدد قليل من الأشياء هذا العام. هذا كله أنا في بوسطن ، كانوا في مدينة نيويورك تجربة.;Legal Email - 479
730;ليلة الخميس؟ نعم ، بالتأكيد ، سنعمل على حلها بعد ذلك;Legal Email - 480
731;ربما مخاوف المال. الأمور على وشك الاستحقاق ولدي العديد من الفواتير المعلقة للعمل الذي قمت به قبل شهرين وثلاثة أشهر.;Legal Email - 481
732;كيف يمكن أن يعلمك. و أين.;Legal Email - 482
733;أتساءل عما إذا كانت بطارية هاتفك قد نفدت؟ كان علي أن أخبرك ، أنا أحبك حبيبي;Legal Email - 483
734;رائحة جميلة في هذه الحافلة وهي ليست تبغ ...;Legal Email - 484
735;نحن جميعًا نشعر بالقلق هنا ، لقد افترض ديريك وتايلور بالفعل الأسوأ;Legal Email - 485
736;مرحبًا ما الأمر تشارلز آسف بشأن الرد المتأخر.;Legal Email - 486
737;سأعطيها بمجرد أن أحصل عليها. بالإضافة إلى أنها قالت غرينول أحييكم كلما تحدثنا;Legal Email - 487
738;الأوريوس الأبيض في المتاجر;Legal Email - 488
739;حبيبي ! كيف استغرقت وقتًا طويلاً للذهاب إلى منزل زاهر؟ تلقيت كلماتك على ym وكنت سعيدًا برؤيتها لكنني كنت حزينًا لأنك غادرت. أفتقدك;Legal Email - 489
740;أنا آسف لأن هذا يؤذيك.;Legal Email - 490
741;لا يمكن. أشعر بالغثايان. أنا منزعج جدا. لم أتناول أي حلويات طوال الأسبوع لأنني كنت أخطط اليوم للتخلص من الحلوى. كنت أتناول حمية غذائية طوال الأسبوع. والآن لست جائعًا: /;Legal Email - 491
742;طيب لور ولكن ليس في وقت مبكر جدا. ما زلت أعقد اجتماع المشروع الآن.;Legal Email - 492
743;اتصل بي دا ، أنا في انتظار مكالمتك.;Legal Email - 493
744;يمكنني أن أسأل كارلوس إذا كان بإمكاننا الحصول على المزيد إذا كان بإمكان أي شخص آخر المشاركة;Legal Email - 494
745;كنت في الواقع على وشك إرسال تذكير لك اليوم. لتكن عطلة نهاية الأسبوع الخاصة بك رائعة;Legal Email - 495
746;عندما يرى الناس رسائلي ، فإنهم يعتقدون أنني مدمن للرسائل ... إنهم مخطئون ، بكوز لا يعرفون أنني مدمن على أصدقائي الحلوين .. !! BSLVYL;Legal Email - 496
747;مرحبًا ، لقد أعطيتهم صورتك عند التسجيل لقيادة آه؟ هل تريد أن تلتقي في YCK؟;Legal Email - 497
748;لا تتحدث معه أبدًا ، إنها كلمتي.;Legal Email - 498
749;عندما تريد رؤيته بعد ذلك;Legal Email - 499
750;في طريق ما إلى المدرسة. هل يمكنك من فضلك أن ترسل لي رقم آشلي;Legal Email - 500
751;يجب أن يكون بخير. لدي الآن avalarr. سوف هولالاتر;Legal Email - 501
752;ذهبت لحضور جولتين أخريين اليوم .. لكنها ما زالت لم تصل إلى المنزل ..;Legal Email - 502
753;في الواقع ، قمت بحذف موقع الويب القديم الخاص بي .. والآن أقوم بالتدوين على magicalsongs.blogspot.com;Legal Email - 503
754;لكني أتبع نظامًا غذائيًا. وأكلت 1 الكثير من شرائح البيتزا أمس. آه ، أنا دائمًا أتبع نظامًا غذائيًا.;Legal Email - 504
755;يا كل ما يجب أن يأتي آه؟;Legal Email - 505
756;أنا آسف حقًا لأنني لن أتمكن من القيام بذلك يوم الجمعة. آمل أن تتمكن من العثور على بديل. آمل أن تسير المدة على ما يرام :-);Legal Email - 506
757;مبروك ore mo owo re wa. استمتع بها وأتمنى لك الكثير من اللحظات السعيدة ذهاباً وإياباً أينما ذهبت;Legal Email - 507
758;هل لديك أكتاف ساموس حتى الآن;Legal Email - 508
759;في أي وقت تعتقد أنك ستحصل عليه؟ أحتاج إلى معرفة متى يجب أن أكون بالقرب من الحرم الجامعي;Legal Email - 509
760;ثم ارتداء الجينز لور ...;Legal Email - 510
761;منذ متى ، أي جانب ، أي حمى ، أي قيء.;Legal Email - 511
762;K :) هل أنت في الكلية؟;Legal Email - 512
763;أحسن. أعدت يوم الجمعة وحشيت نفسي مثل الخنزير أمس. الآن أشعر بالراحة. ولكن على الأقل لا يتلوى الألم.;Legal Email - 513
764;لا ، نبيعها كلها ، لذا سيكون لدينا أطنان من العملات المعدنية. ثم قم ببيع عملاتنا لشخص ما من خلال paypal. هاهو! استعادة الأموال في جيوب الحياة :);Legal Email - 514
765;إنهم يفعلون ذلك في الكثير من الأماكن. المستشفيات والأماكن الطبية فقط آمنة.;Legal Email - 515
766;وأيضًا لقد قمت بتفجيره عدة مرات مؤخرًا ، لذا بدلاً من إرسال رسالة نصية إليه من اللون الأزرق بحثًا عن الأعشاب الضارة;Legal Email - 516
767;لقد أرسلت درجاتي إلى sophas وكان علي تقديم طلب ثانوي لعدد قليل من المدارس. أعتقد أنه إذا كنت تفكر في التقديم ، فقم بإجراء بحث عن التكلفة أيضًا. الاتصال نكتة ogunrinde ، مدرستها هي واحدة لي أقل تكلفة;Legal Email - 517
768;لا استطيع الانتظار لرؤيتك! كيف كانت الصور مفيدة؟ :);Legal Email - 518
769;مرحبًا ، لقد حجزت كيلوبايت يوم السبت بالفعل ... ما هي الدروس الأخرى التي سنذهب إليها؟ حافظ على ليلة جلوسك خالية ، نحتاج إلى مقابلة وتأكيد إقامتنا;Legal Email - 519
770;هل هذا هو الوقت الذي تريدني أن آتي به؟;Legal Email - 520
771;رائع ، دعني أعلم متى كنت في الجوار;Legal Email - 521
772;شب ب طيب لور ... ثانكس ...;Legal Email - 522
773;"الحقيقة الجميلة ضد الجاذبية .. اقرأ بعناية: ""قلبنا يشعر بالخفة عندما يكون فيه أحد .. لكنه يشعر بثقل شديد عندما يتركه أحد .."" ليلة سعيدة";Legal Email - 523
774;تذكر أيضًا أن تحصل على وعاء دوبي من سيارتك;Legal Email - 524
775;آسف الآن ثم c your msg ... yar lor so poor thing ... but only 4 one night ... Tmr u'll have a brand new room 2 sleep in ...;Legal Email - 525
776;الحب ليس قرارًا ، إنه شعور. إذا استطعنا أن نقرر من نحبه ، فستكون الحياة أبسط بكثير ، ولكن بعد ذلك أقل سحرية;Legal Email - 526
777;يبدو أنه تقاعد ويلب;Legal Email - 527
778;رمز الفرز الخاص بي هو ولجنة التنسيق الإدارية لا. البنك ناتويست. هل يمكنك الرد لتأكيد أنني أرسلت هذا إلى الشخص المناسب!;Legal Email - 528
779;أين @;Legal Email - 529
780;أنت متأكد أنك لا تستطيع أن تأخذ أي وقت مرضي؟;Legal Email - 530
781;مشاهدة الرسوم المتحركة والاستماع إلى الموسيقى وأمبير. في عشية كان عليه أن يذهب المعبد وأمبير. الكنيسة .. وماذا عنك؟;Legal Email - 531
782;يو تشاد أي حصة جمباز تريد الالتحاق بها؟ يقول الموقع ان حصة المسيحيين ممتلئة ..;Legal Email - 532
783;هل أنت بهذا القدر من الصخب;Legal Email - 533
784;"أو الأفضل من ذلك ، يمكنك الإمساك بها ودعها تسألها عما إذا كانت تستطيع البيع & lt؛ # & gt؛ لي.";Legal Email - 534
785;لست متأكدا من القائمة الليلية. . . أعرف فقط عن قائمة الظهر;Legal Email - 535
786;ماذا تريد عندما أعود؟. قلادة جميلة كرمز من قلبي من أجلك. هذا ما سأقدمه لكن فقط لزوجتي التي تحبها. اتصل بي سأنتظر حتى آتي.;Legal Email - 536
787;هل أنت على استعداد للذهاب إلى فئة الكفاءة.;Legal Email - 537
788;لن يكون ب حتى 2.15 محاولة 2 فرز المنزل ، هل هذا جيد؟;Legal Email - 538
789;يار لور كان يريد 2 الذهاب إلى سباق الخيل اليوم ماه ، لذا تناول الطعام في وقت سابق. أكلت أرز الدجاج. يو؟;Legal Email - 539
790;هاها رائع ، يا إلهي مرة أخرى الآن في ذلك الوقت;Legal Email - 540
791;نعم أعتقد ذلك حتى يغلق المتجر الإلكتروني لور.;Legal Email - 541
792;ما هو رقم حسابك؟;Legal Email - 542
793;إيه أنت ترسل خطأ كبير ...;Legal Email - 543
794;مرحبًا ، لا ، لقد كانت ليلة حمقاء بورين بدون يا 2 مملة معي! Thanx لكنك انتظر حتى وقت nxt il ave ya;Legal Email - 544
795;طيب سأتحدث معه;Legal Email - 545
796;لا تتردد. أنت تعلم أن هذه هي المرة الثانية التي تعاني فيها من ضعف من هذا القبيل. لذا احتفظي بدفتر ما تناولته وفعلته في اليوم السابق أو إذا تغير أي شيء في اليوم السابق حتى نتأكد من أنه لا شيء;Legal Email - 546
797;"مهلا ، يمكنك الدفع. براتب دي. فقط & lt ؛ # & GT ؛ .";Legal Email - 547
798;شهر آخر. أنا بحاجة إلى عشب الشوكولاتة والكحول.;Legal Email - 548
799;إذا بدأ البحث سيحصل على وظيفة في غضون أيام قليلة ، فلديه إمكانات وموهبة كبيرة.;Legal Email - 549
800;يجب أن تكون Reckon في المدينة بثمانية أعوام حتى تتمكن من المشي من موقف السيارات *.;Legal Email - 550
801;خمن ما أسقطته للتو;Legal Email - 551
802;جيي ... اشتقت لك بالفعل ، هل تعلم؟ كل ما يمكنني التفكير فيه. اللعنة ، لا أستطيع الانتظار حتى العام المقبل عندما نكون معًا ... * قبلة محبة *;Legal Email - 552
803;قرف. فلدي العودة إلى sd من la. مؤخرتي مؤلمة.;Legal Email - 553
804;26 يوليو;Legal Email - 554
805;مرحبًا ، أنا أمضي أكثر وقت مريح على الإطلاق! يجب أن نستيقظ الساعة 7 صباحًا كل يوم! هل كانت الحفلة جيدة تلك الليلة؟ سأعود للمنزل غدا في 5ish.;Legal Email - 555
806;"قصة عيد الميلاد هي سلام .. رسالة عيد الميلاد هي الحب .. معجزة عيد الميلاد هي المسيح .. ليكن شهرًا مباركًا أمامك & amp؛ أتمنى يو عيد ميلاد سعيد ...";Legal Email - 556
807;لا أستطيع ، ليس لدي رقمها!;Legal Email - 557
808;غير مرة أخرى ... إنه واحد بجوار السلم المتحرك ...;Legal Email - 558
809;حتى الآن أنا في الفصل ، لا يمكنك تشغيل الماء عليه لجعله جيدًا. الرجاء الآن.;Legal Email - 559
810;لم يحدث الكثير هنا. يشعر بالهدوء الشديد. بيث في عماتها وتشارلي يعمل الكثير. فقط أنا وهيلين في مو. كيف كان حالك؟;Legal Email - 560
811;ثم Ã¼ انتظر 4 لي عند محطة الحافلات خلف محاضرتك. إذا لم أكن أذهب لأحصل على سيارتي ثم أعود وأختار Ã¼.;Legal Email - 561
812;سيفي بالغرض ، شكرًا مرة أخرى على الخروج;Legal Email - 562
813;لا .. لكن سمعت أبت تات ..;Legal Email - 563
814;نعم .. إنه رائع حقًا .. قال باجي لكاليز إنه أفضل لاعب كريكيت بعد sachin في العالم :). صعب للغاية للخروج.;Legal Email - 564
815;"العلامة & lt ؛ # & GT. هل اعتقد يجب أن يذكر في المنهج";Legal Email - 565
816;الأمة. هل قالت أي شيء;Legal Email - 566
817;أعطني ثانية للتفكير في الأمر;Legal Email - 567
818;لا أعرف بالضبط ماذا أفعل. ما زلت لا أستطيع الحصول على أي شخص. أنا مجترة اصطحابك حوالي الساعة 7.30 مساءً ويمكننا معرفة ما إذا كانوا في الحانة؟;Legal Email - 568
819;"عزيزي البطل ، سأغادر إلى قطر تونيت للحصول على فرصة مناسبة. الرجاء البقاء على اتصال على & lt؛ EMAIL & gt؛ ولاية كيرالا";Legal Email - 569
820;لول كنت سأفعل ولكن والدتي ستحصل على نوبة وأقول للعائلة بأكملها كم أنا مجنون وفظيع;Legal Email - 570
821;لقد وصلت للتو إلى المنزل حبيبي ، هل ما زلت مستيقظًا؟;Legal Email - 571
822;أنا لا أعرف أنهم أغلقوا oredi لا ... Ãœ v ma fan ...;Legal Email - 572
823;فقط قم بشراء بيتزا. عشاق اللحوم أو العليا. عليك أن تختار.;Legal Email - 573
824;قالت يا .. كانت تسأل الواتس مهم؟;Legal Email - 574
825;يجب أن أرسل هذا exe إلى معرف البريد الخاص بك.;Legal Email - 575
826;لا أشاهد التلفاز في المنزل ... لا أخرج. الخامس بالملل ...;Legal Email - 576
827;لا أعرف .. انتظر سوف أتحقق من ذلك.;Legal Email - 577
828;مساء الخير في يوم الذكرى المجيدة هذا يا حلوتي J !! آمل أن يجدك هذا سعيدًا ومرضيًا يا فريستي. أفكر فيك وأرسل قبلة مزعجة عبر البحر لأقنع صور هدايا تذكارية مغرمة ... أنت كوغار بين;Legal Email - 578
829;ما زلنا في هذه الليلة؟;Legal Email - 579
830;هل يمكنني الاتصال بك في وقت لاحق الرجاء;Legal Email - 580
831;ألم يكن هذا هو النمط مؤخرًا لعطلات نهاية الأسبوع؟;Legal Email - 581
832;لدي التهاب في الحلق. إنها خدوش عندما أتحدث;Legal Email - 582
833;نعم دا. أي plm في مكتبك;Legal Email - 583
834;هل أنت لست بالجوار أم أنك ما زلت نائمًا؟ :الخامس;Legal Email - 584
835;لول هل نسيت ذلك إيه؟ نعم ، سأحضره حبيبي;Legal Email - 585
836;إنه جيد ، سنجد طريقة;Legal Email - 586
837;لا يمكن استخدام الطوابع الأجنبية في هذا البلد. محاضرة جيدة.;Legal Email - 587
838;نعم يستحم لياو ...;Legal Email - 588
839;عام جديد سعيد يا رجل رقم 1;Legal Email - 589
840;يا سيد شيفيلد! تريد أن تلعب تلك اللعبة ، حسنًا. أنت الرئيس وأنا المربية. أعطني علاوة وسأعطيك واحدة !!;Legal Email - 590
841;مرحبا حبيبي ، هل عدت إلى والدتك؟ هل تقوم بإعداد الكمبيوتر الآن؟ هل تملأ بطنك؟ كيف حالك يا حبيبتي؟ اشتقت لك بالفعل ... * تنهدات *;Legal Email - 591
842;لا بطانياتي كافية ، تشك;Legal Email - 592
843;فكرة صغيرة شقية: 'من الأفضل أن تغازل ، تغازل n مغازلة ، بدلاً من محبة شخص ما ، لا تتأذى ، تؤذي ولا تؤذي ... :-) Gud nyt;Legal Email - 593
844;"قال إديسون ، بحق ، ""يستطيع الأحمق أن يسأل أسئلة أكثر مما يمكن للرجل الحكيم أن يجيب عليه"" الآن أنت تعرف سبب صمتنا جميعًا خلال ViVa .. GM ، GN ، GE ، GNT :-)";Legal Email - 594
845;انهم يتحدثون فقط هذا هو دي. لن يفعلوا أي شيء آخر.;Legal Email - 595
846;اليوم سأذهب إلى الكلية لذا لا أستطيع حضور الفصل.;Legal Email - 596
847;أنا في الفصل. سوف holla لاحقًا;Legal Email - 597
848;آه من السهل اختياره يعني حسنه ..;Legal Email - 598
849;ط ط ط هذا أفضل الآن حصلت على تحميص أسفل لي! من الأفضل لو تناولت القليل من المشروبات 2! هندي جيد؟;Legal Email - 599
850;تعال ، إنه.;Legal Email - 600
851;"افعل شيئًا واحدًا! غيّر هذه الجملة إلى: ""لأنني أريد أن أركز 2 في مسيرتي التعليمية ، فأنا أغادر هنا ..""";Legal Email - 601
852;مشيت ساعة 2 ج ش! لا يظهر هذا أنني أهتم و ألن تصدق أنني جاد؟;Legal Email - 602
853;هل أنت متاح للسهرة يوم 3 يونيو؟;Legal Email - 603
854;هل u noe wat time e place dat يبيع 4d يغلق؟;Legal Email - 604
855;حصلت على وظيفة أخرى! الشخص في المستشفى الذي يقوم بتحليل البيانات أو شيء من هذا القبيل ، يبدأ يوم الاثنين! لست متأكدا متى ستنتهي رسالتي;Legal Email - 605
856;بدأ جاي ينفد صبره ويشعر بالقتال;Legal Email - 606
857;انا في العمل. يرجى الاتصال;Legal Email - 607
858;ثم يو بالسيارة لور.;Legal Email - 608
859;Ard 515 من هذا القبيل. نعم؟;Legal Email - 609
860;قل لي أنهما أنثى: Vي كيف حالك؟ نحن نقرر ما الذي سنحصل عليه الآن;Legal Email - 610
861;انا اعمل الدعم الفني :) عملية الصوت. مجال الشبكات.;Legal Email - 611
862;قد أحضر إلى كيرالا لمدة يومين ، لذا يمكنك أن تكون مستعدًا لأخذ إجازة بمجرد الانتهاء. لا تخطط لأي سفر أثناء زيارتي ، فأنا بحاجة لإنهاء الأعمال العاجلة.;Legal Email - 612
863;نعم. لست متأكدًا من الوقت الذي لم تكن متأكدًا مما إذا كان بإمكانك الوصول إلى المكتبة قبل الفصل. سأحاول. اراك في وقت ما! أتمنى لك ليلة سعيدة.;Legal Email - 613
864;لا بأس بذلك ، سوف أضايقك بشأن ذلك لاحقًا بعد ذلك;Legal Email - 614
865;لا ذهبت أمي 2 طبيب أسنان.;Legal Email - 615
866;مرة واحدة مجانا اتصل بي سيدي. أنا منتظرك.;Legal Email - 616
867;لقاءك هو عملي. . . اتصل بي متى سأقوم بعملي غدا;Legal Email - 617
868;جوس انهاء الاستحمام ...;Legal Email - 618
869;حسنًا ، سأتأكد من عودة السيارة الليلة;Legal Email - 619
870;Lul im حصلت على بعض النميمة المثيرة في المستشفى. تتحدث اثنين من الممرضات عن مدى السمنة التي يحصلون عليها. ويعتقد المرء أنها بدينة. اه نعم.;Legal Email - 620
871;سوف تحصل على الفيسبوك في غضون دقيقتين;Legal Email - 621
872;أوي. أمي بارتشي نا ري. Kicchu kaaj korte iccha korche na. الهاتف ta tul na. بلز. بلز.;Legal Email - 622
873;أين يمكن تنزيل الأفلام الواضحة. نسخ دي في دي.;Legal Email - 623
874;نعم ، من خلال النحت الجميل;Legal Email - 624
875;أنقل تحياتي إليه;Legal Email - 625
876;أنا أيضا أشاهد فيلم سوريا فقط. . بعد الساعة 6 مساءً فيجاي فيلم بوكيري;Legal Email - 626
877;تخبرني بما حدث لا تتصرف هكذا معي. طيب لا حاجة للقول;Legal Email - 627
878;يمكنك الحصول على رسائل الموافقة المسبقة عن علم على هاتفك؟;Legal Email - 628
879;أرسل إلى شخص آخر :-);Legal Email - 629
880;وات يجعل بعض الناس أعزاء ليس فقط السعادة التي تشعر بها عندما تقابلهم ولكن الألم الذي تشعر به عندما تفوتك !!!;Legal Email - 630
881;بالنسبة لي ، يجب أن يبدأ الحب بالجاذبية ، يجب أن أشعر أنني بحاجة إليها في كل مرة حولي ، يجب أن تكون أول ما يخطر ببالي ، سأبدأ اليوم وأنهيها معها ، يجب أن تكون هناك في كل مرة أحلم ، سيكون الحب حينها عندما يكون لكل نفس اسمها ، يجب أن تحدث حياتي من حولها ، وسوف يتم تسمية حياتي لها ، وسأبكي عليها ، وسأبدي كل سعادتي وأخذ كل أحزانها. على استعداد للقتال مع أي شخص من أجلها ، سأكون في حالة حب عندما أفعل أكثر الأشياء جنونًا من أجلها ، وسيكون الحب عندما لا أضطر إلى إثبات أن فتاتي هي أجمل سيدة على هذا الكوكب. سأغني لها دائمًا الثناء عليها ، سيكون الحب عندما أبدأ في إعداد الدجاج بالكاري وينتهي بي المطاف بصنع السامبار. ستكون الحياة أجمل حينها ، ستحصل عليها كل صباح والحمد لله على هذا اليوم لأنها معي. أود أن أقول الكثير .. سأقول لاحقًا ..;Legal Email - 631
882;"فرندشيب مثل إبرة الساعة. على الرغم من أن V r في نفس الساعة ، V r nt يمكن 2 التقى. حتى إذا التقى V ، فإنه لا يتعدى 4 ثوانٍ فقط. يظل Bt V دائمًا متصلًا. الله 9t ؛-)";Legal Email - 632
883;لا أعتقد أن لديه يد ملعقة!;Legal Email - 633
884;لا يمكنك أبدًا أن تفعل شيئًا;Legal Email - 634
885;من فضلك دا اتصل بي أي خطأ من جانبي آسف دا. من فضلك دا غوتو دكتور.;Legal Email - 635
886;أين نلتقي؟;Legal Email - 636
887;حسنًا ، الطقس في كالي رائع. لكن تعقيداته كبيرة. أنت بحاجة إلى سيارة للتنقل بحرية ، ضرائبها باهظة. لكن الكل في الكل إنه مكان رائع. الجزء المحزن هو أنني أفتقد المنزل.;Legal Email - 637
888;الآن فقط وصلت إلى المنزل. . . أنا متعب جدا الآن. . سآتي غدا;Legal Email - 638
889;رايدر أونسولد. ناو جيبس.;Legal Email - 639
890;لا تأكل. سأشتري شرائط اختبار الإباضة وأرسلها إليك. لن تحصل عليهم سمسم مارس. هل يمكنك أن ترسل لي عنوانك البريدي. ستكون على ما يرام ، حسنًا.;Legal Email - 640
891;لا هدايا !! هل تحاول أن تجعلني أرمي بنفسي من على منحدر أو شيء من هذا القبيل؟;Legal Email - 641
892;تم القيام بشيء مثير للاهتمام. هل حظيت بعيد جيد؟ متى أنت wrking nxt؟ لقد بدأت uni اليوم.;Legal Email - 642
893;أنت مشغول أو يمكنني القدوم في وقت ما ومعرفة ما سنفعله غدًا;Legal Email - 643
894;نعم ، استمر ، وأنت تنتظر بالملل والاكتئاب حتى يرن الهاتف ... آمل أن تسقط الرياح رغم ذلك ، مخيف;Legal Email - 644
895;قميص أسود وجينز أزرق ... أعتقد أنني سأكون ...;Legal Email - 645
896;آية آسف لور ... أشاهد التلفاز حتى نسيت 2 تحقق من هاتفي.;Legal Email - 646
897;ليلة الدجاجة. الذهاب مع البديل;Legal Email - 647
898;مساء الخير حبيبتي. كيف سار يومك ما آخر ما توصلت اليه ؟ استيقظت مبكرًا وأنا في انتظارك عبر الإنترنت ... هممم ... صبي إيطالي على الإنترنت أرى. * ابتسامات *;Legal Email - 648
899;من شخص لا يدخن عندما كنت أدخن في الأسبوعين الماضيين بسبب اتصالك أو مراسلتي برغبتك في التدخين;Legal Email - 649
900;لا ، ستصاب بالصداع وأنت تحاول اكتشافه. يمكنك الوثوق بي للقيام بالحسابات. أعدك. س :-);Legal Email - 650
901;حسنًا ، أخبر الشركة بشكل سيء;Legal Email - 651
902;رائع ، هل تعتقد أنه يمكننا الحصول على المركز الثامن في وقت ما الليلة؟;Legal Email - 652
903;هذا يعني أنك ما زلت تفكر في تيجو;Legal Email - 653
904;لا أنا جيد للفيلم ، هل من الجيد أن أغادر بعد ساعة؟;Legal Email - 654
905;لا لا :);Legal Email - 655
906;لذلك دعونا نجعلها السبت أو الاثنين حسب الراحة.;Legal Email - 656
907;مهلا ... ما هو وقت قيادتك يوم الجمعة؟ نذهب للتقييم يوم الجمعة؟;Legal Email - 657
908;أنا ذاهب 4 غداء الآن wif عائلتي ثم بعد ذلك أذهب شارع 2 بستان لور.;Legal Email - 658
909;إلغاء cheyyamo؟ واستعادة بعض المال؟;Legal Email - 659
910;حسنًا ، حسنًا .. ما هي خطة اليوم;Legal Email - 660
911;صباح الخير يا أميرة! كيف حالك؟;Legal Email - 661
912;أيار آسف لور نسيت 2 أقول لك ...;Legal Email - 662
913;ليس الليلة يا صديقي. اللحاق بالقليل من النوم. بالمناسبة هذا هو رقمي الجديد.;Legal Email - 663
914;"ارتفاع ""أوه القرف .... !!"" الموقف: رجل يرمي حرفًا لطيفًا على غال لكنه يسقط على رأس إخوتها الذي يكون مثليًا ،. ؛ -): - D";Legal Email - 664
915;لذا تحقق من أخطائك وإذا واجهت صعوبات ، فقم بالتصحيح.;Legal Email - 665
916;كيفز الألم؟ أتمنى أن تكون بخير ..;Legal Email - 666
917;آسف سأتصل في وقت لاحق;Legal Email - 667
918;صباح الخير يا أميرة! كيف حالك؟;Legal Email - 668
919;"عندما دخلت مقصورتي ، قال لي PA ، ""سعيد B'day Boss !!"". شعرت بأنني مميز. طلبت مني 4 غداء. بعد الغداء دعتني إلى شقتها. ذهبنا إلى هناك.";Legal Email - 669
920;يو تستيقظ بالفعل؟ Thanx 4 e tau sar piah إنه لطيف للغاية.;Legal Email - 670
921;K هل أحتاج إلى تسجيل دخول أو أي شيء;Legal Email - 671
922;لول ... لم يكن فقط مشغول;Legal Email - 672
923;ماذا ترتدي؟;Legal Email - 673
924;الرسالة: بعض النص مفقود * المرسل: الاسم مفقود * * رقم مفقود * تم الإرسال: التاريخ مفقود * مفقود U كثيرًا وهذا كل شيء مفقود تم إرساله عبر fullonsms.com;Legal Email - 674
925;أوه :) كالمعتاد فيلم فيجاي أم مختلف؟;Legal Email - 675
926;هل كان يومك جيدا؟ لقد كنت مشغولاً حقًا ، هل أنت مستيقظ كثيرًا ليلة الغد؟;Legal Email - 676
927;وهل هناك طريقة يمكنك من خلالها إرسال أشياء الظل إليها. وقد كانت رائعة أيضًا.;Legal Email - 677
928;حقًا ... لقد انتهت ورقتك منذ فترة طويلة ... لكن ما الذي تم نسخه الآن؟ U سعيد لار ... ما زلت أملك دراسة 2 :-(;Legal Email - 678
929;عفوا آسف. فقط للتحقق من أنك لا تمانع في اصطحابي من المحطة في نصف الثامنة. هل ذلك سوف يكون على ما يرام؟;Legal Email - 679
930;طيب ... ساعدني أسأل إذا كانت تعمل tmr لا؟;Legal Email - 680
931;أنا لا أقود ... تمطر! ثم سوف يتم القبض علي في محطة البريد mrt لور.;Legal Email - 681
932;ليس قطرة في الخزان;Legal Email - 682
933;(ومع ذلك ، هل يمكنك إرسال رسالة نصية إليه مرة أخرى؟);Legal Email - 683
934;آسف سأتصل في وقت لاحق;Legal Email - 684
935;حسنًا ، سأغير أيضًا ...;Legal Email - 685
936;هل وجدت جليسة لكيتلين؟ كنت مريضا ونمت طوال اليوم أمس.;Legal Email - 686
937;آسف يا رجل ، ترك هاتفي بدون قصد في وضع صامت الليلة الماضية ولم أتحقق منه حتى استيقظت;Legal Email - 687
938;مرحبًا .. حدث شيء ما في آخر دقيقة .. أعتقد أنني سأقوم بالتسجيل tmr .. هيي;Legal Email - 688
939;إنه شخص بالغ وسيتعلم من التجربة. لا يوجد خطر حقيقي. أنا فقط لا أحب الزائرين الذين يستخدمون الأدوية التي لا يحتاجونها. لكن لا تعليق;Legal Email - 689
940;يا! يوجد بيتزا خضار ...: /;Legal Email - 690
941;يحرر الشراء ... لكن المدرسة حصلت على عرض 2000 زائد فقط ...;Legal Email - 691
942;أنت متأكد من أن جيرانك لم يستلموها;Legal Email - 692
943;K. سأرسله مرة أخرى;Legal Email - 693
944;نظرية جديدة: الحجة تفوز بالحالة ، لكنها تفقد الشخص. لذلك لا تجادل مع أصدقائك فقط ... . . ركلهم وأمبير. أقول ، أنا دائما على صواب.!;Legal Email - 694
945;حسنًا. Im غير كمبيوتر. حان الوقت لعمل بعض كمأ الأوريو;Legal Email - 695
946;هاها نعم أرى ذلك الآن ، ستكون هناك في غضون ثوان;Legal Email - 696
947;ليس لدي رقمها يا سيدي;Legal Email - 697
948;لول الآن أنا بعد منطاد الهواء الساخن!;Legal Email - 698
949;نعم . . أنا الآن في الحافلة. . إذا أتيت قريبًا ، فسآتي بخلاف ذلك غدًا;Legal Email - 699
950;الرسائل لا يمر الوقت يقولون بصمت إنني أفكر في U الآن ويجعلون U يفكر بي على الأقل 4 لحظة. gd nt.swt drms @shesil;Legal Email - 700
951;نعم ، ربما يمكننا التأرجح بمجرد انتهاء رفيقي في السكن مع فتاته;Legal Email - 701
952;سنة جديدة سعيدة لحن!;Legal Email - 702
953;Ãœ هل تحتاج إلى اختيار فرنك غيني الخاص بك؟;Legal Email - 703
954;ياي! من الأفضل ألا تقل ذلك لـ 5 فتيات أخريات أيضًا.;Legal Email - 704
955;الرهيبة تأكل macs تأكل حتى نسيت طقوس بالفعل ... U تأخذ وقتا طويلا 2 الرد. أعتقد أنه أكثر بوق من b4 لذا ب جاهز. الآن ماذا آكل؟;Legal Email - 705
956;هل قال كم أنا رائع بأي فرصة ، أو أي شيء يحتاج إلى زيادة في الحياة لأن فقدان الإرادة 2 يعيش ، هل تعتقد أنني سأكون أول شخص يموت من N V Q؟;Legal Email - 706
957;فقط الآن جئت إلى hme da ..;Legal Email - 707
958;أنا خارج الجزر ، اتجه نحو الصخور الصلبة وستصطدم بي;Legal Email - 708
959;اليوم لا يوجد فصل دراسي.;Legal Email - 709
960;أنا في مخزن تشيناي :);Legal Email - 710
961;أنت تقلب القرف الخاص بك حتى الآن؟;Legal Email - 711
962;هل أنا بهذا السوء لتجنب مثل هذا؟;Legal Email - 712
963;أنت في الجوار؟ استعدت سيارتي للتو;Legal Email - 713
964;مزعج أليس كذلك.;Legal Email - 714
965;ليس هناك فائدة للسيد ليس على حق إذا لم يكن يجعلك سعيدًا;Legal Email - 715
966;كل شيء سيأتي على قيد الحياة. أفضل تصحيح أي شخصية جيدة المظهر هناك نفسها ..;Legal Email - 716
967;في هذه الحالة أعتقد أنني سأراك في الحرم الجامعي;Legal Email - 717
968;لقد انتهينا...;Legal Email - 718
969;تعال إلى منزلي للمرة الأخيرة ولن أفعل أي شيء. ثق بي.;Legal Email - 719
970;كنت مستيقظًا طوال الليل قلقًا جدًا بشأن هذا التطبيق. إنه لأمر مخز أننا فوتنا ليلة فتيات مع الفشار ومسابقات وأنت تقوم بشعري.;Legal Email - 720
971;ما قاله ليس هو الأمر. رأيي أن هناك مسألة أخرى.;Legal Email - 721
972;كما يعرف عن قائمة الغداء دا فقط. . أنا أعرف;Legal Email - 722
973;كل ما يفعله هو أنين مني إذا حدث خطأ ما ، فهذا خطأي وكل الحجج هي خطئي وسئمت منه منه ، لذا عليك أن تزعجني؟ هاف 2go ، thanx.xx;Legal Email - 723
974;خلاف ذلك كان لديه وظيفة بدوام جزئي غير الرسوم الدراسية ..;Legal Email - 724
975;أنا أعلم أنها اتصلت بي;Legal Email - 725
976;أنا أيضا دا ، أشعر ليلة أمس انتظر حتى ليلة 2 يوم عزيزي.;Legal Email - 726
977;شكرا لتفهمك. كنت أحاول إخبار السورة بذلك.;Legal Email - 727
978;السيارة كلها تقدر الأخيرين! أبي ولديهم خريطة قراءة شبه حجة ولكن بصرف النظر عن أن الأمور تسير على ما يرام. ص.;Legal Email - 728
979;أريدك أن تكون بين ذراعي القويتين ...;Legal Email - 729
980;أيضا maaaan أنت في عداد المفقودين;Legal Email - 730
981;عيد ميلاده الحقيقي في أبريل.;Legal Email - 731
982;تخمين أنك لن تكون هنا قبل 9؟;Legal Email - 732
983;حسنًا ، سأعود إلى منزلك بعد نصف ساعة;Legal Email - 733
984;يو ، اللعبة على وشك الانتهاء؟ تريد الذهاب إلى وول مارت قريبا;Legal Email - 734
985;نعم ، على الأرجح ولكن غير متأكد. أخبرتك Ilol ، لكنني شخصياً لن أزعج نفسي ، ثم مرة أخرى إذا كنت ذاهبًا إلى ذلك الحين ، فأنا أيضًا!;Legal Email - 735
986;سوف أرسل رسالة نصية الآن! كل شيء مخيف مثل حتى لا يعتقد أننا نسينا;Legal Email - 736
987;سيكون ذلك جيدًا - سأتصل بك في وقت الغداء ، هل يمكنني تنظيم شيء ما؟;Legal Email - 737
988;اللعنة ، هل يمكنك فعل ذلك الليلة أم تريد الانتظار حتى الغد;Legal Email - 738
989;ك .. ك .. أنا أيضًا بخير :) متى ستكمل الدورة؟;Legal Email - 739
990;حقيقي. إنه مقبول. وإذا حصلت على درجة عالية وتقدمت للحصول على درجة الدكتوراه ، تحصل على راتب لمدة 5 سنوات. لذلك يجعل الحياة أسهل.;Legal Email - 740
991;براكش يعرف هناك.;Legal Email - 741
992;علمني التطبيقات da. عندما تأتي إلى الكلية.;Legal Email - 742
993;تستثمر Rofl betta في بعض منتجات مكافحة الشيخوخة;Legal Email - 743
994;سيدي ، لن تتلقى الحساب مرة أخرى. آسف للتأخير.;Legal Email - 744
995;إذن Ã¼ سوف يتم تقديم طقوس مشروع da tmr؟;Legal Email - 745
996;"أريد أن أرسل شيئًا يمكن بيعه بسرعة. العلامة & lt ؛ # & GT. ك ليس المال السهل.";Legal Email - 746
997;* عدد قليل من الأشياء للقيام بها. قد يكون في * حانة لاحقًا.;Legal Email - 747
998;1 إنهاء الاجتماع اتصل بي.;Legal Email - 748
999;لول طيب. سوف أخطف حقيبتها أيضا.;Legal Email - 749
1000;كم نحصل؟;Legal Email - 750
1001;هل ورقك في الصباح أم الخلف؟;Legal Email - 751
1002;عزيزي المرتاح من Westonzoyland ، جميعهم سيخططون لهذه الغاية أيضًا!;Legal Email - 752
1003;أتمنى أن يكون لديك فصل دراسي جديد رائع. هل أتمنى لك الأفضل. أنت خلقت من أجل العظمة.;Legal Email - 753
1004;أوه نعم يمكنني التحدث txt 2 u no! همم. هل تلقيت بريد إلكتروني؟;Legal Email - 754
1005;أريد أن أريك العالم يا أميرة :) ماذا عن أوروبا؟;Legal Email - 755
1006;لا أحد يستطيع أن يقرر أين يأكل وأبي يريد الصينية;Legal Email - 756
1007;لا تطلق النار علي. أنا في غرفة انتظار المستندات. : /;Legal Email - 757
1008;الآن؟ سأخرج 4 عشاء قريبا ..;Legal Email - 758
1009;مرحبا اي موقع لتحميل الاغاني من فضلك عاجل;Legal Email - 759
1010;أنا أعلم ما تعنيه ، هو ملك ليس له رصيد! أنا ذاهب الآن. ليلة ليلا حلوة! فقط 1 نوم أكثر!;Legal Email - 760
1011;غال الرهيبة. أنا في sch أفعل بعض الأشياء. كيف حصلت على ماجستير؟;Legal Email - 761
1012;اتصل بك لاحقا ، ليس لدي شبكة. إذا ملحة ، أرسل لي رسالة قصيرة.;Legal Email - 762
1013;اممممه العديد من العيد السعيد ليوم د عزيزي القلب الحلو .. عيد ميلاد سعيد عزيزي.;Legal Email - 763
1014;نعم ، كما لو سارت الأمور كما حدث مع أصدقائي ، فإن imma تقلب بلادي في غضون نصف ساعة;Legal Email - 764
1015;أمي تقول أننا نريد أن نذهب ثم نذهب ... ثم يمكنها تجنب معرض بيان ووتش دا جلاس ...;Legal Email - 765
1016;ما خطتك لبونغال؟;Legal Email - 766
1017;فقط انتظر حتى نهاية المسيرة عندما يحصل النينو على نفسه. أوه.;Legal Email - 767
1018;ليس chikku بعد .. ذاهب إلى الغرفة الآن ، أنا في الحافلة ..;Legal Email - 768
1019;كما أفعل في cbe فقط. ولكن يجب أن تدفع.;Legal Email - 769
1020;عزيزتي بوو أنا في عداد المفقودين.;Legal Email - 770
1021;يو ، أنا في الحصول على أموال والديّ. بشرى سارة: لقد اخترنا جذعًا صغيرًا;Legal Email - 771
1022;شكراً جزيلاً. عندما كتبنا سكايب مع kz و sura ، لم نكن سعداء بشركتك. أتمنى أن تكون بخير. لقد قدمنا ​​لك إنذارًا أخيرًا! نحن في العد التنازلي لأبورو. يتمتع!;Legal Email - 772
1023;نعم. لا واحة. فقط تذكر أن الصديق في حاجة ...;Legal Email - 773
1024;سأرى بعد نصف ساعة;Legal Email - 774
1025;"أنا في الاستماع الموسيقي الإمبراطوري 2 أغرب مسار على الإطلاق ""قاطع الأوراق جون"" - يبدو وكأنه حشرات تتعرض للتحرش وشخص سباك ، أعاد مزجها رجال أشرار على أسيد!";Legal Email - 775
1026;مرحبًا ، آسف ، لم أعطي صديقًا رائعًا ، لقد كنت فقط في السرير ولكن سوس اذهب 2 thepub l8tr إذا كان uwana mt up؟ تحميل luv Jenxxx.;Legal Email - 776
1027;بجد. أخبرها بهذه الكلمات الدقيقة الآن.;Legal Email - 777
1028;تي هه. انطلق للمحاضرة ، وداعا مبتهجا.;Legal Email - 778
1029;آسف تشيكو ، زنزانتي لديها بعض المشاكل ، لم أكن قادرًا على الرد عليك أو رسالة ش ..;Legal Email - 779
1030;إذا كنت لا تزال غير قادر على جمع العجين ، فيرجى إبلاغي بذلك حتى أتمكن من الذهاب إلى المكان الذي أرسلته للحصول على رقم التحكم;Legal Email - 780
1031;نعم...;Legal Email - 781
1032;اسمحوا لي أن أعرف كيفية الاتصال بك. لقد استقرت في غرفة. دعنا نعرف أنك بخير.;Legal Email - 782
1033;Wot u up 2 u غريب الأطوار؟;Legal Email - 783
1034;يمكن أن تفعل لور ...;Legal Email - 784
1035;لا تضع هاتفك في الوضع الصامت ، حسناً;Legal Email - 785
1036;هل يمكنني مقابلة Ã¼ في الساعة 5 .. ك 4 حيث يعتمد على مكان Ã¼ wan 2 في لور ..;Legal Email - 786
1037;في انتظار 4 بدء برنامجي التلفزيوني 2 ... U leh ما زلت مشغولًا بتقريرك؟;Legal Email - 787
1038;أوه هو. هل هذه هي المرة الأولى التي تستخدم فيها هذا النوع من الكلمات;Legal Email - 788
1039;هل أنا الوحيد الذي لا يطارد الملفات الشخصية؟;Legal Email - 789
1040;"اقتباس أخضر من أي وقت مضى قاله جيري في الرسوم المتحركة ""الشخص الذي يزعجك دائمًا هو الشخص الذي يحبك كثيرًا ولكنه يفشل في التعبير عنه ...! .. !! :-) :-) gud nyt";Legal Email - 790
1041;نعم كنت اعتقد ذلك. شكرًا.;Legal Email - 791
1042;ولكن إذا كانت تشرب ، فأنا بخير.;Legal Email - 792
1043;فقط أتساءل ، لقد أقلع الآخرون للتو;Legal Email - 793
1044;انتهى الليل ليوم آخر ، جاء الصباح بطريقة خاصة. قد تبتسم مثل أشعة الشمس وتترك همومك في الخليج الأزرق الأزرق. صباح الخير;Legal Email - 794
1045;ماذا تفعل كلبي؟ هل يجب أن أنتظر دائمًا حتى نهاية يومك لأتلقى كلمة منك؟ هل نفد الوقت في زنزانتك بالفعل؟;Legal Email - 795
1046;سنة جديدة سعيدة لك أيضا!;Legal Email - 796
1047;مرحبًا ... قدر كبير ... جولة المزرعة من الساعة 9 صباحًا حتى 5 مساءً 95 دولارًا لكل فرد ، إيداع 50 دولارًا بحلول 16 مايو;Legal Email - 797
1048;أكل ياب ، تحمل بعد محاضرتك ... Ãœ حصلت على محاضرة في الساعة 12.;Legal Email - 798
1049;مرحبا حبيبتي! رأيتك دخلت على الإنترنت لثانية ثم اختفيت ، ماذا حدث؟;Legal Email - 799
1050;دا تاريخ ميلادي في الشهادة في أبريل ولكن التاريخ الحقيقي هو اليوم. لكن لا تنشره. سأقدم لك معاملة خاصة إذا احتفظت بالسر. بأي حال من الأحوال شكرا على التمنيات;Legal Email - 800
1051;عيد ميلاد سعيد ... أتمنى أن تتحقق كل أحلامك ...;Legal Email - 801
1052;آية أنت بخير بالفعل لار. E nydc في Wheellock؟;Legal Email - 802
1053;أخبرها أنني قلت أكل القذارة.;Legal Email - 803
1054;بالتأكيد! أنا أقود السيارة لكني سأصل إلى وجهتي قريبًا.;Legal Email - 804
1055;K وأنا كذلك ، وكم ل 8؟ خمسون؟;Legal Email - 805
1056;رسالتك اليومية مني - خدمة هذه المرة;Legal Email - 806
1057;من الرائع أن تسمع أنك تستقر جيدًا. إذن ما الذي يحدث مع علا؟;Legal Email - 807
1058;هؤلاء الحقراء. إذا كان ذلك يجعلك تشعر بتحسن أجهزة iPad فهي عناصر جديدة للقمامة لا قيمة لها ويجب أن تشعر بالسوء حتى إذا كنت تريد واحدة;Legal Email - 808
1059;سأصل إلى لياو. قال تي شيرت.;Legal Email - 809
1060;لا أستطيع اختيار الهاتف الآن. الرجاء إرسال رسالة;Legal Email - 810
1061;يمينك! سأحدد الموعد الآن.;Legal Email - 811
1062;التعيين هو مطور برامج وقد تحصل على تشيناي :);Legal Email - 812
1063;أنا جوكين أوني لار .. Ãœ مشغول ثم سأفقد الإزعاج Ã¼.;Legal Email - 813
1064;حسنا كن حذرا ! لا ترسل رسائل نصية وتقود!;Legal Email - 814
1065;سأكون هناك دائمًا ، حتى لو كان ذلك في الروح فقط. سأحصل على ب ب قريبا. فقط أحاول التأكد من أنني بحاجة إليه.;Legal Email - 815
1066;أنت قريب جدًا من قلبي. إذا ذهبت بعيدا سوف تتحطم. ارجوك ابقى معي.;Legal Email - 816
1067;أنا أحبك 2 فاتنة! هل أنت متأكد من أن كل شيء على ما يرام. هل هو غبي؟ TXT باك بناتي;Legal Email - 817
1068;كيف أبت جعل بعض الصور أكبر؟;Legal Email - 818
1069;حصلت ولكن حصلت على لونين لور. أحد الألوان فاتح تمامًا والآخر أغمق. في الواقع لقد انتهيت من تصفيف شعري الآن.;Legal Email - 819
1070;لماذا لا شيء. حسنًا على أي حال أعطني علاجًا;Legal Email - 820
1071;نعم...;Legal Email - 821
1072;صحيح. اذا كيف كان العمل اليوم;Legal Email - 822
1073;فقط أرسل مرة أخرى. هل تصرخين وتئن في السرير ، يا أميرة؟;Legal Email - 823
1074;أستيقظ منذ فترة طويلة بالفعل ... دونو ، ما هو الشيء الآخر؟;Legal Email - 824
1075;أوه للتو حتى مع u .... u؟;Legal Email - 825
1076;أعتقد أن 50 shd يكون على ما يرام قال زائد ناقص 10 .. هل تركت سطرًا بين الفقرات؟;Legal Email - 826
1077;هل يمكنك الاتصال بي بلز. يظهر رقمك خارج منطقة التغطية. لدي دعوة إلحاح في vasai وأمبير. يجب أن تصل قبل الساعة 4'o لذا اتصل بي بلز;Legal Email - 827
1078;نعم جاي هو نوع من المتخلفين اللعين;Legal Email - 828
1079;آسف ، كان في الحمام ، سوب;Legal Email - 829
1080;امتحاني ليوم 4 فبراير. أتمنى لك يومًا سعيدًا.;Legal Email - 830
1081;لا أعرف ماذا أفعل للخروج من هذا ، لذلك أنا فقط أطرح أسئلة مثل هذه لا تخطئني.;Legal Email - 831
1082;لا داعي للاندفاع ، سأطلب جاي;Legal Email - 832
1083;صباح الخير من فضلك اتصل بي سيدي;Legal Email - 833
1084;لا بأس لار. انت تنام باكرا جدا ... نيت ...;Legal Email - 834
1085;أوه ... Icic ... K lor ، دن يجتمع في يوم آخر ...;Legal Email - 835
1086;أوه ! نصف ساعة أطول بكثير في سوريا من كندا ، إيه؟ واو يجب أن تنجز الكثير من العمل في يوم واحد أكثر مما ننجزه مع كل هذا الوقت الإضافي! * ابتسامات *;Legal Email - 836
1087;"في بعض الأحيان نضع الجدران حول قلوبنا ، ليس فقط لنكون في مأمن من التعرض للأذى .. ولكن لمعرفة من يهتم بما يكفي لكسر الجدران & amp؛ اقترب .. GOODNOON :)";Legal Email - 837
1088;حسنًا ، قد نذهب أو لا نذهب إلى 4U لمقابلة كارلوس لذا قم بقياس اهتمام باتي بذلك;Legal Email - 838
1089;ثم انها تشتري اليوم؟ لا داعي ل c meh ...;Legal Email - 839
1090;آسف لأني استغرقت عشر سنوات للاستحمام. ما هي الخطة؟;Legal Email - 840
1091;كل يوم إثنين .. الأسبوع القادم vl يكون مكتمل ..;Legal Email - 841
1092;ربما الفأس أنا هناك.;Legal Email - 842
1093;فقط استرخ لمدة 6 ساعات أخرى. إذا كنت تستطيع النوم ، فالألم ليس حالة طوارئ جراحية ، لذا انظر كيف تتكشف. تمام;Legal Email - 843
1094;نعم ، سأحاول استجواب شيء ما;Legal Email - 844
1095;مجنون ar انه متزوج. Ãœ مثل الرجال الذين ينظرون إلى gd وليس أنا. أصدقائي مثل يقولون إنه مفضل لـ korean leona ولكني أعتقد أنه كذلك. بعد بعض التفكير ربما سأذهب على الأرجح.;Legal Email - 845
1096;كنت في مكان ما في فريدريكسبيرغ;Legal Email - 846
1097;استمتع بوقتك أو شيء من هذا القبيل;Legal Email - 847
1098;هل لا بأس إذا بقيت الليلة هنا؟ كزافييه لديه كيس نوم وأنا أشعر بالتعب;Legal Email - 848
1099;هي لا تحتاج إلى أي اختبار.;Legal Email - 849
1100;لا شيء كثير ، تشيلي في المنزل. أي خطة سوبر بول؟;Legal Email - 850
1101;بوجيس أوسو بالقرب من وات ...;Legal Email - 851
1102;أنت لا توجد فئة tmrw أليس كذلك؟;Legal Email - 852
1103;دع قلبك يكون بوصلة أور عقل أور خريطة روحك دليل Ur ولن تخسر في العالم أبدًا .... gnun - مرسلة عبر WAY2SMS.COM;Legal Email - 853
1104;تصبح على خير ، النوم جيدا دا الرجاء الاعتناء pa. لو سمحت.;Legal Email - 854
1105;أنقل تحياتي إليه;Legal Email - 855
1106;يجب أن تقنعه أنه ليس من الممكن أن تؤذي شعوره بالأساس;Legal Email - 856
1107;مساء الخير يا حبيبتي! كيف حالك اليوم أي حظ يأتي في طريقك؟ أفكر فيك يا حلوتي وأرسل حبي عبر البحر لتجعلك تبتسم وسعيدة;Legal Email - 857
1108;إذا بدأت في إرسال Blackberry torch إلى نيجيريا ، فهل ستجد مشتريًا بالنسبة لي؟ مثل 4a month. وقل لأبي ألا يشتري بي بي من أي شخص أوه.;Legal Email - 858
1109;خمن يا صاح من الذي تم القبض عليه للتو في اليوم الآخر;Legal Email - 859
1110;ماذا يفعل نهر الرقص؟;Legal Email - 860
1111;مرحبًا ، سأكون متأخرًا جدًا ... هل تريد الذهاب إلى الدرس أولاً؟ سأنضم إليكم. أنا فقط أصل إلى tp mrt;Legal Email - 861
1112;شواء هذا جلس لي من 6ish. أهلا وسهلا بكم 2 تعال;Legal Email - 862
1113;لا أعرف ، نفس الشيء الذي يكون خاطئًا في كثير من الأحيان ، يبدأ بالذعر من نوبة ليست جيدة بما فيه الكفاية â € ¦;Legal Email - 863
1114;على ما يرام. أنا بالخارج - أتمنى لك ليلة سعيدة!;Legal Email - 864
1115;هل حاولت عمل مؤخرة أخرى.;Legal Email - 865
1116;أتمنى أن تشعر بشعور رائع. الرجاء ملء لي. أبيولا;Legal Email - 866
1117;على الرغم من أننا يجب أن نخرج ونستمتع ببعض المرح حتى في المدينة أو شيء ما - يبدو جيدًا؟;Legal Email - 867
1118;نحن مستعدون أخيرًا لمعلوماتك;Legal Email - 868
1119;العمة huai juan لا تلتقط هاتفها أبدًا;Legal Email - 869
1120;يا اقول ما مشكلتك.;Legal Email - 870
1121;"نقضي أيامنا ننتظر الطريق المثالي ليظهر أمامنا .. لكن ما ننساه هو .. ""الممرات تصنع بالمشي .. لا بالانتظار .."" ليلة سعيدة!";Legal Email - 871
1122;لا بأس في أن ذراعي تشعر بالضعف لأنني حصلت على رصاصة حتى نتمكن من الذهاب مرة أخرى;Legal Email - 872
1123;يرجى حجز التذكرة عشية السبت من تشيناي إلى ثيرونلفالي ومرة ​​أخرى من تيرونيلفالي إلى تشيناي عشية الأحد ... أرى بالفعل في الشبكة .. لا توجد تذكرة متاحة .. أريد حجز التذكرة من خلال معالجة ..;Legal Email - 873
1124;وهذا موافق. دخلت لأسأل عن شيء وقالت إنك دخلت. هل أنت في الجوار عندما تأتي هذه الفتاة؟;Legal Email - 874
1125;كل هذا أفضل 4 امتحان لاحقًا.;Legal Email - 875
1126;آمل ألا يضر رأسك كثيرًا! أنا أشق طريقي عبر كومة من الكي! البقاء في الليلة مع chinky يأتي جولة إذا كنت ترغب في ذلك.;Legal Email - 876
1127;أوه ، أعتقد أن معظم لاعبي wi و nz غير مباعين.;Legal Email - 877
1128;هاها ... أين فقدت الوزن بسرعة كبيرة ، ثك muz اذهب 4 شهرًا أصبح تأثيره ... جي ، بعد ذلك نذهب بعد ذلك إلى وضع الوزن.;Legal Email - 878
1129;أتساءل كيف دخلت على الإنترنت يا حبيبتي؟ هل ذهبت إلى مقهى الإنترنت؟ هل قمت بإعادة شحن هاتفك؟ هل كنت على شبكة الأصدقاء؟ أفكر فيك يا فتى;Legal Email - 879
1130;هاها مجرد مزاح ، أبي بحاجة إلى المخدرات;Legal Email - 880
1131;حسنا..;Legal Email - 881
1132;R هل ما زلنا نلتقي 4 عشاء الليلة؟;Legal Email - 882
1133;هذا بارد! أنا رجل وسأعاملك بكرامة واحترام.;Legal Email - 883
1134;هل أبدأ من السماع.;Legal Email - 884
1135;ثم ننتظر 4 u lor ... لا حاجة 2 أشعر بالسوء ...;Legal Email - 885
1136;لا هل تفحصت؟ تلقيت رسالته التفصيلية الآن;Legal Email - 886
1137;لا ، لقد قررت أن الأشخاص الذين يهتمون بالأشياء فقط هم من يصوتون ويهتمون بالأشياء هم الخاسرين;Legal Email - 887
1138;رائع. سنستمتع بممارسة صنع الأطفال!;Legal Email - 888
1139;في الواقع يستعد لمغادرة المنزل.;Legal Email - 889
1140;K..k..أي خاص اليوم؟;Legal Email - 890
1141;ثم علينا القيام بذلك بعد ذلك;Legal Email - 891
1142;لدي عشرة دولارات ، جاي لا يتحرك;Legal Email - 892
1143;أين كانوا جائعين أيضًا;Legal Email - 893
1144;الرجاء التحدث إلى هذا العميل machan.;Legal Email - 894
1145;"في مكان ما هناك تحت ضوء القمر الباهت ، يفكر شخص ما في بعض الأماكن حيث تتحقق الأحلام ... Goodnite & amp؛ أحلام جميلة";Legal Email - 895
1146;فما رأيك به وكيف أبت الشخصية؟;Legal Email - 896
1147;جاي يضحك ويخبرني أن س يمارس الجنس مع الحبال أثناء حديثنا;Legal Email - 897
1148;لا .. قبل ساعات قليلة ذهبت لقص الشعر.;Legal Email - 898
1149;لا عجب ... لأنني لم أشاهد سيارة فضية ... لكن أعتقد أنني رأيت سيارة سوداء ...;Legal Email - 899
1150;انفجرت من الضحك. خذ صورة و ارسلها لي;Legal Email - 900
1151;تحدث فقط عندما تشعر أن كلماتك أفضل من الصمت ... Gud mrng :-);Legal Email - 901
1152;لا ، إنها حاليًا في اسكتلندا من أجل ذلك.;Legal Email - 902
1153;هل تعمل طوال هذا الاسبوع؟;Legal Email - 903
1154;لول عظيم الآن أنا أشعر بالجوع.;Legal Email - 904
1155;نعم .. الآن فقط رأيت رسالتك ..;Legal Email - 905
1156;نعم...;Legal Email - 906
1157;"أخبرك بماذا ، إذا أنشأت جدول بيانات صغيرًا وتتبعت فكرة الشخص الذي يدخن كثيرًا لتحديد من ""يدخن كثيرًا"" طوال شهر فبراير ، فسأتحدث";Legal Email - 907
1158;لا تنظر إلى المبنى لأنه ليس لديك معطف ولا أريدك أن تمرض أكثر. فقط اسرع إلى المنزل وارتدي معطفاً في صالة الألعاب الرياضية !!!;Legal Email - 908
1159;"تفكيري الشخصي المؤلم - ""أحاول دائمًا إبقاء الجميع سعداء طوال الوقت. لكن لا أحد يعرفني عندما أكون بمفردي""";Legal Email - 909
1160;شكرا على تمنياتي الجميلة. انت صخرة;Legal Email - 910
1161;أنت شجاع لك! أتمنى لك وقتًا رائعًا وأراكما قريبًا.;Legal Email - 911
1162;طلبت من سين أن يأتي إلى تشيناي ويبحث عن عمل.;Legal Email - 912
1163;خرج أبي عريدي ...;Legal Email - 913
1164;آمل أن يكون صحيحًا أنني أفتقدني لأنني أفتقده حقًا! لم تفعل أي شيء لتشعر بالذنب تجاهه حتى الآن.;Legal Email - 914
1165;وات حتى وقت متأخر لا يزال مبكرا. أو نحن نذهب إلى 4 عشاء لور. آية أنا لا أعرف ...;Legal Email - 915
1166;الأسلحة بخير ، كيف حال كارديف وأوني؟;Legal Email - 916
1167;في الحقيقة متى تغادر؟ أعتقد أن آدي يعود إلى المدرسة أو يتزوج;Legal Email - 917
1168;"نسيم بارد ... شمس مشرقة ... زهرة نضرة ... طيور تغرد ... كل هؤلاء ينتظرون لأتمنى لك: ""صباح الخير وأتمنى لك يومًا لطيفًا"" :)";Legal Email - 918
1169;Ya :) الذهاب للمطعم ..;Legal Email - 919
1170;لا بأس. ، أنا فقط سألت هل كنت تعرف أنه لا؟;Legal Email - 920
1171;تلك الشنشيلة البط;Legal Email - 921
1172;أنا في وظيفة الزواج;Legal Email - 922
1173;يبدو أنك ستحصل على انطلاقة قوية ستغادر هنا حوالي 2.30 ثانية ولكن إذا كنت يائسًا من شركتي ، يمكنني التوجه مبكرًا - كنا ذاهبين للقاء رومر.;Legal Email - 923
1174;لا تعطِ القرود الطائرة التي يفكرون بها وأنا بالتأكيد لا أمانع. أي صديق لي وكل ذلك!;Legal Email - 924
1175;قل شكرا 2.;Legal Email - 925
1176;رسالة لي عندما يأتي راجيني.;Legal Email - 926
1177;يا! متى Ã¼ أخذ دروس عملية؟ أبدأ في يونيو ..;Legal Email - 927
1178;هذا جيد ، لأنني بحاجة إلى أدوية;Legal Email - 928
1179;Stupid.its غير ممكن;Legal Email - 929
1180;يمكن Ã¼ جميعًا أن تقرر بشكل أسرع لأن أختي ستذهب إلى المنزل يا لياو ..;Legal Email - 930
1181;أنت نائم الآن .. أم ستأخذه؟ هههه .. حصلت على spys wat .. أتحقق عبر الإنترنت من الرد على رسائل البريد ..;Legal Email - 931
1182;القتال مع العالم سهل ، إما أن تربح أو تخسر ، تقاتل مع بعض 1 القريب منك سيكون صعبًا إذا خسرت - تخسر إذا فزت - ما زلت تخسر.;Legal Email - 932
1183;نوعا ما. أول واحد يدخل في الثانية عشر! آآآه. تكلم تومو;Legal Email - 933
1184;حسنًا ، حسنًا ، ثم جئت لاحقًا لأجد Ã¼ ... محظوظًا قلت Ã¼ أن أذهب مبكرًا ... في وقت لاحق تأخذ pple النهاية Ã¼ لا أكثر مرة أخرى ...;Legal Email - 934
1185;وات يجعلك تعتقد أنني سوف أسقط. لكن في الواقع أعتقد أنني عرضة للسقوط 2. أبي محظوظ في المنزل أطلب منه أن يأتي لي يجلب لي بالفعل.;Legal Email - 935
1186;لن ألمسك بدون إذنك.;Legal Email - 936
1187;"7 عجائب في عالمي ، 7 أنت ، 6 ، أسلوب أور ، 5 ، ابتسامة أور ، شخصية أور الرابعة ، طبيعة أور الثالثة ، رسائل أور القصيرة الثانية ، و 1 ""صداقة جميلة أور"" ... صباح الخير عزيزي";Legal Email - 937
1188;خذ قرصًا بجرعة صغيرة للحمى;Legal Email - 938
1189;أوه. يجب أن تكون قد أخذت REAL Valentine للتسوق أولاً.;Legal Email - 939
1190;لقد أرسلت لك بريدًا إلكترونيًا للتو - إلى عنوان به incomm فيه ، هل هذا صحيح؟;Legal Email - 940
1191;هل ستفعل ، ستبقى في (بليك) طوال الليل؟ قد أكون قادرًا على الخروج من هنا مبكرًا بعض الشيء;Legal Email - 941
1192;الصداقة ليست لعبة نلعبها ، إنها ليست كلمة نقولها ، إنها لا تبدأ في مارس وتنتهي في مايو ، فهي غدًا ، وأمس ، واليوم ، وما إلى ذلك.;Legal Email - 942
1193;لطيف - جيد. انتظر ... هل يجب أن تراسل الآن؟ لن أدفع تذكرتك ، كما تعلم!;Legal Email - 943
1194;أنا أشاهد الكثير من الأمور. إذن أنت تريد أن تقابلني 4 عشاء في nite a لا؟;Legal Email - 944
1195;لماذا تبقيني بعيدًا هكذا;Legal Email - 945
1196;أعتقد أن الأمر أكثر من ذلك بكثير ولكن اكتشف ذلك. تحقق من خرائط جوجل للحصول على مكان من مسكنك.;Legal Email - 946
1197;كانت رحلتي جيدة ولكن متعبة للغاية. تبدأ Uni اليوم ولكن لا بأس في 4 لأنني لا آخذ أي وحدات ولكن أركز على مشروعي الأخير في العام.;Legal Email - 947
1198;هل كنت دائما تقول Welp؟;Legal Email - 948
1199;أنا شاب ، متصفح إجباري;Legal Email - 949
1200;نعم...;Legal Email - 950
1201;طهارة الصداقة بين الاثنين لا تتعلق بالابتسام بعد قراءة الرسالة المعاد توجيهها .. بل تتعلق بالابتسام بمجرد رؤية الاسم. جود ايفنج موشو;Legal Email - 951
1202;آسف سأتصل في وقت لاحق;Legal Email - 952
1203;(يجب أن أضيف أنني لا أهتم حقًا وإذا كنت لا تستطيع على الأقل أن أجعل هذا المتأنق ينفجر ولكن مهلا ، أموالك إذا كنت تريد ذلك);Legal Email - 953
1204;اهلا حبيبى! كيف حالك هذا العمل الجديد؟ هل أنت هناك الآن؟ هل أنت سعيد؟ هل تفكر بي؟ أستيقظ يا عبدي وأرسل لك قبلة غاضبة عبر البحر;Legal Email - 954
1205;قلت رقمك لجوثام ..;Legal Email - 955
1206;قل لهم لا داعي للتحقيق عني في أي مكان.;Legal Email - 956
1207;طيب انا juz تلقي ..;Legal Email - 957
1208;لا أصدق أنني قلت لك أشياء كثيرة هذا الصباح عندما كان كل ما أردت قوله هو صباح الخير ، أحبك! أتمنى لك صباح جميل. نراكم في المكتبة لاحقا.;Legal Email - 958
1209;في النهاية ربما لا تزال تتقيأ ولكن لا بأس. لن يخرج كل شيء.;Legal Email - 959
1210;كيف حالك بالمال ... كما في لك ... المال ليس شيئا .... كيف حالك!;Legal Email - 960
1211;كل شيء له علاقة بالطقس. حافظ على دفء إضافي. إنه بارد ولكن لا شيء خطير. الثابتة والمتنقلة الكثير من فيتامين ج;Legal Email - 961
1212;مرحبًا بنات .. أي شخص من يو ينزل إلى مركز القيادة e tmr؟;Legal Email - 962
1213;أنا دائما على ياهو ماسنجر الآن. ما عليك سوى إرسال الرسالة إليّ وسأحصل عليها ، وقد تضطر إلى إرسالها في وضع الهاتف المحمول ولكن سأحصل عليها. وسوف ترد.;Legal Email - 963
1214;"أنا أضعه الآن. يجب أن يكون جاهزًا لـ & lt؛ TIME & gt؛";Legal Email - 964
1215;الوقت n الابتسامة r أهم شيئين في حياتنا. أحيانًا يجعلنا الوقت ننسى الابتسام ، وأحيانًا تجعلنا ابتسامة شخص ما ننسى وقت الظهيرة;Legal Email - 965
1216;IDPS القائم على المضيف لأنظمة Linux.;Legal Email - 966
1217;"سأكون هناك على & lt؛ # & GT؛ نعم.";Legal Email - 967
1218;يا إلهي. أنا تقريبا المنزل;Legal Email - 968
1219;Wen ur loved bcums angry wid u ، dnt خذ الأمر على محمل الجد .. كوز أن تكون غاضبًا هو أكثر طفولية n الطريقة الحقيقية لإظهار المودة العميقة ، الرعاية n luv! .. kettoda manda ... أتمنى لك يومًا سعيدًا.;Legal Email - 969
1220;يبدو وكأنه شيء يقوله شخص ما يختبرني;Legal Email - 970
1221;عندما تحب شخصًا ما لا تجعله يحبك بقدر ما تحبه. لكن أحبهم كثيرًا لدرجة أنهم لا يريدون أن يحبهم أحد غيرك ... Gud nit.;Legal Email - 971
1222;بيت ، هل هذا هاتفك لا يزال؟ إنها جيني من الكلية ولين. ماذا تفعل الآن؟ :);Legal Email - 972
1223;عفوا آسف. فقط للتحقق من أنك لا تمانع في اصطحابي من المحطة في نصف الثامنة. هل ذلك سوف يكون على ما يرام؟;Legal Email - 973
1224;مرحبًا يا حلوة ، كنت أتساءل عندما يكون لديك لحظة إذا كنت ستأتي إلي؟ أرغب في إرسال ملف إلى شخص ما ولكنه لن يتجاوز yahoo بالنسبة لهم لأن اتصالهم سيء ، تذكر عندما أعددت تلك الصفحة لي للذهاب إلى قرص التنسيق وتنزيله؟ هل يمكن أن تخبرني كيف أفعل ذلك؟ أو هل تعرف طريقة أخرى لتنزيل الملفات الكبيرة؟ لأنه يمكنهم تنزيل الأشياء مباشرة من الإنترنت. أي مساعدة ستكون رائعة ، يا فريستي ... * قبلة إغاظة *;Legal Email - 974
1225;كيف البطل يغادر للتو غلاسكو!;Legal Email - 975
1226;ك :) كل خير :) مبروك ...;Legal Email - 976
1227;أتساءل عما إذا كنت ستحصل على هذا النص؟;Legal Email - 977
1228;أحتاج أن أعود إلى المنزل وأعطيك بعض الحب الجيد ...;Legal Email - 978
1229;هل أسأل شيئًا واحدًا إذا لم تخطئني.;Legal Email - 979
1230;تحقق من الهجاء الصحيح ، أي السخرية;Legal Email - 980
1231;هل أنت غاضب مني. ما اللذي حصل يا عزيزي;Legal Email - 981
1232;أعتقد أنك لم تفعل 2 تلميح في المنتدى الإلكتروني بالفعل ... لأنني أخبرت رون إن دارين سيذهب 2 أخبر shuhui.;Legal Email - 982
1233;نعم طيب شكرا ...;Legal Email - 983
1234;مرحبا :) موظف cts كيف حالك؟;Legal Email - 984
1235;الثابتة والمتنقلة معرفة من نايك العمة.;Legal Email - 985
1236;واو ... أحبك كثيرا ، هل تعلم؟ بالكاد استطيع تحمله ! أتساءل كيف يسير يومك وإذا كنت بخير يا حبي ... أفكر فيك وأفتقدك;Legal Email - 986
1237;ممنوع الصراخ يعني الصراخ ..;Legal Email - 987
1238;يا ما حدث دي. هل انت بخير.;Legal Email - 988
1239;هل يجب أن أحصل على إيصال أو شيء ما في وقت سابق;Legal Email - 989
1240;أعتقد أن تشيناي استقرت بشكل جيد؟;Legal Email - 990
1241;يا دانغ! لم أقصد إرسال ذلك لك! مضحك جداً!;Legal Email - 991
1242;لسوء الحظ ، اكتشفت للتو أنه يتعين علينا اصطحاب أختي من المطار في ذلك المساء ، لذا لا أعتقد أنني سأخرج على الإطلاق. يجب أن نحاول الخروج من أحد;Legal Email - 992
1243;الرهيب فرنك بلجيكي ... أنا الآن v جائع ...;Legal Email - 993
1244;تذكر في ذلك اليوم ..;Legal Email - 994
1245;كيف تشعر؟ السيد الخاص بك ليس بلدي عيد الحب الحقيقي فقط بلدي عيد الحب حتى لو كنت بالكاد تلعب !!;Legal Email - 995
1246;يبدو كل شيء على ما يرام. أصابع. يجعل من الصعب الكتابة;Legal Email - 996
1247;منتصف الليل على أقرب تقدير;Legal Email - 997
1248;لست متأكدًا من أنني لا أحاول جعل xavier يدخن لأنني لا أريد أن أدخن بعد أن قيل لي إنني أدخن كثيرًا؟;Legal Email - 998
1249;K تعال إلى نوردستروم عندما تنتهي;Legal Email - 999
1250;الآن مؤتمر صحفي دا :);Legal Email - 1000
